2026-01-04 17:36:58 [::1][5][o5lbi15b66g6q8him0ejmjvb77][error][yii\base\UnknownPropertyException] yii\base\UnknownPropertyException: Getting unknown property: common\models\FotosMemorias::fotos in C:\wamp64\www\tripplan-web\tripplan\vendor\yiisoft\yii2\base\Component.php:154
Stack trace:
#0 C:\wamp64\www\tripplan-web\tripplan\vendor\yiisoft\yii2\db\BaseActiveRecord.php(296): yii\base\Component->__get('fotos')
#1 C:\wamp64\www\tripplan-web\tripplan\frontend\views\plano-viagem\view.php(220): yii\db\BaseActiveRecord->__get('fotos')
#2 C:\wamp64\www\tripplan-web\tripplan\vendor\yiisoft\yii2\base\View.php(348): require('C:\\wamp64\\www\\t...')
#3 C:\wamp64\www\tripplan-web\tripplan\vendor\yiisoft\yii2\base\View.php(258): yii\base\View->renderPhpFile('C:\\wamp64\\www\\t...', Array)
#4 C:\wamp64\www\tripplan-web\tripplan\vendor\yiisoft\yii2\base\View.php(157): yii\base\View->renderFile('C:\\wamp64\\www\\t...', Array, Object(frontend\controllers\PlanoViagemController))
#5 C:\wamp64\www\tripplan-web\tripplan\vendor\yiisoft\yii2\base\Controller.php(413): yii\base\View->render('view', Array, Object(frontend\controllers\PlanoViagemController))
#6 C:\wamp64\www\tripplan-web\tripplan\frontend\controllers\PlanoViagemController.php(92): yii\base\Controller->render('view', Array)
#7 [internal function]: frontend\controllers\PlanoViagemController->actionView('16')
#8 C:\wamp64\www\tripplan-web\tripplan\vendor\yiisoft\yii2\base\InlineAction.php(60): call_user_func_array(Array, Array)
#9 C:\wamp64\www\tripplan-web\tripplan\vendor\yiisoft\yii2\base\Controller.php(184): yii\base\InlineAction->runWithParams(Array)
#10 C:\wamp64\www\tripplan-web\tripplan\vendor\yiisoft\yii2\base\Module.php(555): yii\base\Controller->runAction('view', Array)
#11 C:\wamp64\www\tripplan-web\tripplan\vendor\yiisoft\yii2\web\Application.php(103): yii\base\Module->runAction('plano-viagem/vi...', Array)
#12 C:\wamp64\www\tripplan-web\tripplan\vendor\yiisoft\yii2\base\Application.php(387): yii\web\Application->handleRequest(Object(yii\web\Request))
#13 C:\wamp64\www\tripplan-web\tripplan\frontend\web\index.php(18): yii\base\Application->run()
#14 {main}
2026-01-04 17:36:58 [::1][5][o5lbi15b66g6q8him0ejmjvb77][info][application] $_GET = [
    'id' => '16'
]

$_POST = []

$_FILES = []

$_COOKIE = [
    'Phpstorm-103aa988' => 'bf38dfb5-04b5-4849-a933-fbc4e7b3e27f'
    '_identity-backend' => '0056de632f8441a62c024e0c9bb0151a886f02adf425d5dba02a7dc6230a64f2a:2:{i:0;s:17:\"_identity-backend\";i:1;s:46:\"[8,\"F8iSIrBPc2WeseOIPDgZsgsdkTU2Ufqt\",2592000]\";}'
    'sidebar-collapse' => 'false'
    '_identity-frontend' => '01aebbe17af5cf269d57ad8fa9d7b0a3e66d6e5403c26ad0936cf8e478f1a3dca:2:{i:0;s:18:\"_identity-frontend\";i:1;s:46:\"[5,\"XtQljr3I7zzomKmcSywhu1fSRKmNTnWE\",2592000]\";}'
    'advanced-frontend' => 'o5lbi15b66g6q8him0ejmjvb77'
    '_csrf-frontend' => '2baa5d6f1f5b5b7ed04f94dc3487fdfca6597a2edb41ad6d94fc2deac8eddf58a:2:{i:0;s:14:\"_csrf-frontend\";i:1;s:32:\"Z0LZ5kyEoGcN18SfCHCRLULHehAGRwoG\";}'
    'advanced-backend' => 'u7a3tt9psa76mcfpnoi7mm5von'
    '_csrf-backend' => '319b23a394cc7b30b6e103301d35670f7f5759f821af35b7846e96429d15d963a:2:{i:0;s:13:\"_csrf-backend\";i:1;s:32:\"A_wVpiWq6w5HO4U62J4kK4ZM-YpOk18q\";}'
]

$_SESSION = [
    '__flash' => [
        'success' => -1
    ]
    '__id' => 5
    '__authKey' => 'XtQljr3I7zzomKmcSywhu1fSRKmNTnWE'
    'success' => 'Adicionado aos Favoritos'
]

$_SERVER = [
    'REDIRECT_STATUS' => '200'
    'HTTP_HOST' => 'localhost'
    'HTTP_CONNECTION' => 'keep-alive'
    'HTTP_CACHE_CONTROL' => 'max-age=0'
    'HTTP_SEC_CH_UA' => '\"Google Chrome\";v=\"143\", \"Chromium\";v=\"143\", \"Not A(Brand\";v=\"24\"'
    'HTTP_SEC_CH_UA_MOBILE' => '?0'
    'HTTP_SEC_CH_UA_PLATFORM' => '\"Windows\"'
    'HTTP_UPGRADE_INSECURE_REQUESTS' => '1'
    'HTTP_USER_AGENT' => 'Mozilla/5.0 (Windows NT 10.0; Win64; x64) AppleWebKit/537.36 (KHTML, like Gecko) Chrome/143.0.0.0 Safari/537.36'
    'HTTP_ACCEPT' => 'text/html,application/xhtml+xml,application/xml;q=0.9,image/avif,image/webp,image/apng,*/*;q=0.8,application/signed-exchange;v=b3;q=0.7'
    'HTTP_SEC_FETCH_SITE' => 'same-origin'
    'HTTP_SEC_FETCH_MODE' => 'navigate'
    'HTTP_SEC_FETCH_USER' => '?1'
    'HTTP_SEC_FETCH_DEST' => 'document'
    'HTTP_REFERER' => 'http://localhost/tripplan-web/tripplan/frontend/web/fotos-memorias/create?plano_id=16'
    'HTTP_ACCEPT_ENCODING' => 'gzip, deflate, br, zstd'
    'HTTP_ACCEPT_LANGUAGE' => 'pt-PT,pt;q=0.9,en-US;q=0.8,en;q=0.7'
    'HTTP_COOKIE' => 'Phpstorm-103aa988=bf38dfb5-04b5-4849-a933-fbc4e7b3e27f; _identity-backend=0056de632f8441a62c024e0c9bb0151a886f02adf425d5dba02a7dc6230a64f2a%3A2%3A%7Bi%3A0%3Bs%3A17%3A%22_identity-backend%22%3Bi%3A1%3Bs%3A46%3A%22%5B8%2C%22F8iSIrBPc2WeseOIPDgZsgsdkTU2Ufqt%22%2C2592000%5D%22%3B%7D; sidebar-collapse=false; _identity-frontend=01aebbe17af5cf269d57ad8fa9d7b0a3e66d6e5403c26ad0936cf8e478f1a3dca%3A2%3A%7Bi%3A0%3Bs%3A18%3A%22_identity-frontend%22%3Bi%3A1%3Bs%3A46%3A%22%5B5%2C%22XtQljr3I7zzomKmcSywhu1fSRKmNTnWE%22%2C2592000%5D%22%3B%7D; advanced-frontend=o5lbi15b66g6q8him0ejmjvb77; _csrf-frontend=2baa5d6f1f5b5b7ed04f94dc3487fdfca6597a2edb41ad6d94fc2deac8eddf58a%3A2%3A%7Bi%3A0%3Bs%3A14%3A%22_csrf-frontend%22%3Bi%3A1%3Bs%3A32%3A%22Z0LZ5kyEoGcN18SfCHCRLULHehAGRwoG%22%3B%7D; advanced-backend=u7a3tt9psa76mcfpnoi7mm5von; _csrf-backend=319b23a394cc7b30b6e103301d35670f7f5759f821af35b7846e96429d15d963a%3A2%3A%7Bi%3A0%3Bs%3A13%3A%22_csrf-backend%22%3Bi%3A1%3Bs%3A32%3A%22A_wVpiWq6w5HO4U62J4kK4ZM-YpOk18q%22%3B%7D'
    'PATH' => 'C:\\Program Files\\Common Files\\Oracle\\Java\\javapath;C:\\Program Files (x86)\\NVIDIA Corporation\\PhysX\\Common;C:\\WINDOWS\\system32;C:\\WINDOWS;C:\\WINDOWS\\System32\\Wbem;C:\\WINDOWS\\System32\\WindowsPowerShell\\v1.0\\;C:\\WINDOWS\\System32\\OpenSSH\\;C:\\msys64\\ucrt64\\bin;C:\\Program Files\\Microsoft SQL Server\\150\\Tools\\Binn\\;C:\\Program Files\\dotnet\\;C:\\Program Files\\Microsoft SQL Server\\Client SDK\\ODBC\\170\\Tools\\Binn\\;C:\\wamp64\\bin\\php\\php8.1.31;C:\\ProgramData\\ComposerSetup\\bin;C:\\Program Files\\Git\\cmd;C:\\WINDOWS\\system32\\config\\systemprofile\\AppData\\Local\\Microsoft\\WindowsApps'
    'SystemRoot' => 'C:\\WINDOWS'
    'COMSPEC' => 'C:\\WINDOWS\\system32\\cmd.exe'
    'PATHEXT' => '.COM;.EXE;.BAT;.CMD;.VBS;.VBE;.JS;.JSE;.WSF;.WSH;.MSC'
    'WINDIR' => 'C:\\WINDOWS'
    'SERVER_SIGNATURE' => '<address>Apache/2.4.62 (Win64) PHP/8.1.31 mod_fcgid/2.3.10-dev Server at localhost Port 80</address>
'
    'SERVER_SOFTWARE' => 'Apache/2.4.62 (Win64) PHP/8.1.31 mod_fcgid/2.3.10-dev'
    'SERVER_NAME' => 'localhost'
    'SERVER_ADDR' => '::1'
    'SERVER_PORT' => '80'
    'REMOTE_ADDR' => '::1'
    'DOCUMENT_ROOT' => 'C:/wamp64/www'
    'REQUEST_SCHEME' => 'http'
    'CONTEXT_PREFIX' => ''
    'CONTEXT_DOCUMENT_ROOT' => 'C:/wamp64/www'
    'SERVER_ADMIN' => 'wampserver@wampserver.invalid'
    'SCRIPT_FILENAME' => 'C:/wamp64/www/tripplan-web/tripplan/frontend/web/index.php'
    'REMOTE_PORT' => '60750'
    'REDIRECT_URL' => '/tripplan-web/tripplan/frontend/web/plano-viagem/view'
    'REDIRECT_QUERY_STRING' => 'id=16'
    'GATEWAY_INTERFACE' => 'CGI/1.1'
    'SERVER_PROTOCOL' => 'HTTP/1.1'
    'REQUEST_METHOD' => 'GET'
    'QUERY_STRING' => 'id=16'
    'REQUEST_URI' => '/tripplan-web/tripplan/frontend/web/plano-viagem/view?id=16'
    'SCRIPT_NAME' => '/tripplan-web/tripplan/frontend/web/index.php'
    'PHP_SELF' => '/tripplan-web/tripplan/frontend/web/index.php'
    'REQUEST_TIME_FLOAT' => 1767548218.6976
    'REQUEST_TIME' => 1767548218
]
2026-01-04 17:38:49 [::1][5][o5lbi15b66g6q8him0ejmjvb77][error][yii\base\UnknownPropertyException] yii\base\UnknownPropertyException: Getting unknown property: common\models\FotosMemorias::fotos in C:\wamp64\www\tripplan-web\tripplan\vendor\yiisoft\yii2\base\Component.php:154
Stack trace:
#0 C:\wamp64\www\tripplan-web\tripplan\vendor\yiisoft\yii2\db\BaseActiveRecord.php(296): yii\base\Component->__get('fotos')
#1 C:\wamp64\www\tripplan-web\tripplan\frontend\views\plano-viagem\view.php(220): yii\db\BaseActiveRecord->__get('fotos')
#2 C:\wamp64\www\tripplan-web\tripplan\vendor\yiisoft\yii2\base\View.php(348): require('C:\\wamp64\\www\\t...')
#3 C:\wamp64\www\tripplan-web\tripplan\vendor\yiisoft\yii2\base\View.php(258): yii\base\View->renderPhpFile('C:\\wamp64\\www\\t...', Array)
#4 C:\wamp64\www\tripplan-web\tripplan\vendor\yiisoft\yii2\base\View.php(157): yii\base\View->renderFile('C:\\wamp64\\www\\t...', Array, Object(frontend\controllers\PlanoViagemController))
#5 C:\wamp64\www\tripplan-web\tripplan\vendor\yiisoft\yii2\base\Controller.php(413): yii\base\View->render('view', Array, Object(frontend\controllers\PlanoViagemController))
#6 C:\wamp64\www\tripplan-web\tripplan\frontend\controllers\PlanoViagemController.php(92): yii\base\Controller->render('view', Array)
#7 [internal function]: frontend\controllers\PlanoViagemController->actionView('16')
#8 C:\wamp64\www\tripplan-web\tripplan\vendor\yiisoft\yii2\base\InlineAction.php(60): call_user_func_array(Array, Array)
#9 C:\wamp64\www\tripplan-web\tripplan\vendor\yiisoft\yii2\base\Controller.php(184): yii\base\InlineAction->runWithParams(Array)
#10 C:\wamp64\www\tripplan-web\tripplan\vendor\yiisoft\yii2\base\Module.php(555): yii\base\Controller->runAction('view', Array)
#11 C:\wamp64\www\tripplan-web\tripplan\vendor\yiisoft\yii2\web\Application.php(103): yii\base\Module->runAction('plano-viagem/vi...', Array)
#12 C:\wamp64\www\tripplan-web\tripplan\vendor\yiisoft\yii2\base\Application.php(387): yii\web\Application->handleRequest(Object(yii\web\Request))
#13 C:\wamp64\www\tripplan-web\tripplan\frontend\web\index.php(18): yii\base\Application->run()
#14 {main}
2026-01-04 17:38:49 [::1][5][o5lbi15b66g6q8him0ejmjvb77][info][application] $_GET = [
    'id' => '16'
]

$_POST = []

$_FILES = []

$_COOKIE = [
    'Phpstorm-103aa988' => 'bf38dfb5-04b5-4849-a933-fbc4e7b3e27f'
    '_identity-backend' => '0056de632f8441a62c024e0c9bb0151a886f02adf425d5dba02a7dc6230a64f2a:2:{i:0;s:17:\"_identity-backend\";i:1;s:46:\"[8,\"F8iSIrBPc2WeseOIPDgZsgsdkTU2Ufqt\",2592000]\";}'
    'sidebar-collapse' => 'false'
    '_identity-frontend' => '01aebbe17af5cf269d57ad8fa9d7b0a3e66d6e5403c26ad0936cf8e478f1a3dca:2:{i:0;s:18:\"_identity-frontend\";i:1;s:46:\"[5,\"XtQljr3I7zzomKmcSywhu1fSRKmNTnWE\",2592000]\";}'
    'advanced-frontend' => 'o5lbi15b66g6q8him0ejmjvb77'
    '_csrf-frontend' => '2baa5d6f1f5b5b7ed04f94dc3487fdfca6597a2edb41ad6d94fc2deac8eddf58a:2:{i:0;s:14:\"_csrf-frontend\";i:1;s:32:\"Z0LZ5kyEoGcN18SfCHCRLULHehAGRwoG\";}'
    'advanced-backend' => 'u7a3tt9psa76mcfpnoi7mm5von'
    '_csrf-backend' => '319b23a394cc7b30b6e103301d35670f7f5759f821af35b7846e96429d15d963a:2:{i:0;s:13:\"_csrf-backend\";i:1;s:32:\"A_wVpiWq6w5HO4U62J4kK4ZM-YpOk18q\";}'
]

$_SESSION = [
    '__flash' => [
        'success' => -1
    ]
    '__id' => 5
    '__authKey' => 'XtQljr3I7zzomKmcSywhu1fSRKmNTnWE'
    'success' => 'Adicionado aos Favoritos'
]

$_SERVER = [
    'REDIRECT_STATUS' => '200'
    'HTTP_HOST' => 'localhost'
    'HTTP_CONNECTION' => 'keep-alive'
    'HTTP_CACHE_CONTROL' => 'max-age=0'
    'HTTP_SEC_CH_UA' => '\"Google Chrome\";v=\"143\", \"Chromium\";v=\"143\", \"Not A(Brand\";v=\"24\"'
    'HTTP_SEC_CH_UA_MOBILE' => '?0'
    'HTTP_SEC_CH_UA_PLATFORM' => '\"Windows\"'
    'HTTP_UPGRADE_INSECURE_REQUESTS' => '1'
    'HTTP_USER_AGENT' => 'Mozilla/5.0 (Windows NT 10.0; Win64; x64) AppleWebKit/537.36 (KHTML, like Gecko) Chrome/143.0.0.0 Safari/537.36'
    'HTTP_ACCEPT' => 'text/html,application/xhtml+xml,application/xml;q=0.9,image/avif,image/webp,image/apng,*/*;q=0.8,application/signed-exchange;v=b3;q=0.7'
    'HTTP_SEC_FETCH_SITE' => 'same-origin'
    'HTTP_SEC_FETCH_MODE' => 'navigate'
    'HTTP_SEC_FETCH_USER' => '?1'
    'HTTP_SEC_FETCH_DEST' => 'document'
    'HTTP_REFERER' => 'http://localhost/tripplan-web/tripplan/frontend/web/fotos-memorias/create?plano_id=16'
    'HTTP_ACCEPT_ENCODING' => 'gzip, deflate, br, zstd'
    'HTTP_ACCEPT_LANGUAGE' => 'pt-PT,pt;q=0.9,en-US;q=0.8,en;q=0.7'
    'HTTP_COOKIE' => 'Phpstorm-103aa988=bf38dfb5-04b5-4849-a933-fbc4e7b3e27f; _identity-backend=0056de632f8441a62c024e0c9bb0151a886f02adf425d5dba02a7dc6230a64f2a%3A2%3A%7Bi%3A0%3Bs%3A17%3A%22_identity-backend%22%3Bi%3A1%3Bs%3A46%3A%22%5B8%2C%22F8iSIrBPc2WeseOIPDgZsgsdkTU2Ufqt%22%2C2592000%5D%22%3B%7D; sidebar-collapse=false; _identity-frontend=01aebbe17af5cf269d57ad8fa9d7b0a3e66d6e5403c26ad0936cf8e478f1a3dca%3A2%3A%7Bi%3A0%3Bs%3A18%3A%22_identity-frontend%22%3Bi%3A1%3Bs%3A46%3A%22%5B5%2C%22XtQljr3I7zzomKmcSywhu1fSRKmNTnWE%22%2C2592000%5D%22%3B%7D; advanced-frontend=o5lbi15b66g6q8him0ejmjvb77; _csrf-frontend=2baa5d6f1f5b5b7ed04f94dc3487fdfca6597a2edb41ad6d94fc2deac8eddf58a%3A2%3A%7Bi%3A0%3Bs%3A14%3A%22_csrf-frontend%22%3Bi%3A1%3Bs%3A32%3A%22Z0LZ5kyEoGcN18SfCHCRLULHehAGRwoG%22%3B%7D; advanced-backend=u7a3tt9psa76mcfpnoi7mm5von; _csrf-backend=319b23a394cc7b30b6e103301d35670f7f5759f821af35b7846e96429d15d963a%3A2%3A%7Bi%3A0%3Bs%3A13%3A%22_csrf-backend%22%3Bi%3A1%3Bs%3A32%3A%22A_wVpiWq6w5HO4U62J4kK4ZM-YpOk18q%22%3B%7D'
    'PATH' => 'C:\\Program Files\\Common Files\\Oracle\\Java\\javapath;C:\\Program Files (x86)\\NVIDIA Corporation\\PhysX\\Common;C:\\WINDOWS\\system32;C:\\WINDOWS;C:\\WINDOWS\\System32\\Wbem;C:\\WINDOWS\\System32\\WindowsPowerShell\\v1.0\\;C:\\WINDOWS\\System32\\OpenSSH\\;C:\\msys64\\ucrt64\\bin;C:\\Program Files\\Microsoft SQL Server\\150\\Tools\\Binn\\;C:\\Program Files\\dotnet\\;C:\\Program Files\\Microsoft SQL Server\\Client SDK\\ODBC\\170\\Tools\\Binn\\;C:\\wamp64\\bin\\php\\php8.1.31;C:\\ProgramData\\ComposerSetup\\bin;C:\\Program Files\\Git\\cmd;C:\\WINDOWS\\system32\\config\\systemprofile\\AppData\\Local\\Microsoft\\WindowsApps'
    'SystemRoot' => 'C:\\WINDOWS'
    'COMSPEC' => 'C:\\WINDOWS\\system32\\cmd.exe'
    'PATHEXT' => '.COM;.EXE;.BAT;.CMD;.VBS;.VBE;.JS;.JSE;.WSF;.WSH;.MSC'
    'WINDIR' => 'C:\\WINDOWS'
    'SERVER_SIGNATURE' => '<address>Apache/2.4.62 (Win64) PHP/8.1.31 mod_fcgid/2.3.10-dev Server at localhost Port 80</address>
'
    'SERVER_SOFTWARE' => 'Apache/2.4.62 (Win64) PHP/8.1.31 mod_fcgid/2.3.10-dev'
    'SERVER_NAME' => 'localhost'
    'SERVER_ADDR' => '::1'
    'SERVER_PORT' => '80'
    'REMOTE_ADDR' => '::1'
    'DOCUMENT_ROOT' => 'C:/wamp64/www'
    'REQUEST_SCHEME' => 'http'
    'CONTEXT_PREFIX' => ''
    'CONTEXT_DOCUMENT_ROOT' => 'C:/wamp64/www'
    'SERVER_ADMIN' => 'wampserver@wampserver.invalid'
    'SCRIPT_FILENAME' => 'C:/wamp64/www/tripplan-web/tripplan/frontend/web/index.php'
    'REMOTE_PORT' => '60775'
    'REDIRECT_URL' => '/tripplan-web/tripplan/frontend/web/plano-viagem/view'
    'REDIRECT_QUERY_STRING' => 'id=16'
    'GATEWAY_INTERFACE' => 'CGI/1.1'
    'SERVER_PROTOCOL' => 'HTTP/1.1'
    'REQUEST_METHOD' => 'GET'
    'QUERY_STRING' => 'id=16'
    'REQUEST_URI' => '/tripplan-web/tripplan/frontend/web/plano-viagem/view?id=16'
    'SCRIPT_NAME' => '/tripplan-web/tripplan/frontend/web/index.php'
    'PHP_SELF' => '/tripplan-web/tripplan/frontend/web/index.php'
    'REQUEST_TIME_FLOAT' => 1767548328.9412
    'REQUEST_TIME' => 1767548328
]
2026-01-04 17:38:49 [::1][5][o5lbi15b66g6q8him0ejmjvb77][error][yii\base\UnknownPropertyException] yii\base\UnknownPropertyException: Getting unknown property: common\models\FotosMemorias::fotos in C:\wamp64\www\tripplan-web\tripplan\vendor\yiisoft\yii2\base\Component.php:154
Stack trace:
#0 C:\wamp64\www\tripplan-web\tripplan\vendor\yiisoft\yii2\db\BaseActiveRecord.php(296): yii\base\Component->__get('fotos')
#1 C:\wamp64\www\tripplan-web\tripplan\frontend\views\plano-viagem\view.php(220): yii\db\BaseActiveRecord->__get('fotos')
#2 C:\wamp64\www\tripplan-web\tripplan\vendor\yiisoft\yii2\base\View.php(348): require('C:\\wamp64\\www\\t...')
#3 C:\wamp64\www\tripplan-web\tripplan\vendor\yiisoft\yii2\base\View.php(258): yii\base\View->renderPhpFile('C:\\wamp64\\www\\t...', Array)
#4 C:\wamp64\www\tripplan-web\tripplan\vendor\yiisoft\yii2\base\View.php(157): yii\base\View->renderFile('C:\\wamp64\\www\\t...', Array, Object(frontend\controllers\PlanoViagemController))
#5 C:\wamp64\www\tripplan-web\tripplan\vendor\yiisoft\yii2\base\Controller.php(413): yii\base\View->render('view', Array, Object(frontend\controllers\PlanoViagemController))
#6 C:\wamp64\www\tripplan-web\tripplan\frontend\controllers\PlanoViagemController.php(92): yii\base\Controller->render('view', Array)
#7 [internal function]: frontend\controllers\PlanoViagemController->actionView('16')
#8 C:\wamp64\www\tripplan-web\tripplan\vendor\yiisoft\yii2\base\InlineAction.php(60): call_user_func_array(Array, Array)
#9 C:\wamp64\www\tripplan-web\tripplan\vendor\yiisoft\yii2\base\Controller.php(184): yii\base\InlineAction->runWithParams(Array)
#10 C:\wamp64\www\tripplan-web\tripplan\vendor\yiisoft\yii2\base\Module.php(555): yii\base\Controller->runAction('view', Array)
#11 C:\wamp64\www\tripplan-web\tripplan\vendor\yiisoft\yii2\web\Application.php(103): yii\base\Module->runAction('plano-viagem/vi...', Array)
#12 C:\wamp64\www\tripplan-web\tripplan\vendor\yiisoft\yii2\base\Application.php(387): yii\web\Application->handleRequest(Object(yii\web\Request))
#13 C:\wamp64\www\tripplan-web\tripplan\frontend\web\index.php(18): yii\base\Application->run()
#14 {main}
2026-01-04 17:38:49 [::1][5][o5lbi15b66g6q8him0ejmjvb77][info][application] $_GET = [
    'id' => '16'
]

$_POST = []

$_FILES = []

$_COOKIE = [
    'Phpstorm-103aa988' => 'bf38dfb5-04b5-4849-a933-fbc4e7b3e27f'
    '_identity-backend' => '0056de632f8441a62c024e0c9bb0151a886f02adf425d5dba02a7dc6230a64f2a:2:{i:0;s:17:\"_identity-backend\";i:1;s:46:\"[8,\"F8iSIrBPc2WeseOIPDgZsgsdkTU2Ufqt\",2592000]\";}'
    'sidebar-collapse' => 'false'
    '_identity-frontend' => '01aebbe17af5cf269d57ad8fa9d7b0a3e66d6e5403c26ad0936cf8e478f1a3dca:2:{i:0;s:18:\"_identity-frontend\";i:1;s:46:\"[5,\"XtQljr3I7zzomKmcSywhu1fSRKmNTnWE\",2592000]\";}'
    'advanced-frontend' => 'o5lbi15b66g6q8him0ejmjvb77'
    '_csrf-frontend' => '2baa5d6f1f5b5b7ed04f94dc3487fdfca6597a2edb41ad6d94fc2deac8eddf58a:2:{i:0;s:14:\"_csrf-frontend\";i:1;s:32:\"Z0LZ5kyEoGcN18SfCHCRLULHehAGRwoG\";}'
    'advanced-backend' => 'u7a3tt9psa76mcfpnoi7mm5von'
    '_csrf-backend' => '319b23a394cc7b30b6e103301d35670f7f5759f821af35b7846e96429d15d963a:2:{i:0;s:13:\"_csrf-backend\";i:1;s:32:\"A_wVpiWq6w5HO4U62J4kK4ZM-YpOk18q\";}'
]

$_SESSION = [
    '__flash' => [
        'success' => -1
    ]
    '__id' => 5
    '__authKey' => 'XtQljr3I7zzomKmcSywhu1fSRKmNTnWE'
    'success' => 'Adicionado aos Favoritos'
]

$_SERVER = [
    'REDIRECT_STATUS' => '200'
    'HTTP_HOST' => 'localhost'
    'HTTP_CONNECTION' => 'keep-alive'
    'HTTP_CACHE_CONTROL' => 'max-age=0'
    'HTTP_SEC_CH_UA' => '\"Google Chrome\";v=\"143\", \"Chromium\";v=\"143\", \"Not A(Brand\";v=\"24\"'
    'HTTP_SEC_CH_UA_MOBILE' => '?0'
    'HTTP_SEC_CH_UA_PLATFORM' => '\"Windows\"'
    'HTTP_UPGRADE_INSECURE_REQUESTS' => '1'
    'HTTP_USER_AGENT' => 'Mozilla/5.0 (Windows NT 10.0; Win64; x64) AppleWebKit/537.36 (KHTML, like Gecko) Chrome/143.0.0.0 Safari/537.36'
    'HTTP_ACCEPT' => 'text/html,application/xhtml+xml,application/xml;q=0.9,image/avif,image/webp,image/apng,*/*;q=0.8,application/signed-exchange;v=b3;q=0.7'
    'HTTP_SEC_FETCH_SITE' => 'same-origin'
    'HTTP_SEC_FETCH_MODE' => 'navigate'
    'HTTP_SEC_FETCH_USER' => '?1'
    'HTTP_SEC_FETCH_DEST' => 'document'
    'HTTP_REFERER' => 'http://localhost/tripplan-web/tripplan/frontend/web/fotos-memorias/create?plano_id=16'
    'HTTP_ACCEPT_ENCODING' => 'gzip, deflate, br, zstd'
    'HTTP_ACCEPT_LANGUAGE' => 'pt-PT,pt;q=0.9,en-US;q=0.8,en;q=0.7'
    'HTTP_COOKIE' => 'Phpstorm-103aa988=bf38dfb5-04b5-4849-a933-fbc4e7b3e27f; _identity-backend=0056de632f8441a62c024e0c9bb0151a886f02adf425d5dba02a7dc6230a64f2a%3A2%3A%7Bi%3A0%3Bs%3A17%3A%22_identity-backend%22%3Bi%3A1%3Bs%3A46%3A%22%5B8%2C%22F8iSIrBPc2WeseOIPDgZsgsdkTU2Ufqt%22%2C2592000%5D%22%3B%7D; sidebar-collapse=false; _identity-frontend=01aebbe17af5cf269d57ad8fa9d7b0a3e66d6e5403c26ad0936cf8e478f1a3dca%3A2%3A%7Bi%3A0%3Bs%3A18%3A%22_identity-frontend%22%3Bi%3A1%3Bs%3A46%3A%22%5B5%2C%22XtQljr3I7zzomKmcSywhu1fSRKmNTnWE%22%2C2592000%5D%22%3B%7D; advanced-frontend=o5lbi15b66g6q8him0ejmjvb77; _csrf-frontend=2baa5d6f1f5b5b7ed04f94dc3487fdfca6597a2edb41ad6d94fc2deac8eddf58a%3A2%3A%7Bi%3A0%3Bs%3A14%3A%22_csrf-frontend%22%3Bi%3A1%3Bs%3A32%3A%22Z0LZ5kyEoGcN18SfCHCRLULHehAGRwoG%22%3B%7D; advanced-backend=u7a3tt9psa76mcfpnoi7mm5von; _csrf-backend=319b23a394cc7b30b6e103301d35670f7f5759f821af35b7846e96429d15d963a%3A2%3A%7Bi%3A0%3Bs%3A13%3A%22_csrf-backend%22%3Bi%3A1%3Bs%3A32%3A%22A_wVpiWq6w5HO4U62J4kK4ZM-YpOk18q%22%3B%7D'
    'PATH' => 'C:\\Program Files\\Common Files\\Oracle\\Java\\javapath;C:\\Program Files (x86)\\NVIDIA Corporation\\PhysX\\Common;C:\\WINDOWS\\system32;C:\\WINDOWS;C:\\WINDOWS\\System32\\Wbem;C:\\WINDOWS\\System32\\WindowsPowerShell\\v1.0\\;C:\\WINDOWS\\System32\\OpenSSH\\;C:\\msys64\\ucrt64\\bin;C:\\Program Files\\Microsoft SQL Server\\150\\Tools\\Binn\\;C:\\Program Files\\dotnet\\;C:\\Program Files\\Microsoft SQL Server\\Client SDK\\ODBC\\170\\Tools\\Binn\\;C:\\wamp64\\bin\\php\\php8.1.31;C:\\ProgramData\\ComposerSetup\\bin;C:\\Program Files\\Git\\cmd;C:\\WINDOWS\\system32\\config\\systemprofile\\AppData\\Local\\Microsoft\\WindowsApps'
    'SystemRoot' => 'C:\\WINDOWS'
    'COMSPEC' => 'C:\\WINDOWS\\system32\\cmd.exe'
    'PATHEXT' => '.COM;.EXE;.BAT;.CMD;.VBS;.VBE;.JS;.JSE;.WSF;.WSH;.MSC'
    'WINDIR' => 'C:\\WINDOWS'
    'SERVER_SIGNATURE' => '<address>Apache/2.4.62 (Win64) PHP/8.1.31 mod_fcgid/2.3.10-dev Server at localhost Port 80</address>
'
    'SERVER_SOFTWARE' => 'Apache/2.4.62 (Win64) PHP/8.1.31 mod_fcgid/2.3.10-dev'
    'SERVER_NAME' => 'localhost'
    'SERVER_ADDR' => '::1'
    'SERVER_PORT' => '80'
    'REMOTE_ADDR' => '::1'
    'DOCUMENT_ROOT' => 'C:/wamp64/www'
    'REQUEST_SCHEME' => 'http'
    'CONTEXT_PREFIX' => ''
    'CONTEXT_DOCUMENT_ROOT' => 'C:/wamp64/www'
    'SERVER_ADMIN' => 'wampserver@wampserver.invalid'
    'SCRIPT_FILENAME' => 'C:/wamp64/www/tripplan-web/tripplan/frontend/web/index.php'
    'REMOTE_PORT' => '60776'
    'REDIRECT_URL' => '/tripplan-web/tripplan/frontend/web/plano-viagem/view'
    'REDIRECT_QUERY_STRING' => 'id=16'
    'GATEWAY_INTERFACE' => 'CGI/1.1'
    'SERVER_PROTOCOL' => 'HTTP/1.1'
    'REQUEST_METHOD' => 'GET'
    'QUERY_STRING' => 'id=16'
    'REQUEST_URI' => '/tripplan-web/tripplan/frontend/web/plano-viagem/view?id=16'
    'SCRIPT_NAME' => '/tripplan-web/tripplan/frontend/web/index.php'
    'PHP_SELF' => '/tripplan-web/tripplan/frontend/web/index.php'
    'REQUEST_TIME_FLOAT' => 1767548329.2358
    'REQUEST_TIME' => 1767548329
]
2026-01-04 17:38:49 [::1][5][o5lbi15b66g6q8him0ejmjvb77][error][yii\base\UnknownPropertyException] yii\base\UnknownPropertyException: Getting unknown property: common\models\FotosMemorias::fotos in C:\wamp64\www\tripplan-web\tripplan\vendor\yiisoft\yii2\base\Component.php:154
Stack trace:
#0 C:\wamp64\www\tripplan-web\tripplan\vendor\yiisoft\yii2\db\BaseActiveRecord.php(296): yii\base\Component->__get('fotos')
#1 C:\wamp64\www\tripplan-web\tripplan\frontend\views\plano-viagem\view.php(220): yii\db\BaseActiveRecord->__get('fotos')
#2 C:\wamp64\www\tripplan-web\tripplan\vendor\yiisoft\yii2\base\View.php(348): require('C:\\wamp64\\www\\t...')
#3 C:\wamp64\www\tripplan-web\tripplan\vendor\yiisoft\yii2\base\View.php(258): yii\base\View->renderPhpFile('C:\\wamp64\\www\\t...', Array)
#4 C:\wamp64\www\tripplan-web\tripplan\vendor\yiisoft\yii2\base\View.php(157): yii\base\View->renderFile('C:\\wamp64\\www\\t...', Array, Object(frontend\controllers\PlanoViagemController))
#5 C:\wamp64\www\tripplan-web\tripplan\vendor\yiisoft\yii2\base\Controller.php(413): yii\base\View->render('view', Array, Object(frontend\controllers\PlanoViagemController))
#6 C:\wamp64\www\tripplan-web\tripplan\frontend\controllers\PlanoViagemController.php(92): yii\base\Controller->render('view', Array)
#7 [internal function]: frontend\controllers\PlanoViagemController->actionView('16')
#8 C:\wamp64\www\tripplan-web\tripplan\vendor\yiisoft\yii2\base\InlineAction.php(60): call_user_func_array(Array, Array)
#9 C:\wamp64\www\tripplan-web\tripplan\vendor\yiisoft\yii2\base\Controller.php(184): yii\base\InlineAction->runWithParams(Array)
#10 C:\wamp64\www\tripplan-web\tripplan\vendor\yiisoft\yii2\base\Module.php(555): yii\base\Controller->runAction('view', Array)
#11 C:\wamp64\www\tripplan-web\tripplan\vendor\yiisoft\yii2\web\Application.php(103): yii\base\Module->runAction('plano-viagem/vi...', Array)
#12 C:\wamp64\www\tripplan-web\tripplan\vendor\yiisoft\yii2\base\Application.php(387): yii\web\Application->handleRequest(Object(yii\web\Request))
#13 C:\wamp64\www\tripplan-web\tripplan\frontend\web\index.php(18): yii\base\Application->run()
#14 {main}
2026-01-04 17:38:49 [::1][5][o5lbi15b66g6q8him0ejmjvb77][info][application] $_GET = [
    'id' => '16'
]

$_POST = []

$_FILES = []

$_COOKIE = [
    'Phpstorm-103aa988' => 'bf38dfb5-04b5-4849-a933-fbc4e7b3e27f'
    '_identity-backend' => '0056de632f8441a62c024e0c9bb0151a886f02adf425d5dba02a7dc6230a64f2a:2:{i:0;s:17:\"_identity-backend\";i:1;s:46:\"[8,\"F8iSIrBPc2WeseOIPDgZsgsdkTU2Ufqt\",2592000]\";}'
    'sidebar-collapse' => 'false'
    '_identity-frontend' => '01aebbe17af5cf269d57ad8fa9d7b0a3e66d6e5403c26ad0936cf8e478f1a3dca:2:{i:0;s:18:\"_identity-frontend\";i:1;s:46:\"[5,\"XtQljr3I7zzomKmcSywhu1fSRKmNTnWE\",2592000]\";}'
    'advanced-frontend' => 'o5lbi15b66g6q8him0ejmjvb77'
    '_csrf-frontend' => '2baa5d6f1f5b5b7ed04f94dc3487fdfca6597a2edb41ad6d94fc2deac8eddf58a:2:{i:0;s:14:\"_csrf-frontend\";i:1;s:32:\"Z0LZ5kyEoGcN18SfCHCRLULHehAGRwoG\";}'
    'advanced-backend' => 'u7a3tt9psa76mcfpnoi7mm5von'
    '_csrf-backend' => '319b23a394cc7b30b6e103301d35670f7f5759f821af35b7846e96429d15d963a:2:{i:0;s:13:\"_csrf-backend\";i:1;s:32:\"A_wVpiWq6w5HO4U62J4kK4ZM-YpOk18q\";}'
]

$_SESSION = [
    '__flash' => [
        'success' => -1
    ]
    '__id' => 5
    '__authKey' => 'XtQljr3I7zzomKmcSywhu1fSRKmNTnWE'
    'success' => 'Adicionado aos Favoritos'
]

$_SERVER = [
    'REDIRECT_STATUS' => '200'
    'HTTP_HOST' => 'localhost'
    'HTTP_CONNECTION' => 'keep-alive'
    'HTTP_CACHE_CONTROL' => 'max-age=0'
    'HTTP_SEC_CH_UA' => '\"Google Chrome\";v=\"143\", \"Chromium\";v=\"143\", \"Not A(Brand\";v=\"24\"'
    'HTTP_SEC_CH_UA_MOBILE' => '?0'
    'HTTP_SEC_CH_UA_PLATFORM' => '\"Windows\"'
    'HTTP_UPGRADE_INSECURE_REQUESTS' => '1'
    'HTTP_USER_AGENT' => 'Mozilla/5.0 (Windows NT 10.0; Win64; x64) AppleWebKit/537.36 (KHTML, like Gecko) Chrome/143.0.0.0 Safari/537.36'
    'HTTP_ACCEPT' => 'text/html,application/xhtml+xml,application/xml;q=0.9,image/avif,image/webp,image/apng,*/*;q=0.8,application/signed-exchange;v=b3;q=0.7'
    'HTTP_SEC_FETCH_SITE' => 'same-origin'
    'HTTP_SEC_FETCH_MODE' => 'navigate'
    'HTTP_SEC_FETCH_USER' => '?1'
    'HTTP_SEC_FETCH_DEST' => 'document'
    'HTTP_REFERER' => 'http://localhost/tripplan-web/tripplan/frontend/web/fotos-memorias/create?plano_id=16'
    'HTTP_ACCEPT_ENCODING' => 'gzip, deflate, br, zstd'
    'HTTP_ACCEPT_LANGUAGE' => 'pt-PT,pt;q=0.9,en-US;q=0.8,en;q=0.7'
    'HTTP_COOKIE' => 'Phpstorm-103aa988=bf38dfb5-04b5-4849-a933-fbc4e7b3e27f; _identity-backend=0056de632f8441a62c024e0c9bb0151a886f02adf425d5dba02a7dc6230a64f2a%3A2%3A%7Bi%3A0%3Bs%3A17%3A%22_identity-backend%22%3Bi%3A1%3Bs%3A46%3A%22%5B8%2C%22F8iSIrBPc2WeseOIPDgZsgsdkTU2Ufqt%22%2C2592000%5D%22%3B%7D; sidebar-collapse=false; _identity-frontend=01aebbe17af5cf269d57ad8fa9d7b0a3e66d6e5403c26ad0936cf8e478f1a3dca%3A2%3A%7Bi%3A0%3Bs%3A18%3A%22_identity-frontend%22%3Bi%3A1%3Bs%3A46%3A%22%5B5%2C%22XtQljr3I7zzomKmcSywhu1fSRKmNTnWE%22%2C2592000%5D%22%3B%7D; advanced-frontend=o5lbi15b66g6q8him0ejmjvb77; _csrf-frontend=2baa5d6f1f5b5b7ed04f94dc3487fdfca6597a2edb41ad6d94fc2deac8eddf58a%3A2%3A%7Bi%3A0%3Bs%3A14%3A%22_csrf-frontend%22%3Bi%3A1%3Bs%3A32%3A%22Z0LZ5kyEoGcN18SfCHCRLULHehAGRwoG%22%3B%7D; advanced-backend=u7a3tt9psa76mcfpnoi7mm5von; _csrf-backend=319b23a394cc7b30b6e103301d35670f7f5759f821af35b7846e96429d15d963a%3A2%3A%7Bi%3A0%3Bs%3A13%3A%22_csrf-backend%22%3Bi%3A1%3Bs%3A32%3A%22A_wVpiWq6w5HO4U62J4kK4ZM-YpOk18q%22%3B%7D'
    'PATH' => 'C:\\Program Files\\Common Files\\Oracle\\Java\\javapath;C:\\Program Files (x86)\\NVIDIA Corporation\\PhysX\\Common;C:\\WINDOWS\\system32;C:\\WINDOWS;C:\\WINDOWS\\System32\\Wbem;C:\\WINDOWS\\System32\\WindowsPowerShell\\v1.0\\;C:\\WINDOWS\\System32\\OpenSSH\\;C:\\msys64\\ucrt64\\bin;C:\\Program Files\\Microsoft SQL Server\\150\\Tools\\Binn\\;C:\\Program Files\\dotnet\\;C:\\Program Files\\Microsoft SQL Server\\Client SDK\\ODBC\\170\\Tools\\Binn\\;C:\\wamp64\\bin\\php\\php8.1.31;C:\\ProgramData\\ComposerSetup\\bin;C:\\Program Files\\Git\\cmd;C:\\WINDOWS\\system32\\config\\systemprofile\\AppData\\Local\\Microsoft\\WindowsApps'
    'SystemRoot' => 'C:\\WINDOWS'
    'COMSPEC' => 'C:\\WINDOWS\\system32\\cmd.exe'
    'PATHEXT' => '.COM;.EXE;.BAT;.CMD;.VBS;.VBE;.JS;.JSE;.WSF;.WSH;.MSC'
    'WINDIR' => 'C:\\WINDOWS'
    'SERVER_SIGNATURE' => '<address>Apache/2.4.62 (Win64) PHP/8.1.31 mod_fcgid/2.3.10-dev Server at localhost Port 80</address>
'
    'SERVER_SOFTWARE' => 'Apache/2.4.62 (Win64) PHP/8.1.31 mod_fcgid/2.3.10-dev'
    'SERVER_NAME' => 'localhost'
    'SERVER_ADDR' => '::1'
    'SERVER_PORT' => '80'
    'REMOTE_ADDR' => '::1'
    'DOCUMENT_ROOT' => 'C:/wamp64/www'
    'REQUEST_SCHEME' => 'http'
    'CONTEXT_PREFIX' => ''
    'CONTEXT_DOCUMENT_ROOT' => 'C:/wamp64/www'
    'SERVER_ADMIN' => 'wampserver@wampserver.invalid'
    'SCRIPT_FILENAME' => 'C:/wamp64/www/tripplan-web/tripplan/frontend/web/index.php'
    'REMOTE_PORT' => '60778'
    'REDIRECT_URL' => '/tripplan-web/tripplan/frontend/web/plano-viagem/view'
    'REDIRECT_QUERY_STRING' => 'id=16'
    'GATEWAY_INTERFACE' => 'CGI/1.1'
    'SERVER_PROTOCOL' => 'HTTP/1.1'
    'REQUEST_METHOD' => 'GET'
    'QUERY_STRING' => 'id=16'
    'REQUEST_URI' => '/tripplan-web/tripplan/frontend/web/plano-viagem/view?id=16'
    'SCRIPT_NAME' => '/tripplan-web/tripplan/frontend/web/index.php'
    'PHP_SELF' => '/tripplan-web/tripplan/frontend/web/index.php'
    'REQUEST_TIME_FLOAT' => 1767548329.5226
    'REQUEST_TIME' => 1767548329
]
2026-01-04 17:38:49 [::1][5][o5lbi15b66g6q8him0ejmjvb77][error][yii\base\UnknownPropertyException] yii\base\UnknownPropertyException: Getting unknown property: common\models\FotosMemorias::fotos in C:\wamp64\www\tripplan-web\tripplan\vendor\yiisoft\yii2\base\Component.php:154
Stack trace:
#0 C:\wamp64\www\tripplan-web\tripplan\vendor\yiisoft\yii2\db\BaseActiveRecord.php(296): yii\base\Component->__get('fotos')
#1 C:\wamp64\www\tripplan-web\tripplan\frontend\views\plano-viagem\view.php(220): yii\db\BaseActiveRecord->__get('fotos')
#2 C:\wamp64\www\tripplan-web\tripplan\vendor\yiisoft\yii2\base\View.php(348): require('C:\\wamp64\\www\\t...')
#3 C:\wamp64\www\tripplan-web\tripplan\vendor\yiisoft\yii2\base\View.php(258): yii\base\View->renderPhpFile('C:\\wamp64\\www\\t...', Array)
#4 C:\wamp64\www\tripplan-web\tripplan\vendor\yiisoft\yii2\base\View.php(157): yii\base\View->renderFile('C:\\wamp64\\www\\t...', Array, Object(frontend\controllers\PlanoViagemController))
#5 C:\wamp64\www\tripplan-web\tripplan\vendor\yiisoft\yii2\base\Controller.php(413): yii\base\View->render('view', Array, Object(frontend\controllers\PlanoViagemController))
#6 C:\wamp64\www\tripplan-web\tripplan\frontend\controllers\PlanoViagemController.php(92): yii\base\Controller->render('view', Array)
#7 [internal function]: frontend\controllers\PlanoViagemController->actionView('16')
#8 C:\wamp64\www\tripplan-web\tripplan\vendor\yiisoft\yii2\base\InlineAction.php(60): call_user_func_array(Array, Array)
#9 C:\wamp64\www\tripplan-web\tripplan\vendor\yiisoft\yii2\base\Controller.php(184): yii\base\InlineAction->runWithParams(Array)
#10 C:\wamp64\www\tripplan-web\tripplan\vendor\yiisoft\yii2\base\Module.php(555): yii\base\Controller->runAction('view', Array)
#11 C:\wamp64\www\tripplan-web\tripplan\vendor\yiisoft\yii2\web\Application.php(103): yii\base\Module->runAction('plano-viagem/vi...', Array)
#12 C:\wamp64\www\tripplan-web\tripplan\vendor\yiisoft\yii2\base\Application.php(387): yii\web\Application->handleRequest(Object(yii\web\Request))
#13 C:\wamp64\www\tripplan-web\tripplan\frontend\web\index.php(18): yii\base\Application->run()
#14 {main}
2026-01-04 17:38:49 [::1][5][o5lbi15b66g6q8him0ejmjvb77][info][application] $_GET = [
    'id' => '16'
]

$_POST = []

$_FILES = []

$_COOKIE = [
    'Phpstorm-103aa988' => 'bf38dfb5-04b5-4849-a933-fbc4e7b3e27f'
    '_identity-backend' => '0056de632f8441a62c024e0c9bb0151a886f02adf425d5dba02a7dc6230a64f2a:2:{i:0;s:17:\"_identity-backend\";i:1;s:46:\"[8,\"F8iSIrBPc2WeseOIPDgZsgsdkTU2Ufqt\",2592000]\";}'
    'sidebar-collapse' => 'false'
    '_identity-frontend' => '01aebbe17af5cf269d57ad8fa9d7b0a3e66d6e5403c26ad0936cf8e478f1a3dca:2:{i:0;s:18:\"_identity-frontend\";i:1;s:46:\"[5,\"XtQljr3I7zzomKmcSywhu1fSRKmNTnWE\",2592000]\";}'
    'advanced-frontend' => 'o5lbi15b66g6q8him0ejmjvb77'
    '_csrf-frontend' => '2baa5d6f1f5b5b7ed04f94dc3487fdfca6597a2edb41ad6d94fc2deac8eddf58a:2:{i:0;s:14:\"_csrf-frontend\";i:1;s:32:\"Z0LZ5kyEoGcN18SfCHCRLULHehAGRwoG\";}'
    'advanced-backend' => 'u7a3tt9psa76mcfpnoi7mm5von'
    '_csrf-backend' => '319b23a394cc7b30b6e103301d35670f7f5759f821af35b7846e96429d15d963a:2:{i:0;s:13:\"_csrf-backend\";i:1;s:32:\"A_wVpiWq6w5HO4U62J4kK4ZM-YpOk18q\";}'
]

$_SESSION = [
    '__flash' => [
        'success' => -1
    ]
    '__id' => 5
    '__authKey' => 'XtQljr3I7zzomKmcSywhu1fSRKmNTnWE'
    'success' => 'Adicionado aos Favoritos'
]

$_SERVER = [
    'REDIRECT_STATUS' => '200'
    'HTTP_HOST' => 'localhost'
    'HTTP_CONNECTION' => 'keep-alive'
    'HTTP_CACHE_CONTROL' => 'max-age=0'
    'HTTP_SEC_CH_UA' => '\"Google Chrome\";v=\"143\", \"Chromium\";v=\"143\", \"Not A(Brand\";v=\"24\"'
    'HTTP_SEC_CH_UA_MOBILE' => '?0'
    'HTTP_SEC_CH_UA_PLATFORM' => '\"Windows\"'
    'HTTP_UPGRADE_INSECURE_REQUESTS' => '1'
    'HTTP_USER_AGENT' => 'Mozilla/5.0 (Windows NT 10.0; Win64; x64) AppleWebKit/537.36 (KHTML, like Gecko) Chrome/143.0.0.0 Safari/537.36'
    'HTTP_ACCEPT' => 'text/html,application/xhtml+xml,application/xml;q=0.9,image/avif,image/webp,image/apng,*/*;q=0.8,application/signed-exchange;v=b3;q=0.7'
    'HTTP_SEC_FETCH_SITE' => 'same-origin'
    'HTTP_SEC_FETCH_MODE' => 'navigate'
    'HTTP_SEC_FETCH_USER' => '?1'
    'HTTP_SEC_FETCH_DEST' => 'document'
    'HTTP_REFERER' => 'http://localhost/tripplan-web/tripplan/frontend/web/fotos-memorias/create?plano_id=16'
    'HTTP_ACCEPT_ENCODING' => 'gzip, deflate, br, zstd'
    'HTTP_ACCEPT_LANGUAGE' => 'pt-PT,pt;q=0.9,en-US;q=0.8,en;q=0.7'
    'HTTP_COOKIE' => 'Phpstorm-103aa988=bf38dfb5-04b5-4849-a933-fbc4e7b3e27f; _identity-backend=0056de632f8441a62c024e0c9bb0151a886f02adf425d5dba02a7dc6230a64f2a%3A2%3A%7Bi%3A0%3Bs%3A17%3A%22_identity-backend%22%3Bi%3A1%3Bs%3A46%3A%22%5B8%2C%22F8iSIrBPc2WeseOIPDgZsgsdkTU2Ufqt%22%2C2592000%5D%22%3B%7D; sidebar-collapse=false; _identity-frontend=01aebbe17af5cf269d57ad8fa9d7b0a3e66d6e5403c26ad0936cf8e478f1a3dca%3A2%3A%7Bi%3A0%3Bs%3A18%3A%22_identity-frontend%22%3Bi%3A1%3Bs%3A46%3A%22%5B5%2C%22XtQljr3I7zzomKmcSywhu1fSRKmNTnWE%22%2C2592000%5D%22%3B%7D; advanced-frontend=o5lbi15b66g6q8him0ejmjvb77; _csrf-frontend=2baa5d6f1f5b5b7ed04f94dc3487fdfca6597a2edb41ad6d94fc2deac8eddf58a%3A2%3A%7Bi%3A0%3Bs%3A14%3A%22_csrf-frontend%22%3Bi%3A1%3Bs%3A32%3A%22Z0LZ5kyEoGcN18SfCHCRLULHehAGRwoG%22%3B%7D; advanced-backend=u7a3tt9psa76mcfpnoi7mm5von; _csrf-backend=319b23a394cc7b30b6e103301d35670f7f5759f821af35b7846e96429d15d963a%3A2%3A%7Bi%3A0%3Bs%3A13%3A%22_csrf-backend%22%3Bi%3A1%3Bs%3A32%3A%22A_wVpiWq6w5HO4U62J4kK4ZM-YpOk18q%22%3B%7D'
    'PATH' => 'C:\\Program Files\\Common Files\\Oracle\\Java\\javapath;C:\\Program Files (x86)\\NVIDIA Corporation\\PhysX\\Common;C:\\WINDOWS\\system32;C:\\WINDOWS;C:\\WINDOWS\\System32\\Wbem;C:\\WINDOWS\\System32\\WindowsPowerShell\\v1.0\\;C:\\WINDOWS\\System32\\OpenSSH\\;C:\\msys64\\ucrt64\\bin;C:\\Program Files\\Microsoft SQL Server\\150\\Tools\\Binn\\;C:\\Program Files\\dotnet\\;C:\\Program Files\\Microsoft SQL Server\\Client SDK\\ODBC\\170\\Tools\\Binn\\;C:\\wamp64\\bin\\php\\php8.1.31;C:\\ProgramData\\ComposerSetup\\bin;C:\\Program Files\\Git\\cmd;C:\\WINDOWS\\system32\\config\\systemprofile\\AppData\\Local\\Microsoft\\WindowsApps'
    'SystemRoot' => 'C:\\WINDOWS'
    'COMSPEC' => 'C:\\WINDOWS\\system32\\cmd.exe'
    'PATHEXT' => '.COM;.EXE;.BAT;.CMD;.VBS;.VBE;.JS;.JSE;.WSF;.WSH;.MSC'
    'WINDIR' => 'C:\\WINDOWS'
    'SERVER_SIGNATURE' => '<address>Apache/2.4.62 (Win64) PHP/8.1.31 mod_fcgid/2.3.10-dev Server at localhost Port 80</address>
'
    'SERVER_SOFTWARE' => 'Apache/2.4.62 (Win64) PHP/8.1.31 mod_fcgid/2.3.10-dev'
    'SERVER_NAME' => 'localhost'
    'SERVER_ADDR' => '::1'
    'SERVER_PORT' => '80'
    'REMOTE_ADDR' => '::1'
    'DOCUMENT_ROOT' => 'C:/wamp64/www'
    'REQUEST_SCHEME' => 'http'
    'CONTEXT_PREFIX' => ''
    'CONTEXT_DOCUMENT_ROOT' => 'C:/wamp64/www'
    'SERVER_ADMIN' => 'wampserver@wampserver.invalid'
    'SCRIPT_FILENAME' => 'C:/wamp64/www/tripplan-web/tripplan/frontend/web/index.php'
    'REMOTE_PORT' => '60784'
    'REDIRECT_URL' => '/tripplan-web/tripplan/frontend/web/plano-viagem/view'
    'REDIRECT_QUERY_STRING' => 'id=16'
    'GATEWAY_INTERFACE' => 'CGI/1.1'
    'SERVER_PROTOCOL' => 'HTTP/1.1'
    'REQUEST_METHOD' => 'GET'
    'QUERY_STRING' => 'id=16'
    'REQUEST_URI' => '/tripplan-web/tripplan/frontend/web/plano-viagem/view?id=16'
    'SCRIPT_NAME' => '/tripplan-web/tripplan/frontend/web/index.php'
    'PHP_SELF' => '/tripplan-web/tripplan/frontend/web/index.php'
    'REQUEST_TIME_FLOAT' => 1767548329.7636
    'REQUEST_TIME' => 1767548329
]
2026-01-04 17:39:55 [::1][5][o5lbi15b66g6q8him0ejmjvb77][error][yii\base\UnknownPropertyException] yii\base\UnknownPropertyException: Setting unknown property: common\models\FotosMemorias::fotos in C:\wamp64\www\tripplan-web\tripplan\vendor\yiisoft\yii2\base\Component.php:221
Stack trace:
#0 C:\wamp64\www\tripplan-web\tripplan\vendor\yiisoft\yii2\db\BaseActiveRecord.php(322): yii\base\Component->__set('fotos', 'memoria_1767548...')
#1 C:\wamp64\www\tripplan-web\tripplan\frontend\controllers\FotosMemoriasController.php(91): yii\db\BaseActiveRecord->__set('fotos', 'memoria_1767548...')
#2 [internal function]: frontend\controllers\FotosMemoriasController->actionCreate('16')
#3 C:\wamp64\www\tripplan-web\tripplan\vendor\yiisoft\yii2\base\InlineAction.php(60): call_user_func_array(Array, Array)
#4 C:\wamp64\www\tripplan-web\tripplan\vendor\yiisoft\yii2\base\Controller.php(184): yii\base\InlineAction->runWithParams(Array)
#5 C:\wamp64\www\tripplan-web\tripplan\vendor\yiisoft\yii2\base\Module.php(555): yii\base\Controller->runAction('create', Array)
#6 C:\wamp64\www\tripplan-web\tripplan\vendor\yiisoft\yii2\web\Application.php(103): yii\base\Module->runAction('fotos-memorias/...', Array)
#7 C:\wamp64\www\tripplan-web\tripplan\vendor\yiisoft\yii2\base\Application.php(387): yii\web\Application->handleRequest(Object(yii\web\Request))
#8 C:\wamp64\www\tripplan-web\tripplan\frontend\web\index.php(18): yii\base\Application->run()
#9 {main}
2026-01-04 17:39:55 [::1][5][o5lbi15b66g6q8him0ejmjvb77][info][application] $_GET = [
    'plano_id' => '16'
]

$_POST = [
    '_csrf-frontend' => 'qifHOlu4nKH0QOyLa7KCM6ruItQ7C3O08wEX0Wy-jhDwF4tgbtPl5JsHj8VaitFV6aZhhndeP_yWaVaWPsnhVw=='
    'FotosMemorias' => [
        'foto' => ''
        'comentario' => 'dd'
        'plano_viagem_id' => '16'
    ]
]

$_FILES = [
    'FotosMemorias' => [
        'name' => [
            'foto' => 'programaçao.jpg'
        ]
        'full_path' => [
            'foto' => 'programaçao.jpg'
        ]
        'type' => [
            'foto' => 'image/jpeg'
        ]
        'tmp_name' => [
            'foto' => 'C:\\wamp64\\tmp\\php9E37.tmp'
        ]
        'error' => [
            'foto' => 0
        ]
        'size' => [
            'foto' => 270061
        ]
    ]
]

$_COOKIE = [
    'Phpstorm-103aa988' => 'bf38dfb5-04b5-4849-a933-fbc4e7b3e27f'
    '_identity-backend' => '0056de632f8441a62c024e0c9bb0151a886f02adf425d5dba02a7dc6230a64f2a:2:{i:0;s:17:\"_identity-backend\";i:1;s:46:\"[8,\"F8iSIrBPc2WeseOIPDgZsgsdkTU2Ufqt\",2592000]\";}'
    'sidebar-collapse' => 'false'
    '_identity-frontend' => '01aebbe17af5cf269d57ad8fa9d7b0a3e66d6e5403c26ad0936cf8e478f1a3dca:2:{i:0;s:18:\"_identity-frontend\";i:1;s:46:\"[5,\"XtQljr3I7zzomKmcSywhu1fSRKmNTnWE\",2592000]\";}'
    'advanced-frontend' => 'o5lbi15b66g6q8him0ejmjvb77'
    '_csrf-frontend' => '2baa5d6f1f5b5b7ed04f94dc3487fdfca6597a2edb41ad6d94fc2deac8eddf58a:2:{i:0;s:14:\"_csrf-frontend\";i:1;s:32:\"Z0LZ5kyEoGcN18SfCHCRLULHehAGRwoG\";}'
    'advanced-backend' => 'u7a3tt9psa76mcfpnoi7mm5von'
    '_csrf-backend' => '319b23a394cc7b30b6e103301d35670f7f5759f821af35b7846e96429d15d963a:2:{i:0;s:13:\"_csrf-backend\";i:1;s:32:\"A_wVpiWq6w5HO4U62J4kK4ZM-YpOk18q\";}'
]

$_SESSION = [
    '__flash' => [
        'success' => -1
    ]
    '__id' => 5
    '__authKey' => 'XtQljr3I7zzomKmcSywhu1fSRKmNTnWE'
    'success' => 'Adicionado aos Favoritos'
]

$_SERVER = [
    'REDIRECT_STATUS' => '200'
    'HTTP_HOST' => 'localhost'
    'HTTP_CONNECTION' => 'keep-alive'
    'CONTENT_LENGTH' => '270794'
    'HTTP_CACHE_CONTROL' => 'max-age=0'
    'HTTP_SEC_CH_UA' => '\"Google Chrome\";v=\"143\", \"Chromium\";v=\"143\", \"Not A(Brand\";v=\"24\"'
    'HTTP_SEC_CH_UA_MOBILE' => '?0'
    'HTTP_SEC_CH_UA_PLATFORM' => '\"Windows\"'
    'HTTP_ORIGIN' => 'http://localhost'
    'CONTENT_TYPE' => 'multipart/form-data; boundary=----WebKitFormBoundaryNpYHlidsNRXmeYp3'
    'HTTP_UPGRADE_INSECURE_REQUESTS' => '1'
    'HTTP_USER_AGENT' => 'Mozilla/5.0 (Windows NT 10.0; Win64; x64) AppleWebKit/537.36 (KHTML, like Gecko) Chrome/143.0.0.0 Safari/537.36'
    'HTTP_ACCEPT' => 'text/html,application/xhtml+xml,application/xml;q=0.9,image/avif,image/webp,image/apng,*/*;q=0.8,application/signed-exchange;v=b3;q=0.7'
    'HTTP_SEC_FETCH_SITE' => 'same-origin'
    'HTTP_SEC_FETCH_MODE' => 'navigate'
    'HTTP_SEC_FETCH_USER' => '?1'
    'HTTP_SEC_FETCH_DEST' => 'document'
    'HTTP_REFERER' => 'http://localhost/tripplan-web/tripplan/frontend/web/fotos-memorias/create?plano_id=16'
    'HTTP_ACCEPT_ENCODING' => 'gzip, deflate, br, zstd'
    'HTTP_ACCEPT_LANGUAGE' => 'pt-PT,pt;q=0.9,en-US;q=0.8,en;q=0.7'
    'HTTP_COOKIE' => 'Phpstorm-103aa988=bf38dfb5-04b5-4849-a933-fbc4e7b3e27f; _identity-backend=0056de632f8441a62c024e0c9bb0151a886f02adf425d5dba02a7dc6230a64f2a%3A2%3A%7Bi%3A0%3Bs%3A17%3A%22_identity-backend%22%3Bi%3A1%3Bs%3A46%3A%22%5B8%2C%22F8iSIrBPc2WeseOIPDgZsgsdkTU2Ufqt%22%2C2592000%5D%22%3B%7D; sidebar-collapse=false; _identity-frontend=01aebbe17af5cf269d57ad8fa9d7b0a3e66d6e5403c26ad0936cf8e478f1a3dca%3A2%3A%7Bi%3A0%3Bs%3A18%3A%22_identity-frontend%22%3Bi%3A1%3Bs%3A46%3A%22%5B5%2C%22XtQljr3I7zzomKmcSywhu1fSRKmNTnWE%22%2C2592000%5D%22%3B%7D; advanced-frontend=o5lbi15b66g6q8him0ejmjvb77; _csrf-frontend=2baa5d6f1f5b5b7ed04f94dc3487fdfca6597a2edb41ad6d94fc2deac8eddf58a%3A2%3A%7Bi%3A0%3Bs%3A14%3A%22_csrf-frontend%22%3Bi%3A1%3Bs%3A32%3A%22Z0LZ5kyEoGcN18SfCHCRLULHehAGRwoG%22%3B%7D; advanced-backend=u7a3tt9psa76mcfpnoi7mm5von; _csrf-backend=319b23a394cc7b30b6e103301d35670f7f5759f821af35b7846e96429d15d963a%3A2%3A%7Bi%3A0%3Bs%3A13%3A%22_csrf-backend%22%3Bi%3A1%3Bs%3A32%3A%22A_wVpiWq6w5HO4U62J4kK4ZM-YpOk18q%22%3B%7D'
    'PATH' => 'C:\\Program Files\\Common Files\\Oracle\\Java\\javapath;C:\\Program Files (x86)\\NVIDIA Corporation\\PhysX\\Common;C:\\WINDOWS\\system32;C:\\WINDOWS;C:\\WINDOWS\\System32\\Wbem;C:\\WINDOWS\\System32\\WindowsPowerShell\\v1.0\\;C:\\WINDOWS\\System32\\OpenSSH\\;C:\\msys64\\ucrt64\\bin;C:\\Program Files\\Microsoft SQL Server\\150\\Tools\\Binn\\;C:\\Program Files\\dotnet\\;C:\\Program Files\\Microsoft SQL Server\\Client SDK\\ODBC\\170\\Tools\\Binn\\;C:\\wamp64\\bin\\php\\php8.1.31;C:\\ProgramData\\ComposerSetup\\bin;C:\\Program Files\\Git\\cmd;C:\\WINDOWS\\system32\\config\\systemprofile\\AppData\\Local\\Microsoft\\WindowsApps'
    'SystemRoot' => 'C:\\WINDOWS'
    'COMSPEC' => 'C:\\WINDOWS\\system32\\cmd.exe'
    'PATHEXT' => '.COM;.EXE;.BAT;.CMD;.VBS;.VBE;.JS;.JSE;.WSF;.WSH;.MSC'
    'WINDIR' => 'C:\\WINDOWS'
    'SERVER_SIGNATURE' => '<address>Apache/2.4.62 (Win64) PHP/8.1.31 mod_fcgid/2.3.10-dev Server at localhost Port 80</address>
'
    'SERVER_SOFTWARE' => 'Apache/2.4.62 (Win64) PHP/8.1.31 mod_fcgid/2.3.10-dev'
    'SERVER_NAME' => 'localhost'
    'SERVER_ADDR' => '::1'
    'SERVER_PORT' => '80'
    'REMOTE_ADDR' => '::1'
    'DOCUMENT_ROOT' => 'C:/wamp64/www'
    'REQUEST_SCHEME' => 'http'
    'CONTEXT_PREFIX' => ''
    'CONTEXT_DOCUMENT_ROOT' => 'C:/wamp64/www'
    'SERVER_ADMIN' => 'wampserver@wampserver.invalid'
    'SCRIPT_FILENAME' => 'C:/wamp64/www/tripplan-web/tripplan/frontend/web/index.php'
    'REMOTE_PORT' => '60808'
    'REDIRECT_URL' => '/tripplan-web/tripplan/frontend/web/fotos-memorias/create'
    'REDIRECT_QUERY_STRING' => 'plano_id=16'
    'GATEWAY_INTERFACE' => 'CGI/1.1'
    'SERVER_PROTOCOL' => 'HTTP/1.1'
    'REQUEST_METHOD' => 'POST'
    'QUERY_STRING' => 'plano_id=16'
    'REQUEST_URI' => '/tripplan-web/tripplan/frontend/web/fotos-memorias/create?plano_id=16'
    'SCRIPT_NAME' => '/tripplan-web/tripplan/frontend/web/index.php'
    'PHP_SELF' => '/tripplan-web/tripplan/frontend/web/index.php'
    'REQUEST_TIME_FLOAT' => 1767548395.0251
    'REQUEST_TIME' => 1767548395
]
2026-01-04 17:40:27 [::1][5][o5lbi15b66g6q8him0ejmjvb77][error][yii\base\UnknownPropertyException] yii\base\UnknownPropertyException: Setting unknown property: common\models\FotosMemorias::fotos in C:\wamp64\www\tripplan-web\tripplan\vendor\yiisoft\yii2\base\Component.php:221
Stack trace:
#0 C:\wamp64\www\tripplan-web\tripplan\vendor\yiisoft\yii2\db\BaseActiveRecord.php(322): yii\base\Component->__set('fotos', 'memoria_1767548...')
#1 C:\wamp64\www\tripplan-web\tripplan\frontend\controllers\FotosMemoriasController.php(91): yii\db\BaseActiveRecord->__set('fotos', 'memoria_1767548...')
#2 [internal function]: frontend\controllers\FotosMemoriasController->actionCreate('16')
#3 C:\wamp64\www\tripplan-web\tripplan\vendor\yiisoft\yii2\base\InlineAction.php(60): call_user_func_array(Array, Array)
#4 C:\wamp64\www\tripplan-web\tripplan\vendor\yiisoft\yii2\base\Controller.php(184): yii\base\InlineAction->runWithParams(Array)
#5 C:\wamp64\www\tripplan-web\tripplan\vendor\yiisoft\yii2\base\Module.php(555): yii\base\Controller->runAction('create', Array)
#6 C:\wamp64\www\tripplan-web\tripplan\vendor\yiisoft\yii2\web\Application.php(103): yii\base\Module->runAction('fotos-memorias/...', Array)
#7 C:\wamp64\www\tripplan-web\tripplan\vendor\yiisoft\yii2\base\Application.php(387): yii\web\Application->handleRequest(Object(yii\web\Request))
#8 C:\wamp64\www\tripplan-web\tripplan\frontend\web\index.php(18): yii\base\Application->run()
#9 {main}
2026-01-04 17:40:27 [::1][5][o5lbi15b66g6q8him0ejmjvb77][info][application] $_GET = [
    'plano_id' => '16'
]

$_POST = [
    '_csrf-frontend' => 'qifHOlu4nKH0QOyLa7KCM6ruItQ7C3O08wEX0Wy-jhDwF4tgbtPl5JsHj8VaitFV6aZhhndeP_yWaVaWPsnhVw=='
    'FotosMemorias' => [
        'foto' => ''
        'comentario' => 'dd'
        'plano_viagem_id' => '16'
    ]
]

$_FILES = [
    'FotosMemorias' => [
        'name' => [
            'foto' => 'programaçao.jpg'
        ]
        'full_path' => [
            'foto' => 'programaçao.jpg'
        ]
        'type' => [
            'foto' => 'image/jpeg'
        ]
        'tmp_name' => [
            'foto' => 'C:\\wamp64\\tmp\\php1E65.tmp'
        ]
        'error' => [
            'foto' => 0
        ]
        'size' => [
            'foto' => 270061
        ]
    ]
]

$_COOKIE = [
    'Phpstorm-103aa988' => 'bf38dfb5-04b5-4849-a933-fbc4e7b3e27f'
    '_identity-backend' => '0056de632f8441a62c024e0c9bb0151a886f02adf425d5dba02a7dc6230a64f2a:2:{i:0;s:17:\"_identity-backend\";i:1;s:46:\"[8,\"F8iSIrBPc2WeseOIPDgZsgsdkTU2Ufqt\",2592000]\";}'
    'sidebar-collapse' => 'false'
    '_identity-frontend' => '01aebbe17af5cf269d57ad8fa9d7b0a3e66d6e5403c26ad0936cf8e478f1a3dca:2:{i:0;s:18:\"_identity-frontend\";i:1;s:46:\"[5,\"XtQljr3I7zzomKmcSywhu1fSRKmNTnWE\",2592000]\";}'
    'advanced-frontend' => 'o5lbi15b66g6q8him0ejmjvb77'
    '_csrf-frontend' => '2baa5d6f1f5b5b7ed04f94dc3487fdfca6597a2edb41ad6d94fc2deac8eddf58a:2:{i:0;s:14:\"_csrf-frontend\";i:1;s:32:\"Z0LZ5kyEoGcN18SfCHCRLULHehAGRwoG\";}'
    'advanced-backend' => 'u7a3tt9psa76mcfpnoi7mm5von'
    '_csrf-backend' => '319b23a394cc7b30b6e103301d35670f7f5759f821af35b7846e96429d15d963a:2:{i:0;s:13:\"_csrf-backend\";i:1;s:32:\"A_wVpiWq6w5HO4U62J4kK4ZM-YpOk18q\";}'
]

$_SESSION = [
    '__flash' => [
        'success' => -1
    ]
    '__id' => 5
    '__authKey' => 'XtQljr3I7zzomKmcSywhu1fSRKmNTnWE'
    'success' => 'Adicionado aos Favoritos'
]

$_SERVER = [
    'REDIRECT_STATUS' => '200'
    'HTTP_HOST' => 'localhost'
    'HTTP_CONNECTION' => 'keep-alive'
    'CONTENT_LENGTH' => '270794'
    'HTTP_CACHE_CONTROL' => 'max-age=0'
    'HTTP_SEC_CH_UA' => '\"Google Chrome\";v=\"143\", \"Chromium\";v=\"143\", \"Not A(Brand\";v=\"24\"'
    'HTTP_SEC_CH_UA_MOBILE' => '?0'
    'HTTP_SEC_CH_UA_PLATFORM' => '\"Windows\"'
    'HTTP_UPGRADE_INSECURE_REQUESTS' => '1'
    'HTTP_USER_AGENT' => 'Mozilla/5.0 (Windows NT 10.0; Win64; x64) AppleWebKit/537.36 (KHTML, like Gecko) Chrome/143.0.0.0 Safari/537.36'
    'HTTP_ORIGIN' => 'http://localhost'
    'CONTENT_TYPE' => 'multipart/form-data; boundary=----WebKitFormBoundaryNpYHlidsNRXmeYp3'
    'HTTP_ACCEPT' => 'text/html,application/xhtml+xml,application/xml;q=0.9,image/avif,image/webp,image/apng,*/*;q=0.8,application/signed-exchange;v=b3;q=0.7'
    'HTTP_SEC_FETCH_SITE' => 'same-origin'
    'HTTP_SEC_FETCH_MODE' => 'navigate'
    'HTTP_SEC_FETCH_USER' => '?1'
    'HTTP_SEC_FETCH_DEST' => 'document'
    'HTTP_REFERER' => 'http://localhost/tripplan-web/tripplan/frontend/web/fotos-memorias/create?plano_id=16'
    'HTTP_ACCEPT_ENCODING' => 'gzip, deflate, br, zstd'
    'HTTP_ACCEPT_LANGUAGE' => 'pt-PT,pt;q=0.9,en-US;q=0.8,en;q=0.7'
    'HTTP_COOKIE' => 'Phpstorm-103aa988=bf38dfb5-04b5-4849-a933-fbc4e7b3e27f; _identity-backend=0056de632f8441a62c024e0c9bb0151a886f02adf425d5dba02a7dc6230a64f2a%3A2%3A%7Bi%3A0%3Bs%3A17%3A%22_identity-backend%22%3Bi%3A1%3Bs%3A46%3A%22%5B8%2C%22F8iSIrBPc2WeseOIPDgZsgsdkTU2Ufqt%22%2C2592000%5D%22%3B%7D; sidebar-collapse=false; _identity-frontend=01aebbe17af5cf269d57ad8fa9d7b0a3e66d6e5403c26ad0936cf8e478f1a3dca%3A2%3A%7Bi%3A0%3Bs%3A18%3A%22_identity-frontend%22%3Bi%3A1%3Bs%3A46%3A%22%5B5%2C%22XtQljr3I7zzomKmcSywhu1fSRKmNTnWE%22%2C2592000%5D%22%3B%7D; advanced-frontend=o5lbi15b66g6q8him0ejmjvb77; _csrf-frontend=2baa5d6f1f5b5b7ed04f94dc3487fdfca6597a2edb41ad6d94fc2deac8eddf58a%3A2%3A%7Bi%3A0%3Bs%3A14%3A%22_csrf-frontend%22%3Bi%3A1%3Bs%3A32%3A%22Z0LZ5kyEoGcN18SfCHCRLULHehAGRwoG%22%3B%7D; advanced-backend=u7a3tt9psa76mcfpnoi7mm5von; _csrf-backend=319b23a394cc7b30b6e103301d35670f7f5759f821af35b7846e96429d15d963a%3A2%3A%7Bi%3A0%3Bs%3A13%3A%22_csrf-backend%22%3Bi%3A1%3Bs%3A32%3A%22A_wVpiWq6w5HO4U62J4kK4ZM-YpOk18q%22%3B%7D'
    'PATH' => 'C:\\Program Files\\Common Files\\Oracle\\Java\\javapath;C:\\Program Files (x86)\\NVIDIA Corporation\\PhysX\\Common;C:\\WINDOWS\\system32;C:\\WINDOWS;C:\\WINDOWS\\System32\\Wbem;C:\\WINDOWS\\System32\\WindowsPowerShell\\v1.0\\;C:\\WINDOWS\\System32\\OpenSSH\\;C:\\msys64\\ucrt64\\bin;C:\\Program Files\\Microsoft SQL Server\\150\\Tools\\Binn\\;C:\\Program Files\\dotnet\\;C:\\Program Files\\Microsoft SQL Server\\Client SDK\\ODBC\\170\\Tools\\Binn\\;C:\\wamp64\\bin\\php\\php8.1.31;C:\\ProgramData\\ComposerSetup\\bin;C:\\Program Files\\Git\\cmd;C:\\WINDOWS\\system32\\config\\systemprofile\\AppData\\Local\\Microsoft\\WindowsApps'
    'SystemRoot' => 'C:\\WINDOWS'
    'COMSPEC' => 'C:\\WINDOWS\\system32\\cmd.exe'
    'PATHEXT' => '.COM;.EXE;.BAT;.CMD;.VBS;.VBE;.JS;.JSE;.WSF;.WSH;.MSC'
    'WINDIR' => 'C:\\WINDOWS'
    'SERVER_SIGNATURE' => '<address>Apache/2.4.62 (Win64) PHP/8.1.31 mod_fcgid/2.3.10-dev Server at localhost Port 80</address>
'
    'SERVER_SOFTWARE' => 'Apache/2.4.62 (Win64) PHP/8.1.31 mod_fcgid/2.3.10-dev'
    'SERVER_NAME' => 'localhost'
    'SERVER_ADDR' => '::1'
    'SERVER_PORT' => '80'
    'REMOTE_ADDR' => '::1'
    'DOCUMENT_ROOT' => 'C:/wamp64/www'
    'REQUEST_SCHEME' => 'http'
    'CONTEXT_PREFIX' => ''
    'CONTEXT_DOCUMENT_ROOT' => 'C:/wamp64/www'
    'SERVER_ADMIN' => 'wampserver@wampserver.invalid'
    'SCRIPT_FILENAME' => 'C:/wamp64/www/tripplan-web/tripplan/frontend/web/index.php'
    'REMOTE_PORT' => '60821'
    'REDIRECT_URL' => '/tripplan-web/tripplan/frontend/web/fotos-memorias/create'
    'REDIRECT_QUERY_STRING' => 'plano_id=16'
    'GATEWAY_INTERFACE' => 'CGI/1.1'
    'SERVER_PROTOCOL' => 'HTTP/1.1'
    'REQUEST_METHOD' => 'POST'
    'QUERY_STRING' => 'plano_id=16'
    'REQUEST_URI' => '/tripplan-web/tripplan/frontend/web/fotos-memorias/create?plano_id=16'
    'SCRIPT_NAME' => '/tripplan-web/tripplan/frontend/web/index.php'
    'PHP_SELF' => '/tripplan-web/tripplan/frontend/web/index.php'
    'REQUEST_TIME_FLOAT' => 1767548427.8468
    'REQUEST_TIME' => 1767548427
]
2026-01-04 17:41:22 [::1][5][o5lbi15b66g6q8him0ejmjvb77][error][yii\base\UnknownPropertyException] yii\base\UnknownPropertyException: Setting unknown property: common\models\FotosMemorias::fotos in C:\wamp64\www\tripplan-web\tripplan\vendor\yiisoft\yii2\base\Component.php:221
Stack trace:
#0 C:\wamp64\www\tripplan-web\tripplan\vendor\yiisoft\yii2\db\BaseActiveRecord.php(322): yii\base\Component->__set('fotos', 'memoria_1767548...')
#1 C:\wamp64\www\tripplan-web\tripplan\frontend\controllers\FotosMemoriasController.php(91): yii\db\BaseActiveRecord->__set('fotos', 'memoria_1767548...')
#2 [internal function]: frontend\controllers\FotosMemoriasController->actionCreate('16')
#3 C:\wamp64\www\tripplan-web\tripplan\vendor\yiisoft\yii2\base\InlineAction.php(60): call_user_func_array(Array, Array)
#4 C:\wamp64\www\tripplan-web\tripplan\vendor\yiisoft\yii2\base\Controller.php(184): yii\base\InlineAction->runWithParams(Array)
#5 C:\wamp64\www\tripplan-web\tripplan\vendor\yiisoft\yii2\base\Module.php(555): yii\base\Controller->runAction('create', Array)
#6 C:\wamp64\www\tripplan-web\tripplan\vendor\yiisoft\yii2\web\Application.php(103): yii\base\Module->runAction('fotos-memorias/...', Array)
#7 C:\wamp64\www\tripplan-web\tripplan\vendor\yiisoft\yii2\base\Application.php(387): yii\web\Application->handleRequest(Object(yii\web\Request))
#8 C:\wamp64\www\tripplan-web\tripplan\frontend\web\index.php(18): yii\base\Application->run()
#9 {main}
2026-01-04 17:41:22 [::1][5][o5lbi15b66g6q8him0ejmjvb77][info][application] $_GET = [
    'plano_id' => '16'
]

$_POST = [
    '_csrf-frontend' => 'qifHOlu4nKH0QOyLa7KCM6ruItQ7C3O08wEX0Wy-jhDwF4tgbtPl5JsHj8VaitFV6aZhhndeP_yWaVaWPsnhVw=='
    'FotosMemorias' => [
        'foto' => ''
        'comentario' => 'dd'
        'plano_viagem_id' => '16'
    ]
]

$_FILES = [
    'FotosMemorias' => [
        'name' => [
            'foto' => 'programaçao.jpg'
        ]
        'full_path' => [
            'foto' => 'programaçao.jpg'
        ]
        'type' => [
            'foto' => 'image/jpeg'
        ]
        'tmp_name' => [
            'foto' => 'C:\\wamp64\\tmp\\phpF4E0.tmp'
        ]
        'error' => [
            'foto' => 0
        ]
        'size' => [
            'foto' => 270061
        ]
    ]
]

$_COOKIE = [
    'Phpstorm-103aa988' => 'bf38dfb5-04b5-4849-a933-fbc4e7b3e27f'
    '_identity-backend' => '0056de632f8441a62c024e0c9bb0151a886f02adf425d5dba02a7dc6230a64f2a:2:{i:0;s:17:\"_identity-backend\";i:1;s:46:\"[8,\"F8iSIrBPc2WeseOIPDgZsgsdkTU2Ufqt\",2592000]\";}'
    'sidebar-collapse' => 'false'
    '_identity-frontend' => '01aebbe17af5cf269d57ad8fa9d7b0a3e66d6e5403c26ad0936cf8e478f1a3dca:2:{i:0;s:18:\"_identity-frontend\";i:1;s:46:\"[5,\"XtQljr3I7zzomKmcSywhu1fSRKmNTnWE\",2592000]\";}'
    'advanced-frontend' => 'o5lbi15b66g6q8him0ejmjvb77'
    '_csrf-frontend' => '2baa5d6f1f5b5b7ed04f94dc3487fdfca6597a2edb41ad6d94fc2deac8eddf58a:2:{i:0;s:14:\"_csrf-frontend\";i:1;s:32:\"Z0LZ5kyEoGcN18SfCHCRLULHehAGRwoG\";}'
    'advanced-backend' => 'u7a3tt9psa76mcfpnoi7mm5von'
    '_csrf-backend' => '319b23a394cc7b30b6e103301d35670f7f5759f821af35b7846e96429d15d963a:2:{i:0;s:13:\"_csrf-backend\";i:1;s:32:\"A_wVpiWq6w5HO4U62J4kK4ZM-YpOk18q\";}'
]

$_SESSION = [
    '__flash' => [
        'success' => -1
    ]
    '__id' => 5
    '__authKey' => 'XtQljr3I7zzomKmcSywhu1fSRKmNTnWE'
    'success' => 'Adicionado aos Favoritos'
]

$_SERVER = [
    'REDIRECT_STATUS' => '200'
    'HTTP_HOST' => 'localhost'
    'HTTP_CONNECTION' => 'keep-alive'
    'CONTENT_LENGTH' => '270794'
    'HTTP_CACHE_CONTROL' => 'max-age=0'
    'HTTP_SEC_CH_UA' => '\"Google Chrome\";v=\"143\", \"Chromium\";v=\"143\", \"Not A(Brand\";v=\"24\"'
    'HTTP_SEC_CH_UA_MOBILE' => '?0'
    'HTTP_SEC_CH_UA_PLATFORM' => '\"Windows\"'
    'HTTP_UPGRADE_INSECURE_REQUESTS' => '1'
    'HTTP_USER_AGENT' => 'Mozilla/5.0 (Windows NT 10.0; Win64; x64) AppleWebKit/537.36 (KHTML, like Gecko) Chrome/143.0.0.0 Safari/537.36'
    'HTTP_ORIGIN' => 'http://localhost'
    'CONTENT_TYPE' => 'multipart/form-data; boundary=----WebKitFormBoundaryNpYHlidsNRXmeYp3'
    'HTTP_ACCEPT' => 'text/html,application/xhtml+xml,application/xml;q=0.9,image/avif,image/webp,image/apng,*/*;q=0.8,application/signed-exchange;v=b3;q=0.7'
    'HTTP_SEC_FETCH_SITE' => 'same-origin'
    'HTTP_SEC_FETCH_MODE' => 'navigate'
    'HTTP_SEC_FETCH_USER' => '?1'
    'HTTP_SEC_FETCH_DEST' => 'document'
    'HTTP_REFERER' => 'http://localhost/tripplan-web/tripplan/frontend/web/fotos-memorias/create?plano_id=16'
    'HTTP_ACCEPT_ENCODING' => 'gzip, deflate, br, zstd'
    'HTTP_ACCEPT_LANGUAGE' => 'pt-PT,pt;q=0.9,en-US;q=0.8,en;q=0.7'
    'HTTP_COOKIE' => 'Phpstorm-103aa988=bf38dfb5-04b5-4849-a933-fbc4e7b3e27f; _identity-backend=0056de632f8441a62c024e0c9bb0151a886f02adf425d5dba02a7dc6230a64f2a%3A2%3A%7Bi%3A0%3Bs%3A17%3A%22_identity-backend%22%3Bi%3A1%3Bs%3A46%3A%22%5B8%2C%22F8iSIrBPc2WeseOIPDgZsgsdkTU2Ufqt%22%2C2592000%5D%22%3B%7D; sidebar-collapse=false; _identity-frontend=01aebbe17af5cf269d57ad8fa9d7b0a3e66d6e5403c26ad0936cf8e478f1a3dca%3A2%3A%7Bi%3A0%3Bs%3A18%3A%22_identity-frontend%22%3Bi%3A1%3Bs%3A46%3A%22%5B5%2C%22XtQljr3I7zzomKmcSywhu1fSRKmNTnWE%22%2C2592000%5D%22%3B%7D; advanced-frontend=o5lbi15b66g6q8him0ejmjvb77; _csrf-frontend=2baa5d6f1f5b5b7ed04f94dc3487fdfca6597a2edb41ad6d94fc2deac8eddf58a%3A2%3A%7Bi%3A0%3Bs%3A14%3A%22_csrf-frontend%22%3Bi%3A1%3Bs%3A32%3A%22Z0LZ5kyEoGcN18SfCHCRLULHehAGRwoG%22%3B%7D; advanced-backend=u7a3tt9psa76mcfpnoi7mm5von; _csrf-backend=319b23a394cc7b30b6e103301d35670f7f5759f821af35b7846e96429d15d963a%3A2%3A%7Bi%3A0%3Bs%3A13%3A%22_csrf-backend%22%3Bi%3A1%3Bs%3A32%3A%22A_wVpiWq6w5HO4U62J4kK4ZM-YpOk18q%22%3B%7D'
    'PATH' => 'C:\\Program Files\\Common Files\\Oracle\\Java\\javapath;C:\\Program Files (x86)\\NVIDIA Corporation\\PhysX\\Common;C:\\WINDOWS\\system32;C:\\WINDOWS;C:\\WINDOWS\\System32\\Wbem;C:\\WINDOWS\\System32\\WindowsPowerShell\\v1.0\\;C:\\WINDOWS\\System32\\OpenSSH\\;C:\\msys64\\ucrt64\\bin;C:\\Program Files\\Microsoft SQL Server\\150\\Tools\\Binn\\;C:\\Program Files\\dotnet\\;C:\\Program Files\\Microsoft SQL Server\\Client SDK\\ODBC\\170\\Tools\\Binn\\;C:\\wamp64\\bin\\php\\php8.1.31;C:\\ProgramData\\ComposerSetup\\bin;C:\\Program Files\\Git\\cmd;C:\\WINDOWS\\system32\\config\\systemprofile\\AppData\\Local\\Microsoft\\WindowsApps'
    'SystemRoot' => 'C:\\WINDOWS'
    'COMSPEC' => 'C:\\WINDOWS\\system32\\cmd.exe'
    'PATHEXT' => '.COM;.EXE;.BAT;.CMD;.VBS;.VBE;.JS;.JSE;.WSF;.WSH;.MSC'
    'WINDIR' => 'C:\\WINDOWS'
    'SERVER_SIGNATURE' => '<address>Apache/2.4.62 (Win64) PHP/8.1.31 mod_fcgid/2.3.10-dev Server at localhost Port 80</address>
'
    'SERVER_SOFTWARE' => 'Apache/2.4.62 (Win64) PHP/8.1.31 mod_fcgid/2.3.10-dev'
    'SERVER_NAME' => 'localhost'
    'SERVER_ADDR' => '::1'
    'SERVER_PORT' => '80'
    'REMOTE_ADDR' => '::1'
    'DOCUMENT_ROOT' => 'C:/wamp64/www'
    'REQUEST_SCHEME' => 'http'
    'CONTEXT_PREFIX' => ''
    'CONTEXT_DOCUMENT_ROOT' => 'C:/wamp64/www'
    'SERVER_ADMIN' => 'wampserver@wampserver.invalid'
    'SCRIPT_FILENAME' => 'C:/wamp64/www/tripplan-web/tripplan/frontend/web/index.php'
    'REMOTE_PORT' => '60836'
    'REDIRECT_URL' => '/tripplan-web/tripplan/frontend/web/fotos-memorias/create'
    'REDIRECT_QUERY_STRING' => 'plano_id=16'
    'GATEWAY_INTERFACE' => 'CGI/1.1'
    'SERVER_PROTOCOL' => 'HTTP/1.1'
    'REQUEST_METHOD' => 'POST'
    'QUERY_STRING' => 'plano_id=16'
    'REQUEST_URI' => '/tripplan-web/tripplan/frontend/web/fotos-memorias/create?plano_id=16'
    'SCRIPT_NAME' => '/tripplan-web/tripplan/frontend/web/index.php'
    'PHP_SELF' => '/tripplan-web/tripplan/frontend/web/index.php'
    'REQUEST_TIME_FLOAT' => 1767548482.744
    'REQUEST_TIME' => 1767548482
]
2026-01-04 17:43:26 [::1][5][o5lbi15b66g6q8him0ejmjvb77][error][yii\base\UnknownPropertyException] yii\base\UnknownPropertyException: Setting unknown property: common\models\FotosMemorias::fotos in C:\wamp64\www\tripplan-web\tripplan\vendor\yiisoft\yii2\base\Component.php:221
Stack trace:
#0 C:\wamp64\www\tripplan-web\tripplan\vendor\yiisoft\yii2\db\BaseActiveRecord.php(322): yii\base\Component->__set('fotos', 'memoria_1767548...')
#1 C:\wamp64\www\tripplan-web\tripplan\frontend\controllers\FotosMemoriasController.php(91): yii\db\BaseActiveRecord->__set('fotos', 'memoria_1767548...')
#2 [internal function]: frontend\controllers\FotosMemoriasController->actionCreate('16')
#3 C:\wamp64\www\tripplan-web\tripplan\vendor\yiisoft\yii2\base\InlineAction.php(60): call_user_func_array(Array, Array)
#4 C:\wamp64\www\tripplan-web\tripplan\vendor\yiisoft\yii2\base\Controller.php(184): yii\base\InlineAction->runWithParams(Array)
#5 C:\wamp64\www\tripplan-web\tripplan\vendor\yiisoft\yii2\base\Module.php(555): yii\base\Controller->runAction('create', Array)
#6 C:\wamp64\www\tripplan-web\tripplan\vendor\yiisoft\yii2\web\Application.php(103): yii\base\Module->runAction('fotos-memorias/...', Array)
#7 C:\wamp64\www\tripplan-web\tripplan\vendor\yiisoft\yii2\base\Application.php(387): yii\web\Application->handleRequest(Object(yii\web\Request))
#8 C:\wamp64\www\tripplan-web\tripplan\frontend\web\index.php(18): yii\base\Application->run()
#9 {main}
2026-01-04 17:43:26 [::1][5][o5lbi15b66g6q8him0ejmjvb77][info][application] $_GET = [
    'plano_id' => '16'
]

$_POST = [
    '_csrf-frontend' => 'qifHOlu4nKH0QOyLa7KCM6ruItQ7C3O08wEX0Wy-jhDwF4tgbtPl5JsHj8VaitFV6aZhhndeP_yWaVaWPsnhVw=='
    'FotosMemorias' => [
        'foto' => ''
        'comentario' => 'dd'
        'plano_viagem_id' => '16'
    ]
]

$_FILES = [
    'FotosMemorias' => [
        'name' => [
            'foto' => 'programaçao.jpg'
        ]
        'full_path' => [
            'foto' => 'programaçao.jpg'
        ]
        'type' => [
            'foto' => 'image/jpeg'
        ]
        'tmp_name' => [
            'foto' => 'C:\\wamp64\\tmp\\phpD76C.tmp'
        ]
        'error' => [
            'foto' => 0
        ]
        'size' => [
            'foto' => 270061
        ]
    ]
]

$_COOKIE = [
    'Phpstorm-103aa988' => 'bf38dfb5-04b5-4849-a933-fbc4e7b3e27f'
    '_identity-backend' => '0056de632f8441a62c024e0c9bb0151a886f02adf425d5dba02a7dc6230a64f2a:2:{i:0;s:17:\"_identity-backend\";i:1;s:46:\"[8,\"F8iSIrBPc2WeseOIPDgZsgsdkTU2Ufqt\",2592000]\";}'
    'sidebar-collapse' => 'false'
    '_identity-frontend' => '01aebbe17af5cf269d57ad8fa9d7b0a3e66d6e5403c26ad0936cf8e478f1a3dca:2:{i:0;s:18:\"_identity-frontend\";i:1;s:46:\"[5,\"XtQljr3I7zzomKmcSywhu1fSRKmNTnWE\",2592000]\";}'
    'advanced-frontend' => 'o5lbi15b66g6q8him0ejmjvb77'
    '_csrf-frontend' => '2baa5d6f1f5b5b7ed04f94dc3487fdfca6597a2edb41ad6d94fc2deac8eddf58a:2:{i:0;s:14:\"_csrf-frontend\";i:1;s:32:\"Z0LZ5kyEoGcN18SfCHCRLULHehAGRwoG\";}'
    'advanced-backend' => 'u7a3tt9psa76mcfpnoi7mm5von'
    '_csrf-backend' => '319b23a394cc7b30b6e103301d35670f7f5759f821af35b7846e96429d15d963a:2:{i:0;s:13:\"_csrf-backend\";i:1;s:32:\"A_wVpiWq6w5HO4U62J4kK4ZM-YpOk18q\";}'
]

$_SESSION = [
    '__flash' => [
        'success' => -1
    ]
    '__id' => 5
    '__authKey' => 'XtQljr3I7zzomKmcSywhu1fSRKmNTnWE'
    'success' => 'Adicionado aos Favoritos'
]

$_SERVER = [
    'REDIRECT_STATUS' => '200'
    'HTTP_HOST' => 'localhost'
    'HTTP_CONNECTION' => 'keep-alive'
    'CONTENT_LENGTH' => '270794'
    'HTTP_CACHE_CONTROL' => 'max-age=0'
    'HTTP_SEC_CH_UA' => '\"Google Chrome\";v=\"143\", \"Chromium\";v=\"143\", \"Not A(Brand\";v=\"24\"'
    'HTTP_SEC_CH_UA_MOBILE' => '?0'
    'HTTP_SEC_CH_UA_PLATFORM' => '\"Windows\"'
    'HTTP_UPGRADE_INSECURE_REQUESTS' => '1'
    'HTTP_USER_AGENT' => 'Mozilla/5.0 (Windows NT 10.0; Win64; x64) AppleWebKit/537.36 (KHTML, like Gecko) Chrome/143.0.0.0 Safari/537.36'
    'HTTP_ORIGIN' => 'http://localhost'
    'CONTENT_TYPE' => 'multipart/form-data; boundary=----WebKitFormBoundaryNpYHlidsNRXmeYp3'
    'HTTP_ACCEPT' => 'text/html,application/xhtml+xml,application/xml;q=0.9,image/avif,image/webp,image/apng,*/*;q=0.8,application/signed-exchange;v=b3;q=0.7'
    'HTTP_SEC_FETCH_SITE' => 'same-origin'
    'HTTP_SEC_FETCH_MODE' => 'navigate'
    'HTTP_SEC_FETCH_USER' => '?1'
    'HTTP_SEC_FETCH_DEST' => 'document'
    'HTTP_REFERER' => 'http://localhost/tripplan-web/tripplan/frontend/web/fotos-memorias/create?plano_id=16'
    'HTTP_ACCEPT_ENCODING' => 'gzip, deflate, br, zstd'
    'HTTP_ACCEPT_LANGUAGE' => 'pt-PT,pt;q=0.9,en-US;q=0.8,en;q=0.7'
    'HTTP_COOKIE' => 'Phpstorm-103aa988=bf38dfb5-04b5-4849-a933-fbc4e7b3e27f; _identity-backend=0056de632f8441a62c024e0c9bb0151a886f02adf425d5dba02a7dc6230a64f2a%3A2%3A%7Bi%3A0%3Bs%3A17%3A%22_identity-backend%22%3Bi%3A1%3Bs%3A46%3A%22%5B8%2C%22F8iSIrBPc2WeseOIPDgZsgsdkTU2Ufqt%22%2C2592000%5D%22%3B%7D; sidebar-collapse=false; _identity-frontend=01aebbe17af5cf269d57ad8fa9d7b0a3e66d6e5403c26ad0936cf8e478f1a3dca%3A2%3A%7Bi%3A0%3Bs%3A18%3A%22_identity-frontend%22%3Bi%3A1%3Bs%3A46%3A%22%5B5%2C%22XtQljr3I7zzomKmcSywhu1fSRKmNTnWE%22%2C2592000%5D%22%3B%7D; advanced-frontend=o5lbi15b66g6q8him0ejmjvb77; _csrf-frontend=2baa5d6f1f5b5b7ed04f94dc3487fdfca6597a2edb41ad6d94fc2deac8eddf58a%3A2%3A%7Bi%3A0%3Bs%3A14%3A%22_csrf-frontend%22%3Bi%3A1%3Bs%3A32%3A%22Z0LZ5kyEoGcN18SfCHCRLULHehAGRwoG%22%3B%7D; advanced-backend=u7a3tt9psa76mcfpnoi7mm5von; _csrf-backend=319b23a394cc7b30b6e103301d35670f7f5759f821af35b7846e96429d15d963a%3A2%3A%7Bi%3A0%3Bs%3A13%3A%22_csrf-backend%22%3Bi%3A1%3Bs%3A32%3A%22A_wVpiWq6w5HO4U62J4kK4ZM-YpOk18q%22%3B%7D'
    'PATH' => 'C:\\Program Files\\Common Files\\Oracle\\Java\\javapath;C:\\Program Files (x86)\\NVIDIA Corporation\\PhysX\\Common;C:\\WINDOWS\\system32;C:\\WINDOWS;C:\\WINDOWS\\System32\\Wbem;C:\\WINDOWS\\System32\\WindowsPowerShell\\v1.0\\;C:\\WINDOWS\\System32\\OpenSSH\\;C:\\msys64\\ucrt64\\bin;C:\\Program Files\\Microsoft SQL Server\\150\\Tools\\Binn\\;C:\\Program Files\\dotnet\\;C:\\Program Files\\Microsoft SQL Server\\Client SDK\\ODBC\\170\\Tools\\Binn\\;C:\\wamp64\\bin\\php\\php8.1.31;C:\\ProgramData\\ComposerSetup\\bin;C:\\Program Files\\Git\\cmd;C:\\WINDOWS\\system32\\config\\systemprofile\\AppData\\Local\\Microsoft\\WindowsApps'
    'SystemRoot' => 'C:\\WINDOWS'
    'COMSPEC' => 'C:\\WINDOWS\\system32\\cmd.exe'
    'PATHEXT' => '.COM;.EXE;.BAT;.CMD;.VBS;.VBE;.JS;.JSE;.WSF;.WSH;.MSC'
    'WINDIR' => 'C:\\WINDOWS'
    'SERVER_SIGNATURE' => '<address>Apache/2.4.62 (Win64) PHP/8.1.31 mod_fcgid/2.3.10-dev Server at localhost Port 80</address>
'
    'SERVER_SOFTWARE' => 'Apache/2.4.62 (Win64) PHP/8.1.31 mod_fcgid/2.3.10-dev'
    'SERVER_NAME' => 'localhost'
    'SERVER_ADDR' => '::1'
    'SERVER_PORT' => '80'
    'REMOTE_ADDR' => '::1'
    'DOCUMENT_ROOT' => 'C:/wamp64/www'
    'REQUEST_SCHEME' => 'http'
    'CONTEXT_PREFIX' => ''
    'CONTEXT_DOCUMENT_ROOT' => 'C:/wamp64/www'
    'SERVER_ADMIN' => 'wampserver@wampserver.invalid'
    'SCRIPT_FILENAME' => 'C:/wamp64/www/tripplan-web/tripplan/frontend/web/index.php'
    'REMOTE_PORT' => '60868'
    'REDIRECT_URL' => '/tripplan-web/tripplan/frontend/web/fotos-memorias/create'
    'REDIRECT_QUERY_STRING' => 'plano_id=16'
    'GATEWAY_INTERFACE' => 'CGI/1.1'
    'SERVER_PROTOCOL' => 'HTTP/1.1'
    'REQUEST_METHOD' => 'POST'
    'QUERY_STRING' => 'plano_id=16'
    'REQUEST_URI' => '/tripplan-web/tripplan/frontend/web/fotos-memorias/create?plano_id=16'
    'SCRIPT_NAME' => '/tripplan-web/tripplan/frontend/web/index.php'
    'PHP_SELF' => '/tripplan-web/tripplan/frontend/web/index.php'
    'REQUEST_TIME_FLOAT' => 1767548606.2711
    'REQUEST_TIME' => 1767548606
]
2026-01-04 17:43:30 [::1][5][o5lbi15b66g6q8him0ejmjvb77][error][yii\base\UnknownPropertyException] yii\base\UnknownPropertyException: Setting unknown property: common\models\FotosMemorias::fotos in C:\wamp64\www\tripplan-web\tripplan\vendor\yiisoft\yii2\base\Component.php:221
Stack trace:
#0 C:\wamp64\www\tripplan-web\tripplan\vendor\yiisoft\yii2\db\BaseActiveRecord.php(322): yii\base\Component->__set('fotos', 'memoria_1767548...')
#1 C:\wamp64\www\tripplan-web\tripplan\frontend\controllers\FotosMemoriasController.php(91): yii\db\BaseActiveRecord->__set('fotos', 'memoria_1767548...')
#2 [internal function]: frontend\controllers\FotosMemoriasController->actionCreate('16')
#3 C:\wamp64\www\tripplan-web\tripplan\vendor\yiisoft\yii2\base\InlineAction.php(60): call_user_func_array(Array, Array)
#4 C:\wamp64\www\tripplan-web\tripplan\vendor\yiisoft\yii2\base\Controller.php(184): yii\base\InlineAction->runWithParams(Array)
#5 C:\wamp64\www\tripplan-web\tripplan\vendor\yiisoft\yii2\base\Module.php(555): yii\base\Controller->runAction('create', Array)
#6 C:\wamp64\www\tripplan-web\tripplan\vendor\yiisoft\yii2\web\Application.php(103): yii\base\Module->runAction('fotos-memorias/...', Array)
#7 C:\wamp64\www\tripplan-web\tripplan\vendor\yiisoft\yii2\base\Application.php(387): yii\web\Application->handleRequest(Object(yii\web\Request))
#8 C:\wamp64\www\tripplan-web\tripplan\frontend\web\index.php(18): yii\base\Application->run()
#9 {main}
2026-01-04 17:43:30 [::1][5][o5lbi15b66g6q8him0ejmjvb77][info][application] $_GET = [
    'plano_id' => '16'
]

$_POST = [
    '_csrf-frontend' => 'FIZ0EIxTvIseug_GvbJKdsMvgARo0UsC-W4oQtGBsIBOtjhKuTjFznH9bIiMihkQgGfDViSEB0qcBmkFg_bfxw=='
    'FotosMemorias' => [
        'foto' => ''
        'comentario' => 'dd'
        'plano_viagem_id' => '16'
    ]
]

$_FILES = [
    'FotosMemorias' => [
        'name' => [
            'foto' => 'programaçao.jpg'
        ]
        'full_path' => [
            'foto' => 'programaçao.jpg'
        ]
        'type' => [
            'foto' => 'image/jpeg'
        ]
        'tmp_name' => [
            'foto' => 'C:\\wamp64\\tmp\\phpE8D2.tmp'
        ]
        'error' => [
            'foto' => 0
        ]
        'size' => [
            'foto' => 270061
        ]
    ]
]

$_COOKIE = [
    'Phpstorm-103aa988' => 'bf38dfb5-04b5-4849-a933-fbc4e7b3e27f'
    '_identity-backend' => '0056de632f8441a62c024e0c9bb0151a886f02adf425d5dba02a7dc6230a64f2a:2:{i:0;s:17:\"_identity-backend\";i:1;s:46:\"[8,\"F8iSIrBPc2WeseOIPDgZsgsdkTU2Ufqt\",2592000]\";}'
    'sidebar-collapse' => 'false'
    '_identity-frontend' => '01aebbe17af5cf269d57ad8fa9d7b0a3e66d6e5403c26ad0936cf8e478f1a3dca:2:{i:0;s:18:\"_identity-frontend\";i:1;s:46:\"[5,\"XtQljr3I7zzomKmcSywhu1fSRKmNTnWE\",2592000]\";}'
    'advanced-frontend' => 'o5lbi15b66g6q8him0ejmjvb77'
    '_csrf-frontend' => '2baa5d6f1f5b5b7ed04f94dc3487fdfca6597a2edb41ad6d94fc2deac8eddf58a:2:{i:0;s:14:\"_csrf-frontend\";i:1;s:32:\"Z0LZ5kyEoGcN18SfCHCRLULHehAGRwoG\";}'
    'advanced-backend' => 'u7a3tt9psa76mcfpnoi7mm5von'
    '_csrf-backend' => '319b23a394cc7b30b6e103301d35670f7f5759f821af35b7846e96429d15d963a:2:{i:0;s:13:\"_csrf-backend\";i:1;s:32:\"A_wVpiWq6w5HO4U62J4kK4ZM-YpOk18q\";}'
]

$_SESSION = [
    '__flash' => [
        'success' => -1
    ]
    '__id' => 5
    '__authKey' => 'XtQljr3I7zzomKmcSywhu1fSRKmNTnWE'
    'success' => 'Adicionado aos Favoritos'
]

$_SERVER = [
    'REDIRECT_STATUS' => '200'
    'HTTP_HOST' => 'localhost'
    'HTTP_CONNECTION' => 'keep-alive'
    'CONTENT_LENGTH' => '270794'
    'HTTP_CACHE_CONTROL' => 'max-age=0'
    'HTTP_SEC_CH_UA' => '\"Google Chrome\";v=\"143\", \"Chromium\";v=\"143\", \"Not A(Brand\";v=\"24\"'
    'HTTP_SEC_CH_UA_MOBILE' => '?0'
    'HTTP_SEC_CH_UA_PLATFORM' => '\"Windows\"'
    'HTTP_ORIGIN' => 'http://localhost'
    'CONTENT_TYPE' => 'multipart/form-data; boundary=----WebKitFormBoundary8Ub7vJlPnyDUR7BS'
    'HTTP_UPGRADE_INSECURE_REQUESTS' => '1'
    'HTTP_USER_AGENT' => 'Mozilla/5.0 (Windows NT 10.0; Win64; x64) AppleWebKit/537.36 (KHTML, like Gecko) Chrome/143.0.0.0 Safari/537.36'
    'HTTP_ACCEPT' => 'text/html,application/xhtml+xml,application/xml;q=0.9,image/avif,image/webp,image/apng,*/*;q=0.8,application/signed-exchange;v=b3;q=0.7'
    'HTTP_SEC_FETCH_SITE' => 'same-origin'
    'HTTP_SEC_FETCH_MODE' => 'navigate'
    'HTTP_SEC_FETCH_USER' => '?1'
    'HTTP_SEC_FETCH_DEST' => 'document'
    'HTTP_REFERER' => 'http://localhost/tripplan-web/tripplan/frontend/web/fotos-memorias/create?plano_id=16'
    'HTTP_ACCEPT_ENCODING' => 'gzip, deflate, br, zstd'
    'HTTP_ACCEPT_LANGUAGE' => 'pt-PT,pt;q=0.9,en-US;q=0.8,en;q=0.7'
    'HTTP_COOKIE' => 'Phpstorm-103aa988=bf38dfb5-04b5-4849-a933-fbc4e7b3e27f; _identity-backend=0056de632f8441a62c024e0c9bb0151a886f02adf425d5dba02a7dc6230a64f2a%3A2%3A%7Bi%3A0%3Bs%3A17%3A%22_identity-backend%22%3Bi%3A1%3Bs%3A46%3A%22%5B8%2C%22F8iSIrBPc2WeseOIPDgZsgsdkTU2Ufqt%22%2C2592000%5D%22%3B%7D; sidebar-collapse=false; _identity-frontend=01aebbe17af5cf269d57ad8fa9d7b0a3e66d6e5403c26ad0936cf8e478f1a3dca%3A2%3A%7Bi%3A0%3Bs%3A18%3A%22_identity-frontend%22%3Bi%3A1%3Bs%3A46%3A%22%5B5%2C%22XtQljr3I7zzomKmcSywhu1fSRKmNTnWE%22%2C2592000%5D%22%3B%7D; advanced-frontend=o5lbi15b66g6q8him0ejmjvb77; _csrf-frontend=2baa5d6f1f5b5b7ed04f94dc3487fdfca6597a2edb41ad6d94fc2deac8eddf58a%3A2%3A%7Bi%3A0%3Bs%3A14%3A%22_csrf-frontend%22%3Bi%3A1%3Bs%3A32%3A%22Z0LZ5kyEoGcN18SfCHCRLULHehAGRwoG%22%3B%7D; advanced-backend=u7a3tt9psa76mcfpnoi7mm5von; _csrf-backend=319b23a394cc7b30b6e103301d35670f7f5759f821af35b7846e96429d15d963a%3A2%3A%7Bi%3A0%3Bs%3A13%3A%22_csrf-backend%22%3Bi%3A1%3Bs%3A32%3A%22A_wVpiWq6w5HO4U62J4kK4ZM-YpOk18q%22%3B%7D'
    'PATH' => 'C:\\Program Files\\Common Files\\Oracle\\Java\\javapath;C:\\Program Files (x86)\\NVIDIA Corporation\\PhysX\\Common;C:\\WINDOWS\\system32;C:\\WINDOWS;C:\\WINDOWS\\System32\\Wbem;C:\\WINDOWS\\System32\\WindowsPowerShell\\v1.0\\;C:\\WINDOWS\\System32\\OpenSSH\\;C:\\msys64\\ucrt64\\bin;C:\\Program Files\\Microsoft SQL Server\\150\\Tools\\Binn\\;C:\\Program Files\\dotnet\\;C:\\Program Files\\Microsoft SQL Server\\Client SDK\\ODBC\\170\\Tools\\Binn\\;C:\\wamp64\\bin\\php\\php8.1.31;C:\\ProgramData\\ComposerSetup\\bin;C:\\Program Files\\Git\\cmd;C:\\WINDOWS\\system32\\config\\systemprofile\\AppData\\Local\\Microsoft\\WindowsApps'
    'SystemRoot' => 'C:\\WINDOWS'
    'COMSPEC' => 'C:\\WINDOWS\\system32\\cmd.exe'
    'PATHEXT' => '.COM;.EXE;.BAT;.CMD;.VBS;.VBE;.JS;.JSE;.WSF;.WSH;.MSC'
    'WINDIR' => 'C:\\WINDOWS'
    'SERVER_SIGNATURE' => '<address>Apache/2.4.62 (Win64) PHP/8.1.31 mod_fcgid/2.3.10-dev Server at localhost Port 80</address>
'
    'SERVER_SOFTWARE' => 'Apache/2.4.62 (Win64) PHP/8.1.31 mod_fcgid/2.3.10-dev'
    'SERVER_NAME' => 'localhost'
    'SERVER_ADDR' => '::1'
    'SERVER_PORT' => '80'
    'REMOTE_ADDR' => '::1'
    'DOCUMENT_ROOT' => 'C:/wamp64/www'
    'REQUEST_SCHEME' => 'http'
    'CONTEXT_PREFIX' => ''
    'CONTEXT_DOCUMENT_ROOT' => 'C:/wamp64/www'
    'SERVER_ADMIN' => 'wampserver@wampserver.invalid'
    'SCRIPT_FILENAME' => 'C:/wamp64/www/tripplan-web/tripplan/frontend/web/index.php'
    'REMOTE_PORT' => '60875'
    'REDIRECT_URL' => '/tripplan-web/tripplan/frontend/web/fotos-memorias/create'
    'REDIRECT_QUERY_STRING' => 'plano_id=16'
    'GATEWAY_INTERFACE' => 'CGI/1.1'
    'SERVER_PROTOCOL' => 'HTTP/1.1'
    'REQUEST_METHOD' => 'POST'
    'QUERY_STRING' => 'plano_id=16'
    'REQUEST_URI' => '/tripplan-web/tripplan/frontend/web/fotos-memorias/create?plano_id=16'
    'SCRIPT_NAME' => '/tripplan-web/tripplan/frontend/web/index.php'
    'PHP_SELF' => '/tripplan-web/tripplan/frontend/web/index.php'
    'REQUEST_TIME_FLOAT' => 1767548610.7334
    'REQUEST_TIME' => 1767548610
]
2026-01-04 17:43:55 [::1][5][o5lbi15b66g6q8him0ejmjvb77][error][yii\base\UnknownPropertyException] yii\base\UnknownPropertyException: Setting unknown property: common\models\FotosMemorias::fotos in C:\wamp64\www\tripplan-web\tripplan\vendor\yiisoft\yii2\base\Component.php:221
Stack trace:
#0 C:\wamp64\www\tripplan-web\tripplan\vendor\yiisoft\yii2\db\BaseActiveRecord.php(322): yii\base\Component->__set('fotos', 'memoria_1767548...')
#1 C:\wamp64\www\tripplan-web\tripplan\frontend\controllers\FotosMemoriasController.php(91): yii\db\BaseActiveRecord->__set('fotos', 'memoria_1767548...')
#2 [internal function]: frontend\controllers\FotosMemoriasController->actionCreate('16')
#3 C:\wamp64\www\tripplan-web\tripplan\vendor\yiisoft\yii2\base\InlineAction.php(60): call_user_func_array(Array, Array)
#4 C:\wamp64\www\tripplan-web\tripplan\vendor\yiisoft\yii2\base\Controller.php(184): yii\base\InlineAction->runWithParams(Array)
#5 C:\wamp64\www\tripplan-web\tripplan\vendor\yiisoft\yii2\base\Module.php(555): yii\base\Controller->runAction('create', Array)
#6 C:\wamp64\www\tripplan-web\tripplan\vendor\yiisoft\yii2\web\Application.php(103): yii\base\Module->runAction('fotos-memorias/...', Array)
#7 C:\wamp64\www\tripplan-web\tripplan\vendor\yiisoft\yii2\base\Application.php(387): yii\web\Application->handleRequest(Object(yii\web\Request))
#8 C:\wamp64\www\tripplan-web\tripplan\frontend\web\index.php(18): yii\base\Application->run()
#9 {main}
2026-01-04 17:43:55 [::1][5][o5lbi15b66g6q8him0ejmjvb77][info][application] $_GET = [
    'plano_id' => '16'
]

$_POST = [
    '_csrf-frontend' => 'FIZ0EIxTvIseug_GvbJKdsMvgARo0UsC-W4oQtGBsIBOtjhKuTjFznH9bIiMihkQgGfDViSEB0qcBmkFg_bfxw=='
    'FotosMemorias' => [
        'foto' => ''
        'comentario' => 'dd'
        'plano_viagem_id' => '16'
    ]
]

$_FILES = [
    'FotosMemorias' => [
        'name' => [
            'foto' => 'programaçao.jpg'
        ]
        'full_path' => [
            'foto' => 'programaçao.jpg'
        ]
        'type' => [
            'foto' => 'image/jpeg'
        ]
        'tmp_name' => [
            'foto' => 'C:\\wamp64\\tmp\\php480A.tmp'
        ]
        'error' => [
            'foto' => 0
        ]
        'size' => [
            'foto' => 270061
        ]
    ]
]

$_COOKIE = [
    'Phpstorm-103aa988' => 'bf38dfb5-04b5-4849-a933-fbc4e7b3e27f'
    '_identity-backend' => '0056de632f8441a62c024e0c9bb0151a886f02adf425d5dba02a7dc6230a64f2a:2:{i:0;s:17:\"_identity-backend\";i:1;s:46:\"[8,\"F8iSIrBPc2WeseOIPDgZsgsdkTU2Ufqt\",2592000]\";}'
    'sidebar-collapse' => 'false'
    '_identity-frontend' => '01aebbe17af5cf269d57ad8fa9d7b0a3e66d6e5403c26ad0936cf8e478f1a3dca:2:{i:0;s:18:\"_identity-frontend\";i:1;s:46:\"[5,\"XtQljr3I7zzomKmcSywhu1fSRKmNTnWE\",2592000]\";}'
    'advanced-frontend' => 'o5lbi15b66g6q8him0ejmjvb77'
    '_csrf-frontend' => '2baa5d6f1f5b5b7ed04f94dc3487fdfca6597a2edb41ad6d94fc2deac8eddf58a:2:{i:0;s:14:\"_csrf-frontend\";i:1;s:32:\"Z0LZ5kyEoGcN18SfCHCRLULHehAGRwoG\";}'
    'advanced-backend' => 'u7a3tt9psa76mcfpnoi7mm5von'
    '_csrf-backend' => '319b23a394cc7b30b6e103301d35670f7f5759f821af35b7846e96429d15d963a:2:{i:0;s:13:\"_csrf-backend\";i:1;s:32:\"A_wVpiWq6w5HO4U62J4kK4ZM-YpOk18q\";}'
]

$_SESSION = [
    '__flash' => [
        'success' => -1
    ]
    '__id' => 5
    '__authKey' => 'XtQljr3I7zzomKmcSywhu1fSRKmNTnWE'
    'success' => 'Adicionado aos Favoritos'
]

$_SERVER = [
    'REDIRECT_STATUS' => '200'
    'HTTP_HOST' => 'localhost'
    'HTTP_CONNECTION' => 'keep-alive'
    'CONTENT_LENGTH' => '270794'
    'HTTP_CACHE_CONTROL' => 'max-age=0'
    'HTTP_SEC_CH_UA' => '\"Google Chrome\";v=\"143\", \"Chromium\";v=\"143\", \"Not A(Brand\";v=\"24\"'
    'HTTP_SEC_CH_UA_MOBILE' => '?0'
    'HTTP_SEC_CH_UA_PLATFORM' => '\"Windows\"'
    'HTTP_UPGRADE_INSECURE_REQUESTS' => '1'
    'HTTP_USER_AGENT' => 'Mozilla/5.0 (Windows NT 10.0; Win64; x64) AppleWebKit/537.36 (KHTML, like Gecko) Chrome/143.0.0.0 Safari/537.36'
    'HTTP_ORIGIN' => 'http://localhost'
    'CONTENT_TYPE' => 'multipart/form-data; boundary=----WebKitFormBoundary8Ub7vJlPnyDUR7BS'
    'HTTP_ACCEPT' => 'text/html,application/xhtml+xml,application/xml;q=0.9,image/avif,image/webp,image/apng,*/*;q=0.8,application/signed-exchange;v=b3;q=0.7'
    'HTTP_SEC_FETCH_SITE' => 'same-origin'
    'HTTP_SEC_FETCH_MODE' => 'navigate'
    'HTTP_SEC_FETCH_USER' => '?1'
    'HTTP_SEC_FETCH_DEST' => 'document'
    'HTTP_REFERER' => 'http://localhost/tripplan-web/tripplan/frontend/web/fotos-memorias/create?plano_id=16'
    'HTTP_ACCEPT_ENCODING' => 'gzip, deflate, br, zstd'
    'HTTP_ACCEPT_LANGUAGE' => 'pt-PT,pt;q=0.9,en-US;q=0.8,en;q=0.7'
    'HTTP_COOKIE' => 'Phpstorm-103aa988=bf38dfb5-04b5-4849-a933-fbc4e7b3e27f; _identity-backend=0056de632f8441a62c024e0c9bb0151a886f02adf425d5dba02a7dc6230a64f2a%3A2%3A%7Bi%3A0%3Bs%3A17%3A%22_identity-backend%22%3Bi%3A1%3Bs%3A46%3A%22%5B8%2C%22F8iSIrBPc2WeseOIPDgZsgsdkTU2Ufqt%22%2C2592000%5D%22%3B%7D; sidebar-collapse=false; _identity-frontend=01aebbe17af5cf269d57ad8fa9d7b0a3e66d6e5403c26ad0936cf8e478f1a3dca%3A2%3A%7Bi%3A0%3Bs%3A18%3A%22_identity-frontend%22%3Bi%3A1%3Bs%3A46%3A%22%5B5%2C%22XtQljr3I7zzomKmcSywhu1fSRKmNTnWE%22%2C2592000%5D%22%3B%7D; advanced-frontend=o5lbi15b66g6q8him0ejmjvb77; _csrf-frontend=2baa5d6f1f5b5b7ed04f94dc3487fdfca6597a2edb41ad6d94fc2deac8eddf58a%3A2%3A%7Bi%3A0%3Bs%3A14%3A%22_csrf-frontend%22%3Bi%3A1%3Bs%3A32%3A%22Z0LZ5kyEoGcN18SfCHCRLULHehAGRwoG%22%3B%7D; advanced-backend=u7a3tt9psa76mcfpnoi7mm5von; _csrf-backend=319b23a394cc7b30b6e103301d35670f7f5759f821af35b7846e96429d15d963a%3A2%3A%7Bi%3A0%3Bs%3A13%3A%22_csrf-backend%22%3Bi%3A1%3Bs%3A32%3A%22A_wVpiWq6w5HO4U62J4kK4ZM-YpOk18q%22%3B%7D'
    'PATH' => 'C:\\Program Files\\Common Files\\Oracle\\Java\\javapath;C:\\Program Files (x86)\\NVIDIA Corporation\\PhysX\\Common;C:\\WINDOWS\\system32;C:\\WINDOWS;C:\\WINDOWS\\System32\\Wbem;C:\\WINDOWS\\System32\\WindowsPowerShell\\v1.0\\;C:\\WINDOWS\\System32\\OpenSSH\\;C:\\msys64\\ucrt64\\bin;C:\\Program Files\\Microsoft SQL Server\\150\\Tools\\Binn\\;C:\\Program Files\\dotnet\\;C:\\Program Files\\Microsoft SQL Server\\Client SDK\\ODBC\\170\\Tools\\Binn\\;C:\\wamp64\\bin\\php\\php8.1.31;C:\\ProgramData\\ComposerSetup\\bin;C:\\Program Files\\Git\\cmd;C:\\WINDOWS\\system32\\config\\systemprofile\\AppData\\Local\\Microsoft\\WindowsApps'
    'SystemRoot' => 'C:\\WINDOWS'
    'COMSPEC' => 'C:\\WINDOWS\\system32\\cmd.exe'
    'PATHEXT' => '.COM;.EXE;.BAT;.CMD;.VBS;.VBE;.JS;.JSE;.WSF;.WSH;.MSC'
    'WINDIR' => 'C:\\WINDOWS'
    'SERVER_SIGNATURE' => '<address>Apache/2.4.62 (Win64) PHP/8.1.31 mod_fcgid/2.3.10-dev Server at localhost Port 80</address>
'
    'SERVER_SOFTWARE' => 'Apache/2.4.62 (Win64) PHP/8.1.31 mod_fcgid/2.3.10-dev'
    'SERVER_NAME' => 'localhost'
    'SERVER_ADDR' => '::1'
    'SERVER_PORT' => '80'
    'REMOTE_ADDR' => '::1'
    'DOCUMENT_ROOT' => 'C:/wamp64/www'
    'REQUEST_SCHEME' => 'http'
    'CONTEXT_PREFIX' => ''
    'CONTEXT_DOCUMENT_ROOT' => 'C:/wamp64/www'
    'SERVER_ADMIN' => 'wampserver@wampserver.invalid'
    'SCRIPT_FILENAME' => 'C:/wamp64/www/tripplan-web/tripplan/frontend/web/index.php'
    'REMOTE_PORT' => '60886'
    'REDIRECT_URL' => '/tripplan-web/tripplan/frontend/web/fotos-memorias/create'
    'REDIRECT_QUERY_STRING' => 'plano_id=16'
    'GATEWAY_INTERFACE' => 'CGI/1.1'
    'SERVER_PROTOCOL' => 'HTTP/1.1'
    'REQUEST_METHOD' => 'POST'
    'QUERY_STRING' => 'plano_id=16'
    'REQUEST_URI' => '/tripplan-web/tripplan/frontend/web/fotos-memorias/create?plano_id=16'
    'SCRIPT_NAME' => '/tripplan-web/tripplan/frontend/web/index.php'
    'PHP_SELF' => '/tripplan-web/tripplan/frontend/web/index.php'
    'REQUEST_TIME_FLOAT' => 1767548635.1064
    'REQUEST_TIME' => 1767548635
]
2026-01-04 17:59:02 [::1][5][o5lbi15b66g6q8him0ejmjvb77][error][yii\base\UnknownPropertyException] yii\base\UnknownPropertyException: Getting unknown property: common\models\FotosMemorias::memoria in C:\wamp64\www\tripplan-web\tripplan\vendor\yiisoft\yii2\base\Component.php:154
Stack trace:
#0 C:\wamp64\www\tripplan-web\tripplan\vendor\yiisoft\yii2\db\BaseActiveRecord.php(296): yii\base\Component->__get('memoria')
#1 C:\wamp64\www\tripplan-web\tripplan\frontend\views\plano-viagem\view.php(229): yii\db\BaseActiveRecord->__get('memoria')
#2 C:\wamp64\www\tripplan-web\tripplan\vendor\yiisoft\yii2\base\View.php(348): require('C:\\wamp64\\www\\t...')
#3 C:\wamp64\www\tripplan-web\tripplan\vendor\yiisoft\yii2\base\View.php(258): yii\base\View->renderPhpFile('C:\\wamp64\\www\\t...', Array)
#4 C:\wamp64\www\tripplan-web\tripplan\vendor\yiisoft\yii2\base\View.php(157): yii\base\View->renderFile('C:\\wamp64\\www\\t...', Array, Object(frontend\controllers\PlanoViagemController))
#5 C:\wamp64\www\tripplan-web\tripplan\vendor\yiisoft\yii2\base\Controller.php(413): yii\base\View->render('view', Array, Object(frontend\controllers\PlanoViagemController))
#6 C:\wamp64\www\tripplan-web\tripplan\frontend\controllers\PlanoViagemController.php(92): yii\base\Controller->render('view', Array)
#7 [internal function]: frontend\controllers\PlanoViagemController->actionView('16')
#8 C:\wamp64\www\tripplan-web\tripplan\vendor\yiisoft\yii2\base\InlineAction.php(60): call_user_func_array(Array, Array)
#9 C:\wamp64\www\tripplan-web\tripplan\vendor\yiisoft\yii2\base\Controller.php(184): yii\base\InlineAction->runWithParams(Array)
#10 C:\wamp64\www\tripplan-web\tripplan\vendor\yiisoft\yii2\base\Module.php(555): yii\base\Controller->runAction('view', Array)
#11 C:\wamp64\www\tripplan-web\tripplan\vendor\yiisoft\yii2\web\Application.php(103): yii\base\Module->runAction('plano-viagem/vi...', Array)
#12 C:\wamp64\www\tripplan-web\tripplan\vendor\yiisoft\yii2\base\Application.php(387): yii\web\Application->handleRequest(Object(yii\web\Request))
#13 C:\wamp64\www\tripplan-web\tripplan\frontend\web\index.php(18): yii\base\Application->run()
#14 {main}
2026-01-04 17:59:02 [::1][5][o5lbi15b66g6q8him0ejmjvb77][info][application] $_GET = [
    'id' => '16'
]

$_POST = []

$_FILES = []

$_COOKIE = [
    'Phpstorm-103aa988' => 'bf38dfb5-04b5-4849-a933-fbc4e7b3e27f'
    '_identity-backend' => '0056de632f8441a62c024e0c9bb0151a886f02adf425d5dba02a7dc6230a64f2a:2:{i:0;s:17:\"_identity-backend\";i:1;s:46:\"[8,\"F8iSIrBPc2WeseOIPDgZsgsdkTU2Ufqt\",2592000]\";}'
    'sidebar-collapse' => 'false'
    '_identity-frontend' => '01aebbe17af5cf269d57ad8fa9d7b0a3e66d6e5403c26ad0936cf8e478f1a3dca:2:{i:0;s:18:\"_identity-frontend\";i:1;s:46:\"[5,\"XtQljr3I7zzomKmcSywhu1fSRKmNTnWE\",2592000]\";}'
    'advanced-frontend' => 'o5lbi15b66g6q8him0ejmjvb77'
    '_csrf-frontend' => '2baa5d6f1f5b5b7ed04f94dc3487fdfca6597a2edb41ad6d94fc2deac8eddf58a:2:{i:0;s:14:\"_csrf-frontend\";i:1;s:32:\"Z0LZ5kyEoGcN18SfCHCRLULHehAGRwoG\";}'
    'advanced-backend' => 'u7a3tt9psa76mcfpnoi7mm5von'
    '_csrf-backend' => '319b23a394cc7b30b6e103301d35670f7f5759f821af35b7846e96429d15d963a:2:{i:0;s:13:\"_csrf-backend\";i:1;s:32:\"A_wVpiWq6w5HO4U62J4kK4ZM-YpOk18q\";}'
]

$_SESSION = [
    '__flash' => [
        'success' => -1
    ]
    '__id' => 5
    '__authKey' => 'XtQljr3I7zzomKmcSywhu1fSRKmNTnWE'
    'success' => 'Adicionado aos Favoritos'
]

$_SERVER = [
    'REDIRECT_STATUS' => '200'
    'HTTP_HOST' => 'localhost'
    'HTTP_CONNECTION' => 'keep-alive'
    'HTTP_CACHE_CONTROL' => 'max-age=0'
    'HTTP_SEC_CH_UA' => '\"Google Chrome\";v=\"143\", \"Chromium\";v=\"143\", \"Not A(Brand\";v=\"24\"'
    'HTTP_SEC_CH_UA_MOBILE' => '?0'
    'HTTP_SEC_CH_UA_PLATFORM' => '\"Windows\"'
    'HTTP_UPGRADE_INSECURE_REQUESTS' => '1'
    'HTTP_USER_AGENT' => 'Mozilla/5.0 (Windows NT 10.0; Win64; x64) AppleWebKit/537.36 (KHTML, like Gecko) Chrome/143.0.0.0 Safari/537.36'
    'HTTP_ACCEPT' => 'text/html,application/xhtml+xml,application/xml;q=0.9,image/avif,image/webp,image/apng,*/*;q=0.8,application/signed-exchange;v=b3;q=0.7'
    'HTTP_SEC_FETCH_SITE' => 'same-origin'
    'HTTP_SEC_FETCH_MODE' => 'navigate'
    'HTTP_SEC_FETCH_USER' => '?1'
    'HTTP_SEC_FETCH_DEST' => 'document'
    'HTTP_REFERER' => 'http://localhost/tripplan-web/tripplan/frontend/web/fotos-memorias/update?id=1'
    'HTTP_ACCEPT_ENCODING' => 'gzip, deflate, br, zstd'
    'HTTP_ACCEPT_LANGUAGE' => 'pt-PT,pt;q=0.9,en-US;q=0.8,en;q=0.7'
    'HTTP_COOKIE' => 'Phpstorm-103aa988=bf38dfb5-04b5-4849-a933-fbc4e7b3e27f; _identity-backend=0056de632f8441a62c024e0c9bb0151a886f02adf425d5dba02a7dc6230a64f2a%3A2%3A%7Bi%3A0%3Bs%3A17%3A%22_identity-backend%22%3Bi%3A1%3Bs%3A46%3A%22%5B8%2C%22F8iSIrBPc2WeseOIPDgZsgsdkTU2Ufqt%22%2C2592000%5D%22%3B%7D; sidebar-collapse=false; _identity-frontend=01aebbe17af5cf269d57ad8fa9d7b0a3e66d6e5403c26ad0936cf8e478f1a3dca%3A2%3A%7Bi%3A0%3Bs%3A18%3A%22_identity-frontend%22%3Bi%3A1%3Bs%3A46%3A%22%5B5%2C%22XtQljr3I7zzomKmcSywhu1fSRKmNTnWE%22%2C2592000%5D%22%3B%7D; advanced-frontend=o5lbi15b66g6q8him0ejmjvb77; _csrf-frontend=2baa5d6f1f5b5b7ed04f94dc3487fdfca6597a2edb41ad6d94fc2deac8eddf58a%3A2%3A%7Bi%3A0%3Bs%3A14%3A%22_csrf-frontend%22%3Bi%3A1%3Bs%3A32%3A%22Z0LZ5kyEoGcN18SfCHCRLULHehAGRwoG%22%3B%7D; advanced-backend=u7a3tt9psa76mcfpnoi7mm5von; _csrf-backend=319b23a394cc7b30b6e103301d35670f7f5759f821af35b7846e96429d15d963a%3A2%3A%7Bi%3A0%3Bs%3A13%3A%22_csrf-backend%22%3Bi%3A1%3Bs%3A32%3A%22A_wVpiWq6w5HO4U62J4kK4ZM-YpOk18q%22%3B%7D'
    'PATH' => 'C:\\Program Files\\Common Files\\Oracle\\Java\\javapath;C:\\Program Files (x86)\\NVIDIA Corporation\\PhysX\\Common;C:\\WINDOWS\\system32;C:\\WINDOWS;C:\\WINDOWS\\System32\\Wbem;C:\\WINDOWS\\System32\\WindowsPowerShell\\v1.0\\;C:\\WINDOWS\\System32\\OpenSSH\\;C:\\msys64\\ucrt64\\bin;C:\\Program Files\\Microsoft SQL Server\\150\\Tools\\Binn\\;C:\\Program Files\\dotnet\\;C:\\Program Files\\Microsoft SQL Server\\Client SDK\\ODBC\\170\\Tools\\Binn\\;C:\\wamp64\\bin\\php\\php8.1.31;C:\\ProgramData\\ComposerSetup\\bin;C:\\Program Files\\Git\\cmd;C:\\WINDOWS\\system32\\config\\systemprofile\\AppData\\Local\\Microsoft\\WindowsApps'
    'SystemRoot' => 'C:\\WINDOWS'
    'COMSPEC' => 'C:\\WINDOWS\\system32\\cmd.exe'
    'PATHEXT' => '.COM;.EXE;.BAT;.CMD;.VBS;.VBE;.JS;.JSE;.WSF;.WSH;.MSC'
    'WINDIR' => 'C:\\WINDOWS'
    'SERVER_SIGNATURE' => '<address>Apache/2.4.62 (Win64) PHP/8.1.31 mod_fcgid/2.3.10-dev Server at localhost Port 80</address>
'
    'SERVER_SOFTWARE' => 'Apache/2.4.62 (Win64) PHP/8.1.31 mod_fcgid/2.3.10-dev'
    'SERVER_NAME' => 'localhost'
    'SERVER_ADDR' => '::1'
    'SERVER_PORT' => '80'
    'REMOTE_ADDR' => '::1'
    'DOCUMENT_ROOT' => 'C:/wamp64/www'
    'REQUEST_SCHEME' => 'http'
    'CONTEXT_PREFIX' => ''
    'CONTEXT_DOCUMENT_ROOT' => 'C:/wamp64/www'
    'SERVER_ADMIN' => 'wampserver@wampserver.invalid'
    'SCRIPT_FILENAME' => 'C:/wamp64/www/tripplan-web/tripplan/frontend/web/index.php'
    'REMOTE_PORT' => '61169'
    'REDIRECT_URL' => '/tripplan-web/tripplan/frontend/web/plano-viagem/view'
    'REDIRECT_QUERY_STRING' => 'id=16'
    'GATEWAY_INTERFACE' => 'CGI/1.1'
    'SERVER_PROTOCOL' => 'HTTP/1.1'
    'REQUEST_METHOD' => 'GET'
    'QUERY_STRING' => 'id=16'
    'REQUEST_URI' => '/tripplan-web/tripplan/frontend/web/plano-viagem/view?id=16'
    'SCRIPT_NAME' => '/tripplan-web/tripplan/frontend/web/index.php'
    'PHP_SELF' => '/tripplan-web/tripplan/frontend/web/index.php'
    'REQUEST_TIME_FLOAT' => 1767549542.6402
    'REQUEST_TIME' => 1767549542
]
2026-01-04 17:59:08 [::1][5][o5lbi15b66g6q8him0ejmjvb77][error][yii\base\UnknownPropertyException] yii\base\UnknownPropertyException: Getting unknown property: common\models\FotosMemorias::fotos in C:\wamp64\www\tripplan-web\tripplan\vendor\yiisoft\yii2\base\Component.php:154
Stack trace:
#0 C:\wamp64\www\tripplan-web\tripplan\vendor\yiisoft\yii2\db\BaseActiveRecord.php(296): yii\base\Component->__get('fotos')
#1 C:\wamp64\www\tripplan-web\tripplan\frontend\views\plano-viagem\view.php(220): yii\db\BaseActiveRecord->__get('fotos')
#2 C:\wamp64\www\tripplan-web\tripplan\vendor\yiisoft\yii2\base\View.php(348): require('C:\\wamp64\\www\\t...')
#3 C:\wamp64\www\tripplan-web\tripplan\vendor\yiisoft\yii2\base\View.php(258): yii\base\View->renderPhpFile('C:\\wamp64\\www\\t...', Array)
#4 C:\wamp64\www\tripplan-web\tripplan\vendor\yiisoft\yii2\base\View.php(157): yii\base\View->renderFile('C:\\wamp64\\www\\t...', Array, Object(frontend\controllers\PlanoViagemController))
#5 C:\wamp64\www\tripplan-web\tripplan\vendor\yiisoft\yii2\base\Controller.php(413): yii\base\View->render('view', Array, Object(frontend\controllers\PlanoViagemController))
#6 C:\wamp64\www\tripplan-web\tripplan\frontend\controllers\PlanoViagemController.php(92): yii\base\Controller->render('view', Array)
#7 [internal function]: frontend\controllers\PlanoViagemController->actionView('16')
#8 C:\wamp64\www\tripplan-web\tripplan\vendor\yiisoft\yii2\base\InlineAction.php(60): call_user_func_array(Array, Array)
#9 C:\wamp64\www\tripplan-web\tripplan\vendor\yiisoft\yii2\base\Controller.php(184): yii\base\InlineAction->runWithParams(Array)
#10 C:\wamp64\www\tripplan-web\tripplan\vendor\yiisoft\yii2\base\Module.php(555): yii\base\Controller->runAction('view', Array)
#11 C:\wamp64\www\tripplan-web\tripplan\vendor\yiisoft\yii2\web\Application.php(103): yii\base\Module->runAction('plano-viagem/vi...', Array)
#12 C:\wamp64\www\tripplan-web\tripplan\vendor\yiisoft\yii2\base\Application.php(387): yii\web\Application->handleRequest(Object(yii\web\Request))
#13 C:\wamp64\www\tripplan-web\tripplan\frontend\web\index.php(18): yii\base\Application->run()
#14 {main}
2026-01-04 17:59:08 [::1][5][o5lbi15b66g6q8him0ejmjvb77][info][application] $_GET = [
    'id' => '16'
]

$_POST = []

$_FILES = []

$_COOKIE = [
    'Phpstorm-103aa988' => 'bf38dfb5-04b5-4849-a933-fbc4e7b3e27f'
    '_identity-backend' => '0056de632f8441a62c024e0c9bb0151a886f02adf425d5dba02a7dc6230a64f2a:2:{i:0;s:17:\"_identity-backend\";i:1;s:46:\"[8,\"F8iSIrBPc2WeseOIPDgZsgsdkTU2Ufqt\",2592000]\";}'
    'sidebar-collapse' => 'false'
    '_identity-frontend' => '01aebbe17af5cf269d57ad8fa9d7b0a3e66d6e5403c26ad0936cf8e478f1a3dca:2:{i:0;s:18:\"_identity-frontend\";i:1;s:46:\"[5,\"XtQljr3I7zzomKmcSywhu1fSRKmNTnWE\",2592000]\";}'
    'advanced-frontend' => 'o5lbi15b66g6q8him0ejmjvb77'
    '_csrf-frontend' => '2baa5d6f1f5b5b7ed04f94dc3487fdfca6597a2edb41ad6d94fc2deac8eddf58a:2:{i:0;s:14:\"_csrf-frontend\";i:1;s:32:\"Z0LZ5kyEoGcN18SfCHCRLULHehAGRwoG\";}'
    'advanced-backend' => 'u7a3tt9psa76mcfpnoi7mm5von'
    '_csrf-backend' => '319b23a394cc7b30b6e103301d35670f7f5759f821af35b7846e96429d15d963a:2:{i:0;s:13:\"_csrf-backend\";i:1;s:32:\"A_wVpiWq6w5HO4U62J4kK4ZM-YpOk18q\";}'
]

$_SESSION = [
    '__flash' => [
        'success' => -1
    ]
    '__id' => 5
    '__authKey' => 'XtQljr3I7zzomKmcSywhu1fSRKmNTnWE'
    'success' => 'Adicionado aos Favoritos'
]

$_SERVER = [
    'REDIRECT_STATUS' => '200'
    'HTTP_HOST' => 'localhost'
    'HTTP_CONNECTION' => 'keep-alive'
    'HTTP_CACHE_CONTROL' => 'max-age=0'
    'HTTP_SEC_CH_UA' => '\"Google Chrome\";v=\"143\", \"Chromium\";v=\"143\", \"Not A(Brand\";v=\"24\"'
    'HTTP_SEC_CH_UA_MOBILE' => '?0'
    'HTTP_SEC_CH_UA_PLATFORM' => '\"Windows\"'
    'HTTP_UPGRADE_INSECURE_REQUESTS' => '1'
    'HTTP_USER_AGENT' => 'Mozilla/5.0 (Windows NT 10.0; Win64; x64) AppleWebKit/537.36 (KHTML, like Gecko) Chrome/143.0.0.0 Safari/537.36'
    'HTTP_ACCEPT' => 'text/html,application/xhtml+xml,application/xml;q=0.9,image/avif,image/webp,image/apng,*/*;q=0.8,application/signed-exchange;v=b3;q=0.7'
    'HTTP_SEC_FETCH_SITE' => 'same-origin'
    'HTTP_SEC_FETCH_MODE' => 'navigate'
    'HTTP_SEC_FETCH_USER' => '?1'
    'HTTP_SEC_FETCH_DEST' => 'document'
    'HTTP_REFERER' => 'http://localhost/tripplan-web/tripplan/frontend/web/fotos-memorias/update?id=1'
    'HTTP_ACCEPT_ENCODING' => 'gzip, deflate, br, zstd'
    'HTTP_ACCEPT_LANGUAGE' => 'pt-PT,pt;q=0.9,en-US;q=0.8,en;q=0.7'
    'HTTP_COOKIE' => 'Phpstorm-103aa988=bf38dfb5-04b5-4849-a933-fbc4e7b3e27f; _identity-backend=0056de632f8441a62c024e0c9bb0151a886f02adf425d5dba02a7dc6230a64f2a%3A2%3A%7Bi%3A0%3Bs%3A17%3A%22_identity-backend%22%3Bi%3A1%3Bs%3A46%3A%22%5B8%2C%22F8iSIrBPc2WeseOIPDgZsgsdkTU2Ufqt%22%2C2592000%5D%22%3B%7D; sidebar-collapse=false; _identity-frontend=01aebbe17af5cf269d57ad8fa9d7b0a3e66d6e5403c26ad0936cf8e478f1a3dca%3A2%3A%7Bi%3A0%3Bs%3A18%3A%22_identity-frontend%22%3Bi%3A1%3Bs%3A46%3A%22%5B5%2C%22XtQljr3I7zzomKmcSywhu1fSRKmNTnWE%22%2C2592000%5D%22%3B%7D; advanced-frontend=o5lbi15b66g6q8him0ejmjvb77; _csrf-frontend=2baa5d6f1f5b5b7ed04f94dc3487fdfca6597a2edb41ad6d94fc2deac8eddf58a%3A2%3A%7Bi%3A0%3Bs%3A14%3A%22_csrf-frontend%22%3Bi%3A1%3Bs%3A32%3A%22Z0LZ5kyEoGcN18SfCHCRLULHehAGRwoG%22%3B%7D; advanced-backend=u7a3tt9psa76mcfpnoi7mm5von; _csrf-backend=319b23a394cc7b30b6e103301d35670f7f5759f821af35b7846e96429d15d963a%3A2%3A%7Bi%3A0%3Bs%3A13%3A%22_csrf-backend%22%3Bi%3A1%3Bs%3A32%3A%22A_wVpiWq6w5HO4U62J4kK4ZM-YpOk18q%22%3B%7D'
    'PATH' => 'C:\\Program Files\\Common Files\\Oracle\\Java\\javapath;C:\\Program Files (x86)\\NVIDIA Corporation\\PhysX\\Common;C:\\WINDOWS\\system32;C:\\WINDOWS;C:\\WINDOWS\\System32\\Wbem;C:\\WINDOWS\\System32\\WindowsPowerShell\\v1.0\\;C:\\WINDOWS\\System32\\OpenSSH\\;C:\\msys64\\ucrt64\\bin;C:\\Program Files\\Microsoft SQL Server\\150\\Tools\\Binn\\;C:\\Program Files\\dotnet\\;C:\\Program Files\\Microsoft SQL Server\\Client SDK\\ODBC\\170\\Tools\\Binn\\;C:\\wamp64\\bin\\php\\php8.1.31;C:\\ProgramData\\ComposerSetup\\bin;C:\\Program Files\\Git\\cmd;C:\\WINDOWS\\system32\\config\\systemprofile\\AppData\\Local\\Microsoft\\WindowsApps'
    'SystemRoot' => 'C:\\WINDOWS'
    'COMSPEC' => 'C:\\WINDOWS\\system32\\cmd.exe'
    'PATHEXT' => '.COM;.EXE;.BAT;.CMD;.VBS;.VBE;.JS;.JSE;.WSF;.WSH;.MSC'
    'WINDIR' => 'C:\\WINDOWS'
    'SERVER_SIGNATURE' => '<address>Apache/2.4.62 (Win64) PHP/8.1.31 mod_fcgid/2.3.10-dev Server at localhost Port 80</address>
'
    'SERVER_SOFTWARE' => 'Apache/2.4.62 (Win64) PHP/8.1.31 mod_fcgid/2.3.10-dev'
    'SERVER_NAME' => 'localhost'
    'SERVER_ADDR' => '::1'
    'SERVER_PORT' => '80'
    'REMOTE_ADDR' => '::1'
    'DOCUMENT_ROOT' => 'C:/wamp64/www'
    'REQUEST_SCHEME' => 'http'
    'CONTEXT_PREFIX' => ''
    'CONTEXT_DOCUMENT_ROOT' => 'C:/wamp64/www'
    'SERVER_ADMIN' => 'wampserver@wampserver.invalid'
    'SCRIPT_FILENAME' => 'C:/wamp64/www/tripplan-web/tripplan/frontend/web/index.php'
    'REMOTE_PORT' => '61176'
    'REDIRECT_URL' => '/tripplan-web/tripplan/frontend/web/plano-viagem/view'
    'REDIRECT_QUERY_STRING' => 'id=16'
    'GATEWAY_INTERFACE' => 'CGI/1.1'
    'SERVER_PROTOCOL' => 'HTTP/1.1'
    'REQUEST_METHOD' => 'GET'
    'QUERY_STRING' => 'id=16'
    'REQUEST_URI' => '/tripplan-web/tripplan/frontend/web/plano-viagem/view?id=16'
    'SCRIPT_NAME' => '/tripplan-web/tripplan/frontend/web/index.php'
    'PHP_SELF' => '/tripplan-web/tripplan/frontend/web/index.php'
    'REQUEST_TIME_FLOAT' => 1767549548.5238
    'REQUEST_TIME' => 1767549548
]
2026-01-04 18:01:29 [::1][5][o5lbi15b66g6q8him0ejmjvb77][error][yii\base\UnknownPropertyException] yii\base\UnknownPropertyException: Setting unknown property: common\models\FotosMemorias::fotos in C:\wamp64\www\tripplan-web\tripplan\vendor\yiisoft\yii2\base\Component.php:221
Stack trace:
#0 C:\wamp64\www\tripplan-web\tripplan\vendor\yiisoft\yii2\db\BaseActiveRecord.php(322): yii\base\Component->__set('fotos', 'memoria_1767549...')
#1 C:\wamp64\www\tripplan-web\tripplan\frontend\controllers\FotosMemoriasController.php(91): yii\db\BaseActiveRecord->__set('fotos', 'memoria_1767549...')
#2 [internal function]: frontend\controllers\FotosMemoriasController->actionCreate('16')
#3 C:\wamp64\www\tripplan-web\tripplan\vendor\yiisoft\yii2\base\InlineAction.php(60): call_user_func_array(Array, Array)
#4 C:\wamp64\www\tripplan-web\tripplan\vendor\yiisoft\yii2\base\Controller.php(184): yii\base\InlineAction->runWithParams(Array)
#5 C:\wamp64\www\tripplan-web\tripplan\vendor\yiisoft\yii2\base\Module.php(555): yii\base\Controller->runAction('create', Array)
#6 C:\wamp64\www\tripplan-web\tripplan\vendor\yiisoft\yii2\web\Application.php(103): yii\base\Module->runAction('fotos-memorias/...', Array)
#7 C:\wamp64\www\tripplan-web\tripplan\vendor\yiisoft\yii2\base\Application.php(387): yii\web\Application->handleRequest(Object(yii\web\Request))
#8 C:\wamp64\www\tripplan-web\tripplan\frontend\web\index.php(18): yii\base\Application->run()
#9 {main}
2026-01-04 18:01:29 [::1][5][o5lbi15b66g6q8him0ejmjvb77][info][application] $_GET = [
    'plano_id' => '16'
]

$_POST = [
    '_csrf-frontend' => 'iNtuXFz15dBliipzu3p2defLvEPSNqe7lynfU5crZebS6yIGaZ6clQrNST2KQiUTpIP_EZ5j6_PyQZ4UxVwKoQ=='
    'FotosMemorias' => [
        'foto' => ''
        'comentario' => 'gg'
        'plano_viagem_id' => '16'
    ]
]

$_FILES = [
    'FotosMemorias' => [
        'name' => [
            'foto' => 'programaçao.jpg'
        ]
        'full_path' => [
            'foto' => 'programaçao.jpg'
        ]
        'type' => [
            'foto' => 'image/jpeg'
        ]
        'tmp_name' => [
            'foto' => 'C:\\wamp64\\tmp\\php5E99.tmp'
        ]
        'error' => [
            'foto' => 0
        ]
        'size' => [
            'foto' => 270061
        ]
    ]
]

$_COOKIE = [
    'Phpstorm-103aa988' => 'bf38dfb5-04b5-4849-a933-fbc4e7b3e27f'
    '_identity-backend' => '0056de632f8441a62c024e0c9bb0151a886f02adf425d5dba02a7dc6230a64f2a:2:{i:0;s:17:\"_identity-backend\";i:1;s:46:\"[8,\"F8iSIrBPc2WeseOIPDgZsgsdkTU2Ufqt\",2592000]\";}'
    'sidebar-collapse' => 'false'
    '_identity-frontend' => '01aebbe17af5cf269d57ad8fa9d7b0a3e66d6e5403c26ad0936cf8e478f1a3dca:2:{i:0;s:18:\"_identity-frontend\";i:1;s:46:\"[5,\"XtQljr3I7zzomKmcSywhu1fSRKmNTnWE\",2592000]\";}'
    'advanced-frontend' => 'o5lbi15b66g6q8him0ejmjvb77'
    '_csrf-frontend' => '2baa5d6f1f5b5b7ed04f94dc3487fdfca6597a2edb41ad6d94fc2deac8eddf58a:2:{i:0;s:14:\"_csrf-frontend\";i:1;s:32:\"Z0LZ5kyEoGcN18SfCHCRLULHehAGRwoG\";}'
    'advanced-backend' => 'u7a3tt9psa76mcfpnoi7mm5von'
    '_csrf-backend' => '319b23a394cc7b30b6e103301d35670f7f5759f821af35b7846e96429d15d963a:2:{i:0;s:13:\"_csrf-backend\";i:1;s:32:\"A_wVpiWq6w5HO4U62J4kK4ZM-YpOk18q\";}'
]

$_SESSION = [
    '__flash' => [
        'success' => -1
    ]
    '__id' => 5
    '__authKey' => 'XtQljr3I7zzomKmcSywhu1fSRKmNTnWE'
    'success' => 'Adicionado aos Favoritos'
]

$_SERVER = [
    'REDIRECT_STATUS' => '200'
    'HTTP_HOST' => 'localhost'
    'HTTP_CONNECTION' => 'keep-alive'
    'CONTENT_LENGTH' => '270794'
    'HTTP_CACHE_CONTROL' => 'max-age=0'
    'HTTP_SEC_CH_UA' => '\"Google Chrome\";v=\"143\", \"Chromium\";v=\"143\", \"Not A(Brand\";v=\"24\"'
    'HTTP_SEC_CH_UA_MOBILE' => '?0'
    'HTTP_SEC_CH_UA_PLATFORM' => '\"Windows\"'
    'HTTP_ORIGIN' => 'http://localhost'
    'CONTENT_TYPE' => 'multipart/form-data; boundary=----WebKitFormBoundaryDG7QM7CfA4xYzhG0'
    'HTTP_UPGRADE_INSECURE_REQUESTS' => '1'
    'HTTP_USER_AGENT' => 'Mozilla/5.0 (Windows NT 10.0; Win64; x64) AppleWebKit/537.36 (KHTML, like Gecko) Chrome/143.0.0.0 Safari/537.36'
    'HTTP_ACCEPT' => 'text/html,application/xhtml+xml,application/xml;q=0.9,image/avif,image/webp,image/apng,*/*;q=0.8,application/signed-exchange;v=b3;q=0.7'
    'HTTP_SEC_FETCH_SITE' => 'same-origin'
    'HTTP_SEC_FETCH_MODE' => 'navigate'
    'HTTP_SEC_FETCH_USER' => '?1'
    'HTTP_SEC_FETCH_DEST' => 'document'
    'HTTP_REFERER' => 'http://localhost/tripplan-web/tripplan/frontend/web/fotos-memorias/create?plano_id=16'
    'HTTP_ACCEPT_ENCODING' => 'gzip, deflate, br, zstd'
    'HTTP_ACCEPT_LANGUAGE' => 'pt-PT,pt;q=0.9,en-US;q=0.8,en;q=0.7'
    'HTTP_COOKIE' => 'Phpstorm-103aa988=bf38dfb5-04b5-4849-a933-fbc4e7b3e27f; _identity-backend=0056de632f8441a62c024e0c9bb0151a886f02adf425d5dba02a7dc6230a64f2a%3A2%3A%7Bi%3A0%3Bs%3A17%3A%22_identity-backend%22%3Bi%3A1%3Bs%3A46%3A%22%5B8%2C%22F8iSIrBPc2WeseOIPDgZsgsdkTU2Ufqt%22%2C2592000%5D%22%3B%7D; sidebar-collapse=false; _identity-frontend=01aebbe17af5cf269d57ad8fa9d7b0a3e66d6e5403c26ad0936cf8e478f1a3dca%3A2%3A%7Bi%3A0%3Bs%3A18%3A%22_identity-frontend%22%3Bi%3A1%3Bs%3A46%3A%22%5B5%2C%22XtQljr3I7zzomKmcSywhu1fSRKmNTnWE%22%2C2592000%5D%22%3B%7D; advanced-frontend=o5lbi15b66g6q8him0ejmjvb77; _csrf-frontend=2baa5d6f1f5b5b7ed04f94dc3487fdfca6597a2edb41ad6d94fc2deac8eddf58a%3A2%3A%7Bi%3A0%3Bs%3A14%3A%22_csrf-frontend%22%3Bi%3A1%3Bs%3A32%3A%22Z0LZ5kyEoGcN18SfCHCRLULHehAGRwoG%22%3B%7D; advanced-backend=u7a3tt9psa76mcfpnoi7mm5von; _csrf-backend=319b23a394cc7b30b6e103301d35670f7f5759f821af35b7846e96429d15d963a%3A2%3A%7Bi%3A0%3Bs%3A13%3A%22_csrf-backend%22%3Bi%3A1%3Bs%3A32%3A%22A_wVpiWq6w5HO4U62J4kK4ZM-YpOk18q%22%3B%7D'
    'PATH' => 'C:\\Program Files\\Common Files\\Oracle\\Java\\javapath;C:\\Program Files (x86)\\NVIDIA Corporation\\PhysX\\Common;C:\\WINDOWS\\system32;C:\\WINDOWS;C:\\WINDOWS\\System32\\Wbem;C:\\WINDOWS\\System32\\WindowsPowerShell\\v1.0\\;C:\\WINDOWS\\System32\\OpenSSH\\;C:\\msys64\\ucrt64\\bin;C:\\Program Files\\Microsoft SQL Server\\150\\Tools\\Binn\\;C:\\Program Files\\dotnet\\;C:\\Program Files\\Microsoft SQL Server\\Client SDK\\ODBC\\170\\Tools\\Binn\\;C:\\wamp64\\bin\\php\\php8.1.31;C:\\ProgramData\\ComposerSetup\\bin;C:\\Program Files\\Git\\cmd;C:\\WINDOWS\\system32\\config\\systemprofile\\AppData\\Local\\Microsoft\\WindowsApps'
    'SystemRoot' => 'C:\\WINDOWS'
    'COMSPEC' => 'C:\\WINDOWS\\system32\\cmd.exe'
    'PATHEXT' => '.COM;.EXE;.BAT;.CMD;.VBS;.VBE;.JS;.JSE;.WSF;.WSH;.MSC'
    'WINDIR' => 'C:\\WINDOWS'
    'SERVER_SIGNATURE' => '<address>Apache/2.4.62 (Win64) PHP/8.1.31 mod_fcgid/2.3.10-dev Server at localhost Port 80</address>
'
    'SERVER_SOFTWARE' => 'Apache/2.4.62 (Win64) PHP/8.1.31 mod_fcgid/2.3.10-dev'
    'SERVER_NAME' => 'localhost'
    'SERVER_ADDR' => '::1'
    'SERVER_PORT' => '80'
    'REMOTE_ADDR' => '::1'
    'DOCUMENT_ROOT' => 'C:/wamp64/www'
    'REQUEST_SCHEME' => 'http'
    'CONTEXT_PREFIX' => ''
    'CONTEXT_DOCUMENT_ROOT' => 'C:/wamp64/www'
    'SERVER_ADMIN' => 'wampserver@wampserver.invalid'
    'SCRIPT_FILENAME' => 'C:/wamp64/www/tripplan-web/tripplan/frontend/web/index.php'
    'REMOTE_PORT' => '61277'
    'REDIRECT_URL' => '/tripplan-web/tripplan/frontend/web/fotos-memorias/create'
    'REDIRECT_QUERY_STRING' => 'plano_id=16'
    'GATEWAY_INTERFACE' => 'CGI/1.1'
    'SERVER_PROTOCOL' => 'HTTP/1.1'
    'REQUEST_METHOD' => 'POST'
    'QUERY_STRING' => 'plano_id=16'
    'REQUEST_URI' => '/tripplan-web/tripplan/frontend/web/fotos-memorias/create?plano_id=16'
    'SCRIPT_NAME' => '/tripplan-web/tripplan/frontend/web/index.php'
    'PHP_SELF' => '/tripplan-web/tripplan/frontend/web/index.php'
    'REQUEST_TIME_FLOAT' => 1767549689.4501
    'REQUEST_TIME' => 1767549689
]
2026-01-04 18:25:07 [::1][5][o5lbi15b66g6q8him0ejmjvb77][error][yii\base\UnknownPropertyException] yii\base\UnknownPropertyException: Setting unknown property: common\models\FotosMemorias::fotos in C:\wamp64\www\tripplan-web\tripplan\vendor\yiisoft\yii2\base\Component.php:221
Stack trace:
#0 C:\wamp64\www\tripplan-web\tripplan\vendor\yiisoft\yii2\db\BaseActiveRecord.php(322): yii\base\Component->__set('fotos', 'memoria_1767551...')
#1 C:\wamp64\www\tripplan-web\tripplan\frontend\controllers\FotosMemoriasController.php(91): yii\db\BaseActiveRecord->__set('fotos', 'memoria_1767551...')
#2 [internal function]: frontend\controllers\FotosMemoriasController->actionCreate('16')
#3 C:\wamp64\www\tripplan-web\tripplan\vendor\yiisoft\yii2\base\InlineAction.php(60): call_user_func_array(Array, Array)
#4 C:\wamp64\www\tripplan-web\tripplan\vendor\yiisoft\yii2\base\Controller.php(184): yii\base\InlineAction->runWithParams(Array)
#5 C:\wamp64\www\tripplan-web\tripplan\vendor\yiisoft\yii2\base\Module.php(555): yii\base\Controller->runAction('create', Array)
#6 C:\wamp64\www\tripplan-web\tripplan\vendor\yiisoft\yii2\web\Application.php(103): yii\base\Module->runAction('fotos-memorias/...', Array)
#7 C:\wamp64\www\tripplan-web\tripplan\vendor\yiisoft\yii2\base\Application.php(387): yii\web\Application->handleRequest(Object(yii\web\Request))
#8 C:\wamp64\www\tripplan-web\tripplan\frontend\web\index.php(18): yii\base\Application->run()
#9 {main}
2026-01-04 18:25:07 [::1][5][o5lbi15b66g6q8him0ejmjvb77][info][application] $_GET = [
    'plano_id' => '16'
]

$_POST = [
    '_csrf-frontend' => 'leXWVOijji_J3ebRArgTiFIap8alL4EAStkpUyZC6xzP1ZoO3cj3aqaahZ8zgEDuEVLklOl6zUgvsWgUdDWEWw=='
    'FotosMemorias' => [
        'foto' => ''
        'comentario' => 'gg'
        'plano_viagem_id' => '16'
    ]
]

$_FILES = [
    'FotosMemorias' => [
        'name' => [
            'foto' => 'programaçao.jpg'
        ]
        'full_path' => [
            'foto' => 'programaçao.jpg'
        ]
        'type' => [
            'foto' => 'image/jpeg'
        ]
        'tmp_name' => [
            'foto' => 'C:\\wamp64\\tmp\\php1C9.tmp'
        ]
        'error' => [
            'foto' => 0
        ]
        'size' => [
            'foto' => 270061
        ]
    ]
]

$_COOKIE = [
    'Phpstorm-103aa988' => 'bf38dfb5-04b5-4849-a933-fbc4e7b3e27f'
    '_identity-backend' => '0056de632f8441a62c024e0c9bb0151a886f02adf425d5dba02a7dc6230a64f2a:2:{i:0;s:17:\"_identity-backend\";i:1;s:46:\"[8,\"F8iSIrBPc2WeseOIPDgZsgsdkTU2Ufqt\",2592000]\";}'
    'sidebar-collapse' => 'false'
    '_identity-frontend' => '01aebbe17af5cf269d57ad8fa9d7b0a3e66d6e5403c26ad0936cf8e478f1a3dca:2:{i:0;s:18:\"_identity-frontend\";i:1;s:46:\"[5,\"XtQljr3I7zzomKmcSywhu1fSRKmNTnWE\",2592000]\";}'
    'advanced-frontend' => 'o5lbi15b66g6q8him0ejmjvb77'
    '_csrf-frontend' => '2baa5d6f1f5b5b7ed04f94dc3487fdfca6597a2edb41ad6d94fc2deac8eddf58a:2:{i:0;s:14:\"_csrf-frontend\";i:1;s:32:\"Z0LZ5kyEoGcN18SfCHCRLULHehAGRwoG\";}'
    'advanced-backend' => 'u7a3tt9psa76mcfpnoi7mm5von'
    '_csrf-backend' => '319b23a394cc7b30b6e103301d35670f7f5759f821af35b7846e96429d15d963a:2:{i:0;s:13:\"_csrf-backend\";i:1;s:32:\"A_wVpiWq6w5HO4U62J4kK4ZM-YpOk18q\";}'
]

$_SESSION = [
    '__flash' => [
        'success' => -1
    ]
    '__id' => 5
    '__authKey' => 'XtQljr3I7zzomKmcSywhu1fSRKmNTnWE'
    'success' => 'Adicionado aos Favoritos'
]

$_SERVER = [
    'REDIRECT_STATUS' => '200'
    'HTTP_HOST' => 'localhost'
    'HTTP_CONNECTION' => 'keep-alive'
    'CONTENT_LENGTH' => '270794'
    'HTTP_CACHE_CONTROL' => 'max-age=0'
    'HTTP_SEC_CH_UA' => '\"Google Chrome\";v=\"143\", \"Chromium\";v=\"143\", \"Not A(Brand\";v=\"24\"'
    'HTTP_SEC_CH_UA_MOBILE' => '?0'
    'HTTP_SEC_CH_UA_PLATFORM' => '\"Windows\"'
    'HTTP_ORIGIN' => 'http://localhost'
    'CONTENT_TYPE' => 'multipart/form-data; boundary=----WebKitFormBoundaryjVhiJhqEPGMousKU'
    'HTTP_UPGRADE_INSECURE_REQUESTS' => '1'
    'HTTP_USER_AGENT' => 'Mozilla/5.0 (Windows NT 10.0; Win64; x64) AppleWebKit/537.36 (KHTML, like Gecko) Chrome/143.0.0.0 Safari/537.36'
    'HTTP_ACCEPT' => 'text/html,application/xhtml+xml,application/xml;q=0.9,image/avif,image/webp,image/apng,*/*;q=0.8,application/signed-exchange;v=b3;q=0.7'
    'HTTP_SEC_FETCH_SITE' => 'same-origin'
    'HTTP_SEC_FETCH_MODE' => 'navigate'
    'HTTP_SEC_FETCH_USER' => '?1'
    'HTTP_SEC_FETCH_DEST' => 'document'
    'HTTP_REFERER' => 'http://localhost/tripplan-web/tripplan/frontend/web/fotos-memorias/create?plano_id=16'
    'HTTP_ACCEPT_ENCODING' => 'gzip, deflate, br, zstd'
    'HTTP_ACCEPT_LANGUAGE' => 'pt-PT,pt;q=0.9,en-US;q=0.8,en;q=0.7'
    'HTTP_COOKIE' => 'Phpstorm-103aa988=bf38dfb5-04b5-4849-a933-fbc4e7b3e27f; _identity-backend=0056de632f8441a62c024e0c9bb0151a886f02adf425d5dba02a7dc6230a64f2a%3A2%3A%7Bi%3A0%3Bs%3A17%3A%22_identity-backend%22%3Bi%3A1%3Bs%3A46%3A%22%5B8%2C%22F8iSIrBPc2WeseOIPDgZsgsdkTU2Ufqt%22%2C2592000%5D%22%3B%7D; sidebar-collapse=false; _identity-frontend=01aebbe17af5cf269d57ad8fa9d7b0a3e66d6e5403c26ad0936cf8e478f1a3dca%3A2%3A%7Bi%3A0%3Bs%3A18%3A%22_identity-frontend%22%3Bi%3A1%3Bs%3A46%3A%22%5B5%2C%22XtQljr3I7zzomKmcSywhu1fSRKmNTnWE%22%2C2592000%5D%22%3B%7D; advanced-frontend=o5lbi15b66g6q8him0ejmjvb77; _csrf-frontend=2baa5d6f1f5b5b7ed04f94dc3487fdfca6597a2edb41ad6d94fc2deac8eddf58a%3A2%3A%7Bi%3A0%3Bs%3A14%3A%22_csrf-frontend%22%3Bi%3A1%3Bs%3A32%3A%22Z0LZ5kyEoGcN18SfCHCRLULHehAGRwoG%22%3B%7D; advanced-backend=u7a3tt9psa76mcfpnoi7mm5von; _csrf-backend=319b23a394cc7b30b6e103301d35670f7f5759f821af35b7846e96429d15d963a%3A2%3A%7Bi%3A0%3Bs%3A13%3A%22_csrf-backend%22%3Bi%3A1%3Bs%3A32%3A%22A_wVpiWq6w5HO4U62J4kK4ZM-YpOk18q%22%3B%7D'
    'PATH' => 'C:\\Program Files\\Common Files\\Oracle\\Java\\javapath;C:\\Program Files (x86)\\NVIDIA Corporation\\PhysX\\Common;C:\\WINDOWS\\system32;C:\\WINDOWS;C:\\WINDOWS\\System32\\Wbem;C:\\WINDOWS\\System32\\WindowsPowerShell\\v1.0\\;C:\\WINDOWS\\System32\\OpenSSH\\;C:\\msys64\\ucrt64\\bin;C:\\Program Files\\Microsoft SQL Server\\150\\Tools\\Binn\\;C:\\Program Files\\dotnet\\;C:\\Program Files\\Microsoft SQL Server\\Client SDK\\ODBC\\170\\Tools\\Binn\\;C:\\wamp64\\bin\\php\\php8.1.31;C:\\ProgramData\\ComposerSetup\\bin;C:\\Program Files\\Git\\cmd;C:\\WINDOWS\\system32\\config\\systemprofile\\AppData\\Local\\Microsoft\\WindowsApps'
    'SystemRoot' => 'C:\\WINDOWS'
    'COMSPEC' => 'C:\\WINDOWS\\system32\\cmd.exe'
    'PATHEXT' => '.COM;.EXE;.BAT;.CMD;.VBS;.VBE;.JS;.JSE;.WSF;.WSH;.MSC'
    'WINDIR' => 'C:\\WINDOWS'
    'SERVER_SIGNATURE' => '<address>Apache/2.4.62 (Win64) PHP/8.1.31 mod_fcgid/2.3.10-dev Server at localhost Port 80</address>
'
    'SERVER_SOFTWARE' => 'Apache/2.4.62 (Win64) PHP/8.1.31 mod_fcgid/2.3.10-dev'
    'SERVER_NAME' => 'localhost'
    'SERVER_ADDR' => '::1'
    'SERVER_PORT' => '80'
    'REMOTE_ADDR' => '::1'
    'DOCUMENT_ROOT' => 'C:/wamp64/www'
    'REQUEST_SCHEME' => 'http'
    'CONTEXT_PREFIX' => ''
    'CONTEXT_DOCUMENT_ROOT' => 'C:/wamp64/www'
    'SERVER_ADMIN' => 'wampserver@wampserver.invalid'
    'SCRIPT_FILENAME' => 'C:/wamp64/www/tripplan-web/tripplan/frontend/web/index.php'
    'REMOTE_PORT' => '61559'
    'REDIRECT_URL' => '/tripplan-web/tripplan/frontend/web/fotos-memorias/create'
    'REDIRECT_QUERY_STRING' => 'plano_id=16'
    'GATEWAY_INTERFACE' => 'CGI/1.1'
    'SERVER_PROTOCOL' => 'HTTP/1.1'
    'REQUEST_METHOD' => 'POST'
    'QUERY_STRING' => 'plano_id=16'
    'REQUEST_URI' => '/tripplan-web/tripplan/frontend/web/fotos-memorias/create?plano_id=16'
    'SCRIPT_NAME' => '/tripplan-web/tripplan/frontend/web/index.php'
    'PHP_SELF' => '/tripplan-web/tripplan/frontend/web/index.php'
    'REQUEST_TIME_FLOAT' => 1767551107.478
    'REQUEST_TIME' => 1767551107
]
2026-01-04 18:25:57 [::1][5][o5lbi15b66g6q8him0ejmjvb77][error][yii\base\UnknownPropertyException] yii\base\UnknownPropertyException: Setting unknown property: common\models\FotosMemorias::fotos in C:\wamp64\www\tripplan-web\tripplan\vendor\yiisoft\yii2\base\Component.php:221
Stack trace:
#0 C:\wamp64\www\tripplan-web\tripplan\vendor\yiisoft\yii2\db\BaseActiveRecord.php(322): yii\base\Component->__set('fotos', 'memoria_1767551...')
#1 C:\wamp64\www\tripplan-web\tripplan\frontend\controllers\FotosMemoriasController.php(91): yii\db\BaseActiveRecord->__set('fotos', 'memoria_1767551...')
#2 [internal function]: frontend\controllers\FotosMemoriasController->actionCreate('16')
#3 C:\wamp64\www\tripplan-web\tripplan\vendor\yiisoft\yii2\base\InlineAction.php(60): call_user_func_array(Array, Array)
#4 C:\wamp64\www\tripplan-web\tripplan\vendor\yiisoft\yii2\base\Controller.php(184): yii\base\InlineAction->runWithParams(Array)
#5 C:\wamp64\www\tripplan-web\tripplan\vendor\yiisoft\yii2\base\Module.php(555): yii\base\Controller->runAction('create', Array)
#6 C:\wamp64\www\tripplan-web\tripplan\vendor\yiisoft\yii2\web\Application.php(103): yii\base\Module->runAction('fotos-memorias/...', Array)
#7 C:\wamp64\www\tripplan-web\tripplan\vendor\yiisoft\yii2\base\Application.php(387): yii\web\Application->handleRequest(Object(yii\web\Request))
#8 C:\wamp64\www\tripplan-web\tripplan\frontend\web\index.php(18): yii\base\Application->run()
#9 {main}
2026-01-04 18:25:56 [::1][5][o5lbi15b66g6q8him0ejmjvb77][info][application] $_GET = [
    'plano_id' => '16'
]

$_POST = [
    '_csrf-frontend' => 'leXWVOijji_J3ebRArgTiFIap8alL4EAStkpUyZC6xzP1ZoO3cj3aqaahZ8zgEDuEVLklOl6zUgvsWgUdDWEWw=='
    'FotosMemorias' => [
        'foto' => ''
        'comentario' => 'gg'
        'plano_viagem_id' => '16'
    ]
]

$_FILES = [
    'FotosMemorias' => [
        'name' => [
            'foto' => 'programaçao.jpg'
        ]
        'full_path' => [
            'foto' => 'programaçao.jpg'
        ]
        'type' => [
            'foto' => 'image/jpeg'
        ]
        'tmp_name' => [
            'foto' => 'C:\\wamp64\\tmp\\phpC307.tmp'
        ]
        'error' => [
            'foto' => 0
        ]
        'size' => [
            'foto' => 270061
        ]
    ]
]

$_COOKIE = [
    'Phpstorm-103aa988' => 'bf38dfb5-04b5-4849-a933-fbc4e7b3e27f'
    '_identity-backend' => '0056de632f8441a62c024e0c9bb0151a886f02adf425d5dba02a7dc6230a64f2a:2:{i:0;s:17:\"_identity-backend\";i:1;s:46:\"[8,\"F8iSIrBPc2WeseOIPDgZsgsdkTU2Ufqt\",2592000]\";}'
    'sidebar-collapse' => 'false'
    '_identity-frontend' => '01aebbe17af5cf269d57ad8fa9d7b0a3e66d6e5403c26ad0936cf8e478f1a3dca:2:{i:0;s:18:\"_identity-frontend\";i:1;s:46:\"[5,\"XtQljr3I7zzomKmcSywhu1fSRKmNTnWE\",2592000]\";}'
    'advanced-frontend' => 'o5lbi15b66g6q8him0ejmjvb77'
    '_csrf-frontend' => '2baa5d6f1f5b5b7ed04f94dc3487fdfca6597a2edb41ad6d94fc2deac8eddf58a:2:{i:0;s:14:\"_csrf-frontend\";i:1;s:32:\"Z0LZ5kyEoGcN18SfCHCRLULHehAGRwoG\";}'
    'advanced-backend' => 'u7a3tt9psa76mcfpnoi7mm5von'
    '_csrf-backend' => '319b23a394cc7b30b6e103301d35670f7f5759f821af35b7846e96429d15d963a:2:{i:0;s:13:\"_csrf-backend\";i:1;s:32:\"A_wVpiWq6w5HO4U62J4kK4ZM-YpOk18q\";}'
]

$_SESSION = [
    '__flash' => [
        'success' => -1
    ]
    '__id' => 5
    '__authKey' => 'XtQljr3I7zzomKmcSywhu1fSRKmNTnWE'
    'success' => 'Adicionado aos Favoritos'
]

$_SERVER = [
    'REDIRECT_STATUS' => '200'
    'HTTP_HOST' => 'localhost'
    'HTTP_CONNECTION' => 'keep-alive'
    'CONTENT_LENGTH' => '270794'
    'HTTP_CACHE_CONTROL' => 'max-age=0'
    'HTTP_SEC_CH_UA' => '\"Google Chrome\";v=\"143\", \"Chromium\";v=\"143\", \"Not A(Brand\";v=\"24\"'
    'HTTP_SEC_CH_UA_MOBILE' => '?0'
    'HTTP_SEC_CH_UA_PLATFORM' => '\"Windows\"'
    'HTTP_UPGRADE_INSECURE_REQUESTS' => '1'
    'HTTP_USER_AGENT' => 'Mozilla/5.0 (Windows NT 10.0; Win64; x64) AppleWebKit/537.36 (KHTML, like Gecko) Chrome/143.0.0.0 Safari/537.36'
    'HTTP_ORIGIN' => 'http://localhost'
    'CONTENT_TYPE' => 'multipart/form-data; boundary=----WebKitFormBoundaryjVhiJhqEPGMousKU'
    'HTTP_ACCEPT' => 'text/html,application/xhtml+xml,application/xml;q=0.9,image/avif,image/webp,image/apng,*/*;q=0.8,application/signed-exchange;v=b3;q=0.7'
    'HTTP_SEC_FETCH_SITE' => 'same-origin'
    'HTTP_SEC_FETCH_MODE' => 'navigate'
    'HTTP_SEC_FETCH_USER' => '?1'
    'HTTP_SEC_FETCH_DEST' => 'document'
    'HTTP_REFERER' => 'http://localhost/tripplan-web/tripplan/frontend/web/fotos-memorias/create?plano_id=16'
    'HTTP_ACCEPT_ENCODING' => 'gzip, deflate, br, zstd'
    'HTTP_ACCEPT_LANGUAGE' => 'pt-PT,pt;q=0.9,en-US;q=0.8,en;q=0.7'
    'HTTP_COOKIE' => 'Phpstorm-103aa988=bf38dfb5-04b5-4849-a933-fbc4e7b3e27f; _identity-backend=0056de632f8441a62c024e0c9bb0151a886f02adf425d5dba02a7dc6230a64f2a%3A2%3A%7Bi%3A0%3Bs%3A17%3A%22_identity-backend%22%3Bi%3A1%3Bs%3A46%3A%22%5B8%2C%22F8iSIrBPc2WeseOIPDgZsgsdkTU2Ufqt%22%2C2592000%5D%22%3B%7D; sidebar-collapse=false; _identity-frontend=01aebbe17af5cf269d57ad8fa9d7b0a3e66d6e5403c26ad0936cf8e478f1a3dca%3A2%3A%7Bi%3A0%3Bs%3A18%3A%22_identity-frontend%22%3Bi%3A1%3Bs%3A46%3A%22%5B5%2C%22XtQljr3I7zzomKmcSywhu1fSRKmNTnWE%22%2C2592000%5D%22%3B%7D; advanced-frontend=o5lbi15b66g6q8him0ejmjvb77; _csrf-frontend=2baa5d6f1f5b5b7ed04f94dc3487fdfca6597a2edb41ad6d94fc2deac8eddf58a%3A2%3A%7Bi%3A0%3Bs%3A14%3A%22_csrf-frontend%22%3Bi%3A1%3Bs%3A32%3A%22Z0LZ5kyEoGcN18SfCHCRLULHehAGRwoG%22%3B%7D; advanced-backend=u7a3tt9psa76mcfpnoi7mm5von; _csrf-backend=319b23a394cc7b30b6e103301d35670f7f5759f821af35b7846e96429d15d963a%3A2%3A%7Bi%3A0%3Bs%3A13%3A%22_csrf-backend%22%3Bi%3A1%3Bs%3A32%3A%22A_wVpiWq6w5HO4U62J4kK4ZM-YpOk18q%22%3B%7D'
    'PATH' => 'C:\\Program Files\\Common Files\\Oracle\\Java\\javapath;C:\\Program Files (x86)\\NVIDIA Corporation\\PhysX\\Common;C:\\WINDOWS\\system32;C:\\WINDOWS;C:\\WINDOWS\\System32\\Wbem;C:\\WINDOWS\\System32\\WindowsPowerShell\\v1.0\\;C:\\WINDOWS\\System32\\OpenSSH\\;C:\\msys64\\ucrt64\\bin;C:\\Program Files\\Microsoft SQL Server\\150\\Tools\\Binn\\;C:\\Program Files\\dotnet\\;C:\\Program Files\\Microsoft SQL Server\\Client SDK\\ODBC\\170\\Tools\\Binn\\;C:\\wamp64\\bin\\php\\php8.1.31;C:\\ProgramData\\ComposerSetup\\bin;C:\\Program Files\\Git\\cmd;C:\\WINDOWS\\system32\\config\\systemprofile\\AppData\\Local\\Microsoft\\WindowsApps'
    'SystemRoot' => 'C:\\WINDOWS'
    'COMSPEC' => 'C:\\WINDOWS\\system32\\cmd.exe'
    'PATHEXT' => '.COM;.EXE;.BAT;.CMD;.VBS;.VBE;.JS;.JSE;.WSF;.WSH;.MSC'
    'WINDIR' => 'C:\\WINDOWS'
    'SERVER_SIGNATURE' => '<address>Apache/2.4.62 (Win64) PHP/8.1.31 mod_fcgid/2.3.10-dev Server at localhost Port 80</address>
'
    'SERVER_SOFTWARE' => 'Apache/2.4.62 (Win64) PHP/8.1.31 mod_fcgid/2.3.10-dev'
    'SERVER_NAME' => 'localhost'
    'SERVER_ADDR' => '::1'
    'SERVER_PORT' => '80'
    'REMOTE_ADDR' => '::1'
    'DOCUMENT_ROOT' => 'C:/wamp64/www'
    'REQUEST_SCHEME' => 'http'
    'CONTEXT_PREFIX' => ''
    'CONTEXT_DOCUMENT_ROOT' => 'C:/wamp64/www'
    'SERVER_ADMIN' => 'wampserver@wampserver.invalid'
    'SCRIPT_FILENAME' => 'C:/wamp64/www/tripplan-web/tripplan/frontend/web/index.php'
    'REMOTE_PORT' => '61577'
    'REDIRECT_URL' => '/tripplan-web/tripplan/frontend/web/fotos-memorias/create'
    'REDIRECT_QUERY_STRING' => 'plano_id=16'
    'GATEWAY_INTERFACE' => 'CGI/1.1'
    'SERVER_PROTOCOL' => 'HTTP/1.1'
    'REQUEST_METHOD' => 'POST'
    'QUERY_STRING' => 'plano_id=16'
    'REQUEST_URI' => '/tripplan-web/tripplan/frontend/web/fotos-memorias/create?plano_id=16'
    'SCRIPT_NAME' => '/tripplan-web/tripplan/frontend/web/index.php'
    'PHP_SELF' => '/tripplan-web/tripplan/frontend/web/index.php'
    'REQUEST_TIME_FLOAT' => 1767551156.9457
    'REQUEST_TIME' => 1767551156
]
2026-01-04 18:26:17 [::1][5][o5lbi15b66g6q8him0ejmjvb77][error][yii\base\UnknownPropertyException] yii\base\UnknownPropertyException: Setting unknown property: common\models\FotosMemorias::fotos in C:\wamp64\www\tripplan-web\tripplan\vendor\yiisoft\yii2\base\Component.php:221
Stack trace:
#0 C:\wamp64\www\tripplan-web\tripplan\vendor\yiisoft\yii2\db\BaseActiveRecord.php(322): yii\base\Component->__set('fotos', 'memoria_1767551...')
#1 C:\wamp64\www\tripplan-web\tripplan\frontend\controllers\FotosMemoriasController.php(91): yii\db\BaseActiveRecord->__set('fotos', 'memoria_1767551...')
#2 [internal function]: frontend\controllers\FotosMemoriasController->actionCreate('16')
#3 C:\wamp64\www\tripplan-web\tripplan\vendor\yiisoft\yii2\base\InlineAction.php(60): call_user_func_array(Array, Array)
#4 C:\wamp64\www\tripplan-web\tripplan\vendor\yiisoft\yii2\base\Controller.php(184): yii\base\InlineAction->runWithParams(Array)
#5 C:\wamp64\www\tripplan-web\tripplan\vendor\yiisoft\yii2\base\Module.php(555): yii\base\Controller->runAction('create', Array)
#6 C:\wamp64\www\tripplan-web\tripplan\vendor\yiisoft\yii2\web\Application.php(103): yii\base\Module->runAction('fotos-memorias/...', Array)
#7 C:\wamp64\www\tripplan-web\tripplan\vendor\yiisoft\yii2\base\Application.php(387): yii\web\Application->handleRequest(Object(yii\web\Request))
#8 C:\wamp64\www\tripplan-web\tripplan\frontend\web\index.php(18): yii\base\Application->run()
#9 {main}
2026-01-04 18:26:17 [::1][5][o5lbi15b66g6q8him0ejmjvb77][info][application] $_GET = [
    'plano_id' => '16'
]

$_POST = [
    '_csrf-frontend' => 'leXWVOijji_J3ebRArgTiFIap8alL4EAStkpUyZC6xzP1ZoO3cj3aqaahZ8zgEDuEVLklOl6zUgvsWgUdDWEWw=='
    'FotosMemorias' => [
        'foto' => ''
        'comentario' => 'gg'
        'plano_viagem_id' => '16'
    ]
]

$_FILES = [
    'FotosMemorias' => [
        'name' => [
            'foto' => 'programaçao.jpg'
        ]
        'full_path' => [
            'foto' => 'programaçao.jpg'
        ]
        'type' => [
            'foto' => 'image/jpeg'
        ]
        'tmp_name' => [
            'foto' => 'C:\\wamp64\\tmp\\php1474.tmp'
        ]
        'error' => [
            'foto' => 0
        ]
        'size' => [
            'foto' => 270061
        ]
    ]
]

$_COOKIE = [
    'Phpstorm-103aa988' => 'bf38dfb5-04b5-4849-a933-fbc4e7b3e27f'
    '_identity-backend' => '0056de632f8441a62c024e0c9bb0151a886f02adf425d5dba02a7dc6230a64f2a:2:{i:0;s:17:\"_identity-backend\";i:1;s:46:\"[8,\"F8iSIrBPc2WeseOIPDgZsgsdkTU2Ufqt\",2592000]\";}'
    'sidebar-collapse' => 'false'
    '_identity-frontend' => '01aebbe17af5cf269d57ad8fa9d7b0a3e66d6e5403c26ad0936cf8e478f1a3dca:2:{i:0;s:18:\"_identity-frontend\";i:1;s:46:\"[5,\"XtQljr3I7zzomKmcSywhu1fSRKmNTnWE\",2592000]\";}'
    'advanced-frontend' => 'o5lbi15b66g6q8him0ejmjvb77'
    '_csrf-frontend' => '2baa5d6f1f5b5b7ed04f94dc3487fdfca6597a2edb41ad6d94fc2deac8eddf58a:2:{i:0;s:14:\"_csrf-frontend\";i:1;s:32:\"Z0LZ5kyEoGcN18SfCHCRLULHehAGRwoG\";}'
    'advanced-backend' => 'u7a3tt9psa76mcfpnoi7mm5von'
    '_csrf-backend' => '319b23a394cc7b30b6e103301d35670f7f5759f821af35b7846e96429d15d963a:2:{i:0;s:13:\"_csrf-backend\";i:1;s:32:\"A_wVpiWq6w5HO4U62J4kK4ZM-YpOk18q\";}'
]

$_SESSION = [
    '__flash' => [
        'success' => -1
    ]
    '__id' => 5
    '__authKey' => 'XtQljr3I7zzomKmcSywhu1fSRKmNTnWE'
    'success' => 'Adicionado aos Favoritos'
]

$_SERVER = [
    'REDIRECT_STATUS' => '200'
    'HTTP_HOST' => 'localhost'
    'HTTP_CONNECTION' => 'keep-alive'
    'CONTENT_LENGTH' => '270794'
    'HTTP_CACHE_CONTROL' => 'max-age=0'
    'HTTP_SEC_CH_UA' => '\"Google Chrome\";v=\"143\", \"Chromium\";v=\"143\", \"Not A(Brand\";v=\"24\"'
    'HTTP_SEC_CH_UA_MOBILE' => '?0'
    'HTTP_SEC_CH_UA_PLATFORM' => '\"Windows\"'
    'HTTP_UPGRADE_INSECURE_REQUESTS' => '1'
    'HTTP_USER_AGENT' => 'Mozilla/5.0 (Windows NT 10.0; Win64; x64) AppleWebKit/537.36 (KHTML, like Gecko) Chrome/143.0.0.0 Safari/537.36'
    'HTTP_ORIGIN' => 'http://localhost'
    'CONTENT_TYPE' => 'multipart/form-data; boundary=----WebKitFormBoundaryjVhiJhqEPGMousKU'
    'HTTP_ACCEPT' => 'text/html,application/xhtml+xml,application/xml;q=0.9,image/avif,image/webp,image/apng,*/*;q=0.8,application/signed-exchange;v=b3;q=0.7'
    'HTTP_SEC_FETCH_SITE' => 'same-origin'
    'HTTP_SEC_FETCH_MODE' => 'navigate'
    'HTTP_SEC_FETCH_USER' => '?1'
    'HTTP_SEC_FETCH_DEST' => 'document'
    'HTTP_REFERER' => 'http://localhost/tripplan-web/tripplan/frontend/web/fotos-memorias/create?plano_id=16'
    'HTTP_ACCEPT_ENCODING' => 'gzip, deflate, br, zstd'
    'HTTP_ACCEPT_LANGUAGE' => 'pt-PT,pt;q=0.9,en-US;q=0.8,en;q=0.7'
    'HTTP_COOKIE' => 'Phpstorm-103aa988=bf38dfb5-04b5-4849-a933-fbc4e7b3e27f; _identity-backend=0056de632f8441a62c024e0c9bb0151a886f02adf425d5dba02a7dc6230a64f2a%3A2%3A%7Bi%3A0%3Bs%3A17%3A%22_identity-backend%22%3Bi%3A1%3Bs%3A46%3A%22%5B8%2C%22F8iSIrBPc2WeseOIPDgZsgsdkTU2Ufqt%22%2C2592000%5D%22%3B%7D; sidebar-collapse=false; _identity-frontend=01aebbe17af5cf269d57ad8fa9d7b0a3e66d6e5403c26ad0936cf8e478f1a3dca%3A2%3A%7Bi%3A0%3Bs%3A18%3A%22_identity-frontend%22%3Bi%3A1%3Bs%3A46%3A%22%5B5%2C%22XtQljr3I7zzomKmcSywhu1fSRKmNTnWE%22%2C2592000%5D%22%3B%7D; advanced-frontend=o5lbi15b66g6q8him0ejmjvb77; _csrf-frontend=2baa5d6f1f5b5b7ed04f94dc3487fdfca6597a2edb41ad6d94fc2deac8eddf58a%3A2%3A%7Bi%3A0%3Bs%3A14%3A%22_csrf-frontend%22%3Bi%3A1%3Bs%3A32%3A%22Z0LZ5kyEoGcN18SfCHCRLULHehAGRwoG%22%3B%7D; advanced-backend=u7a3tt9psa76mcfpnoi7mm5von; _csrf-backend=319b23a394cc7b30b6e103301d35670f7f5759f821af35b7846e96429d15d963a%3A2%3A%7Bi%3A0%3Bs%3A13%3A%22_csrf-backend%22%3Bi%3A1%3Bs%3A32%3A%22A_wVpiWq6w5HO4U62J4kK4ZM-YpOk18q%22%3B%7D'
    'PATH' => 'C:\\Program Files\\Common Files\\Oracle\\Java\\javapath;C:\\Program Files (x86)\\NVIDIA Corporation\\PhysX\\Common;C:\\WINDOWS\\system32;C:\\WINDOWS;C:\\WINDOWS\\System32\\Wbem;C:\\WINDOWS\\System32\\WindowsPowerShell\\v1.0\\;C:\\WINDOWS\\System32\\OpenSSH\\;C:\\msys64\\ucrt64\\bin;C:\\Program Files\\Microsoft SQL Server\\150\\Tools\\Binn\\;C:\\Program Files\\dotnet\\;C:\\Program Files\\Microsoft SQL Server\\Client SDK\\ODBC\\170\\Tools\\Binn\\;C:\\wamp64\\bin\\php\\php8.1.31;C:\\ProgramData\\ComposerSetup\\bin;C:\\Program Files\\Git\\cmd;C:\\WINDOWS\\system32\\config\\systemprofile\\AppData\\Local\\Microsoft\\WindowsApps'
    'SystemRoot' => 'C:\\WINDOWS'
    'COMSPEC' => 'C:\\WINDOWS\\system32\\cmd.exe'
    'PATHEXT' => '.COM;.EXE;.BAT;.CMD;.VBS;.VBE;.JS;.JSE;.WSF;.WSH;.MSC'
    'WINDIR' => 'C:\\WINDOWS'
    'SERVER_SIGNATURE' => '<address>Apache/2.4.62 (Win64) PHP/8.1.31 mod_fcgid/2.3.10-dev Server at localhost Port 80</address>
'
    'SERVER_SOFTWARE' => 'Apache/2.4.62 (Win64) PHP/8.1.31 mod_fcgid/2.3.10-dev'
    'SERVER_NAME' => 'localhost'
    'SERVER_ADDR' => '::1'
    'SERVER_PORT' => '80'
    'REMOTE_ADDR' => '::1'
    'DOCUMENT_ROOT' => 'C:/wamp64/www'
    'REQUEST_SCHEME' => 'http'
    'CONTEXT_PREFIX' => ''
    'CONTEXT_DOCUMENT_ROOT' => 'C:/wamp64/www'
    'SERVER_ADMIN' => 'wampserver@wampserver.invalid'
    'SCRIPT_FILENAME' => 'C:/wamp64/www/tripplan-web/tripplan/frontend/web/index.php'
    'REMOTE_PORT' => '61588'
    'REDIRECT_URL' => '/tripplan-web/tripplan/frontend/web/fotos-memorias/create'
    'REDIRECT_QUERY_STRING' => 'plano_id=16'
    'GATEWAY_INTERFACE' => 'CGI/1.1'
    'SERVER_PROTOCOL' => 'HTTP/1.1'
    'REQUEST_METHOD' => 'POST'
    'QUERY_STRING' => 'plano_id=16'
    'REQUEST_URI' => '/tripplan-web/tripplan/frontend/web/fotos-memorias/create?plano_id=16'
    'SCRIPT_NAME' => '/tripplan-web/tripplan/frontend/web/index.php'
    'PHP_SELF' => '/tripplan-web/tripplan/frontend/web/index.php'
    'REQUEST_TIME_FLOAT' => 1767551177.7931
    'REQUEST_TIME' => 1767551177
]
2026-01-04 18:26:45 [::1][5][o5lbi15b66g6q8him0ejmjvb77][error][yii\base\UnknownPropertyException] yii\base\UnknownPropertyException: Setting unknown property: common\models\FotosMemorias::fotos in C:\wamp64\www\tripplan-web\tripplan\vendor\yiisoft\yii2\base\Component.php:221
Stack trace:
#0 C:\wamp64\www\tripplan-web\tripplan\vendor\yiisoft\yii2\db\BaseActiveRecord.php(322): yii\base\Component->__set('fotos', 'memoria_1767551...')
#1 C:\wamp64\www\tripplan-web\tripplan\frontend\controllers\FotosMemoriasController.php(91): yii\db\BaseActiveRecord->__set('fotos', 'memoria_1767551...')
#2 [internal function]: frontend\controllers\FotosMemoriasController->actionCreate('16')
#3 C:\wamp64\www\tripplan-web\tripplan\vendor\yiisoft\yii2\base\InlineAction.php(60): call_user_func_array(Array, Array)
#4 C:\wamp64\www\tripplan-web\tripplan\vendor\yiisoft\yii2\base\Controller.php(184): yii\base\InlineAction->runWithParams(Array)
#5 C:\wamp64\www\tripplan-web\tripplan\vendor\yiisoft\yii2\base\Module.php(555): yii\base\Controller->runAction('create', Array)
#6 C:\wamp64\www\tripplan-web\tripplan\vendor\yiisoft\yii2\web\Application.php(103): yii\base\Module->runAction('fotos-memorias/...', Array)
#7 C:\wamp64\www\tripplan-web\tripplan\vendor\yiisoft\yii2\base\Application.php(387): yii\web\Application->handleRequest(Object(yii\web\Request))
#8 C:\wamp64\www\tripplan-web\tripplan\frontend\web\index.php(18): yii\base\Application->run()
#9 {main}
2026-01-04 18:26:45 [::1][5][o5lbi15b66g6q8him0ejmjvb77][info][application] $_GET = [
    'plano_id' => '16'
]

$_POST = [
    '_csrf-frontend' => 'leXWVOijji_J3ebRArgTiFIap8alL4EAStkpUyZC6xzP1ZoO3cj3aqaahZ8zgEDuEVLklOl6zUgvsWgUdDWEWw=='
    'FotosMemorias' => [
        'foto' => ''
        'comentario' => 'gg'
        'plano_viagem_id' => '16'
    ]
]

$_FILES = [
    'FotosMemorias' => [
        'name' => [
            'foto' => 'programaçao.jpg'
        ]
        'full_path' => [
            'foto' => 'programaçao.jpg'
        ]
        'type' => [
            'foto' => 'image/jpeg'
        ]
        'tmp_name' => [
            'foto' => 'C:\\wamp64\\tmp\\php80DB.tmp'
        ]
        'error' => [
            'foto' => 0
        ]
        'size' => [
            'foto' => 270061
        ]
    ]
]

$_COOKIE = [
    'Phpstorm-103aa988' => 'bf38dfb5-04b5-4849-a933-fbc4e7b3e27f'
    '_identity-backend' => '0056de632f8441a62c024e0c9bb0151a886f02adf425d5dba02a7dc6230a64f2a:2:{i:0;s:17:\"_identity-backend\";i:1;s:46:\"[8,\"F8iSIrBPc2WeseOIPDgZsgsdkTU2Ufqt\",2592000]\";}'
    'sidebar-collapse' => 'false'
    '_identity-frontend' => '01aebbe17af5cf269d57ad8fa9d7b0a3e66d6e5403c26ad0936cf8e478f1a3dca:2:{i:0;s:18:\"_identity-frontend\";i:1;s:46:\"[5,\"XtQljr3I7zzomKmcSywhu1fSRKmNTnWE\",2592000]\";}'
    'advanced-frontend' => 'o5lbi15b66g6q8him0ejmjvb77'
    '_csrf-frontend' => '2baa5d6f1f5b5b7ed04f94dc3487fdfca6597a2edb41ad6d94fc2deac8eddf58a:2:{i:0;s:14:\"_csrf-frontend\";i:1;s:32:\"Z0LZ5kyEoGcN18SfCHCRLULHehAGRwoG\";}'
    'advanced-backend' => 'u7a3tt9psa76mcfpnoi7mm5von'
    '_csrf-backend' => '319b23a394cc7b30b6e103301d35670f7f5759f821af35b7846e96429d15d963a:2:{i:0;s:13:\"_csrf-backend\";i:1;s:32:\"A_wVpiWq6w5HO4U62J4kK4ZM-YpOk18q\";}'
]

$_SESSION = [
    '__flash' => [
        'success' => -1
    ]
    '__id' => 5
    '__authKey' => 'XtQljr3I7zzomKmcSywhu1fSRKmNTnWE'
    'success' => 'Adicionado aos Favoritos'
]

$_SERVER = [
    'REDIRECT_STATUS' => '200'
    'HTTP_HOST' => 'localhost'
    'HTTP_CONNECTION' => 'keep-alive'
    'CONTENT_LENGTH' => '270794'
    'HTTP_CACHE_CONTROL' => 'max-age=0'
    'HTTP_SEC_CH_UA' => '\"Google Chrome\";v=\"143\", \"Chromium\";v=\"143\", \"Not A(Brand\";v=\"24\"'
    'HTTP_SEC_CH_UA_MOBILE' => '?0'
    'HTTP_SEC_CH_UA_PLATFORM' => '\"Windows\"'
    'HTTP_UPGRADE_INSECURE_REQUESTS' => '1'
    'HTTP_USER_AGENT' => 'Mozilla/5.0 (Windows NT 10.0; Win64; x64) AppleWebKit/537.36 (KHTML, like Gecko) Chrome/143.0.0.0 Safari/537.36'
    'HTTP_ORIGIN' => 'http://localhost'
    'CONTENT_TYPE' => 'multipart/form-data; boundary=----WebKitFormBoundaryjVhiJhqEPGMousKU'
    'HTTP_ACCEPT' => 'text/html,application/xhtml+xml,application/xml;q=0.9,image/avif,image/webp,image/apng,*/*;q=0.8,application/signed-exchange;v=b3;q=0.7'
    'HTTP_SEC_FETCH_SITE' => 'same-origin'
    'HTTP_SEC_FETCH_MODE' => 'navigate'
    'HTTP_SEC_FETCH_USER' => '?1'
    'HTTP_SEC_FETCH_DEST' => 'document'
    'HTTP_REFERER' => 'http://localhost/tripplan-web/tripplan/frontend/web/fotos-memorias/create?plano_id=16'
    'HTTP_ACCEPT_ENCODING' => 'gzip, deflate, br, zstd'
    'HTTP_ACCEPT_LANGUAGE' => 'pt-PT,pt;q=0.9,en-US;q=0.8,en;q=0.7'
    'HTTP_COOKIE' => 'Phpstorm-103aa988=bf38dfb5-04b5-4849-a933-fbc4e7b3e27f; _identity-backend=0056de632f8441a62c024e0c9bb0151a886f02adf425d5dba02a7dc6230a64f2a%3A2%3A%7Bi%3A0%3Bs%3A17%3A%22_identity-backend%22%3Bi%3A1%3Bs%3A46%3A%22%5B8%2C%22F8iSIrBPc2WeseOIPDgZsgsdkTU2Ufqt%22%2C2592000%5D%22%3B%7D; sidebar-collapse=false; _identity-frontend=01aebbe17af5cf269d57ad8fa9d7b0a3e66d6e5403c26ad0936cf8e478f1a3dca%3A2%3A%7Bi%3A0%3Bs%3A18%3A%22_identity-frontend%22%3Bi%3A1%3Bs%3A46%3A%22%5B5%2C%22XtQljr3I7zzomKmcSywhu1fSRKmNTnWE%22%2C2592000%5D%22%3B%7D; advanced-frontend=o5lbi15b66g6q8him0ejmjvb77; _csrf-frontend=2baa5d6f1f5b5b7ed04f94dc3487fdfca6597a2edb41ad6d94fc2deac8eddf58a%3A2%3A%7Bi%3A0%3Bs%3A14%3A%22_csrf-frontend%22%3Bi%3A1%3Bs%3A32%3A%22Z0LZ5kyEoGcN18SfCHCRLULHehAGRwoG%22%3B%7D; advanced-backend=u7a3tt9psa76mcfpnoi7mm5von; _csrf-backend=319b23a394cc7b30b6e103301d35670f7f5759f821af35b7846e96429d15d963a%3A2%3A%7Bi%3A0%3Bs%3A13%3A%22_csrf-backend%22%3Bi%3A1%3Bs%3A32%3A%22A_wVpiWq6w5HO4U62J4kK4ZM-YpOk18q%22%3B%7D'
    'PATH' => 'C:\\Program Files\\Common Files\\Oracle\\Java\\javapath;C:\\Program Files (x86)\\NVIDIA Corporation\\PhysX\\Common;C:\\WINDOWS\\system32;C:\\WINDOWS;C:\\WINDOWS\\System32\\Wbem;C:\\WINDOWS\\System32\\WindowsPowerShell\\v1.0\\;C:\\WINDOWS\\System32\\OpenSSH\\;C:\\msys64\\ucrt64\\bin;C:\\Program Files\\Microsoft SQL Server\\150\\Tools\\Binn\\;C:\\Program Files\\dotnet\\;C:\\Program Files\\Microsoft SQL Server\\Client SDK\\ODBC\\170\\Tools\\Binn\\;C:\\wamp64\\bin\\php\\php8.1.31;C:\\ProgramData\\ComposerSetup\\bin;C:\\Program Files\\Git\\cmd;C:\\WINDOWS\\system32\\config\\systemprofile\\AppData\\Local\\Microsoft\\WindowsApps'
    'SystemRoot' => 'C:\\WINDOWS'
    'COMSPEC' => 'C:\\WINDOWS\\system32\\cmd.exe'
    'PATHEXT' => '.COM;.EXE;.BAT;.CMD;.VBS;.VBE;.JS;.JSE;.WSF;.WSH;.MSC'
    'WINDIR' => 'C:\\WINDOWS'
    'SERVER_SIGNATURE' => '<address>Apache/2.4.62 (Win64) PHP/8.1.31 mod_fcgid/2.3.10-dev Server at localhost Port 80</address>
'
    'SERVER_SOFTWARE' => 'Apache/2.4.62 (Win64) PHP/8.1.31 mod_fcgid/2.3.10-dev'
    'SERVER_NAME' => 'localhost'
    'SERVER_ADDR' => '::1'
    'SERVER_PORT' => '80'
    'REMOTE_ADDR' => '::1'
    'DOCUMENT_ROOT' => 'C:/wamp64/www'
    'REQUEST_SCHEME' => 'http'
    'CONTEXT_PREFIX' => ''
    'CONTEXT_DOCUMENT_ROOT' => 'C:/wamp64/www'
    'SERVER_ADMIN' => 'wampserver@wampserver.invalid'
    'SCRIPT_FILENAME' => 'C:/wamp64/www/tripplan-web/tripplan/frontend/web/index.php'
    'REMOTE_PORT' => '61594'
    'REDIRECT_URL' => '/tripplan-web/tripplan/frontend/web/fotos-memorias/create'
    'REDIRECT_QUERY_STRING' => 'plano_id=16'
    'GATEWAY_INTERFACE' => 'CGI/1.1'
    'SERVER_PROTOCOL' => 'HTTP/1.1'
    'REQUEST_METHOD' => 'POST'
    'QUERY_STRING' => 'plano_id=16'
    'REQUEST_URI' => '/tripplan-web/tripplan/frontend/web/fotos-memorias/create?plano_id=16'
    'SCRIPT_NAME' => '/tripplan-web/tripplan/frontend/web/index.php'
    'PHP_SELF' => '/tripplan-web/tripplan/frontend/web/index.php'
    'REQUEST_TIME_FLOAT' => 1767551205.5364
    'REQUEST_TIME' => 1767551205
]
2026-01-04 18:26:51 [::1][5][o5lbi15b66g6q8him0ejmjvb77][error][yii\base\UnknownPropertyException] yii\base\UnknownPropertyException: Setting unknown property: common\models\FotosMemorias::fotos in C:\wamp64\www\tripplan-web\tripplan\vendor\yiisoft\yii2\base\Component.php:221
Stack trace:
#0 C:\wamp64\www\tripplan-web\tripplan\vendor\yiisoft\yii2\db\BaseActiveRecord.php(322): yii\base\Component->__set('fotos', 'memoria_1767551...')
#1 C:\wamp64\www\tripplan-web\tripplan\frontend\controllers\FotosMemoriasController.php(91): yii\db\BaseActiveRecord->__set('fotos', 'memoria_1767551...')
#2 [internal function]: frontend\controllers\FotosMemoriasController->actionCreate('16')
#3 C:\wamp64\www\tripplan-web\tripplan\vendor\yiisoft\yii2\base\InlineAction.php(60): call_user_func_array(Array, Array)
#4 C:\wamp64\www\tripplan-web\tripplan\vendor\yiisoft\yii2\base\Controller.php(184): yii\base\InlineAction->runWithParams(Array)
#5 C:\wamp64\www\tripplan-web\tripplan\vendor\yiisoft\yii2\base\Module.php(555): yii\base\Controller->runAction('create', Array)
#6 C:\wamp64\www\tripplan-web\tripplan\vendor\yiisoft\yii2\web\Application.php(103): yii\base\Module->runAction('fotos-memorias/...', Array)
#7 C:\wamp64\www\tripplan-web\tripplan\vendor\yiisoft\yii2\base\Application.php(387): yii\web\Application->handleRequest(Object(yii\web\Request))
#8 C:\wamp64\www\tripplan-web\tripplan\frontend\web\index.php(18): yii\base\Application->run()
#9 {main}
2026-01-04 18:26:51 [::1][5][o5lbi15b66g6q8him0ejmjvb77][info][application] $_GET = [
    'plano_id' => '16'
]

$_POST = [
    '_csrf-frontend' => 'HgSsn44-BolkpQ958_f8ovJ6--b9lAThMGgKRrjFvFBENODFu1V_zAvibDfCz6_EsTK4tLHBSKlVAEsB6rLTFw=='
    'FotosMemorias' => [
        'foto' => ''
        'comentario' => 'gg'
        'plano_viagem_id' => '16'
    ]
]

$_FILES = [
    'FotosMemorias' => [
        'name' => [
            'foto' => 'programaçao.jpg'
        ]
        'full_path' => [
            'foto' => 'programaçao.jpg'
        ]
        'type' => [
            'foto' => 'image/jpeg'
        ]
        'tmp_name' => [
            'foto' => 'C:\\wamp64\\tmp\\php987B.tmp'
        ]
        'error' => [
            'foto' => 0
        ]
        'size' => [
            'foto' => 270061
        ]
    ]
]

$_COOKIE = [
    'Phpstorm-103aa988' => 'bf38dfb5-04b5-4849-a933-fbc4e7b3e27f'
    '_identity-backend' => '0056de632f8441a62c024e0c9bb0151a886f02adf425d5dba02a7dc6230a64f2a:2:{i:0;s:17:\"_identity-backend\";i:1;s:46:\"[8,\"F8iSIrBPc2WeseOIPDgZsgsdkTU2Ufqt\",2592000]\";}'
    'sidebar-collapse' => 'false'
    '_identity-frontend' => '01aebbe17af5cf269d57ad8fa9d7b0a3e66d6e5403c26ad0936cf8e478f1a3dca:2:{i:0;s:18:\"_identity-frontend\";i:1;s:46:\"[5,\"XtQljr3I7zzomKmcSywhu1fSRKmNTnWE\",2592000]\";}'
    'advanced-frontend' => 'o5lbi15b66g6q8him0ejmjvb77'
    '_csrf-frontend' => '2baa5d6f1f5b5b7ed04f94dc3487fdfca6597a2edb41ad6d94fc2deac8eddf58a:2:{i:0;s:14:\"_csrf-frontend\";i:1;s:32:\"Z0LZ5kyEoGcN18SfCHCRLULHehAGRwoG\";}'
    'advanced-backend' => 'u7a3tt9psa76mcfpnoi7mm5von'
    '_csrf-backend' => '319b23a394cc7b30b6e103301d35670f7f5759f821af35b7846e96429d15d963a:2:{i:0;s:13:\"_csrf-backend\";i:1;s:32:\"A_wVpiWq6w5HO4U62J4kK4ZM-YpOk18q\";}'
]

$_SESSION = [
    '__flash' => [
        'success' => -1
    ]
    '__id' => 5
    '__authKey' => 'XtQljr3I7zzomKmcSywhu1fSRKmNTnWE'
    'success' => 'Adicionado aos Favoritos'
]

$_SERVER = [
    'REDIRECT_STATUS' => '200'
    'HTTP_HOST' => 'localhost'
    'HTTP_CONNECTION' => 'keep-alive'
    'CONTENT_LENGTH' => '270794'
    'HTTP_CACHE_CONTROL' => 'max-age=0'
    'HTTP_SEC_CH_UA' => '\"Google Chrome\";v=\"143\", \"Chromium\";v=\"143\", \"Not A(Brand\";v=\"24\"'
    'HTTP_SEC_CH_UA_MOBILE' => '?0'
    'HTTP_SEC_CH_UA_PLATFORM' => '\"Windows\"'
    'HTTP_ORIGIN' => 'http://localhost'
    'CONTENT_TYPE' => 'multipart/form-data; boundary=----WebKitFormBoundarybn7AnhGR64kRqRbd'
    'HTTP_UPGRADE_INSECURE_REQUESTS' => '1'
    'HTTP_USER_AGENT' => 'Mozilla/5.0 (Windows NT 10.0; Win64; x64) AppleWebKit/537.36 (KHTML, like Gecko) Chrome/143.0.0.0 Safari/537.36'
    'HTTP_ACCEPT' => 'text/html,application/xhtml+xml,application/xml;q=0.9,image/avif,image/webp,image/apng,*/*;q=0.8,application/signed-exchange;v=b3;q=0.7'
    'HTTP_SEC_FETCH_SITE' => 'same-origin'
    'HTTP_SEC_FETCH_MODE' => 'navigate'
    'HTTP_SEC_FETCH_USER' => '?1'
    'HTTP_SEC_FETCH_DEST' => 'document'
    'HTTP_REFERER' => 'http://localhost/tripplan-web/tripplan/frontend/web/fotos-memorias/create?plano_id=16'
    'HTTP_ACCEPT_ENCODING' => 'gzip, deflate, br, zstd'
    'HTTP_ACCEPT_LANGUAGE' => 'pt-PT,pt;q=0.9,en-US;q=0.8,en;q=0.7'
    'HTTP_COOKIE' => 'Phpstorm-103aa988=bf38dfb5-04b5-4849-a933-fbc4e7b3e27f; _identity-backend=0056de632f8441a62c024e0c9bb0151a886f02adf425d5dba02a7dc6230a64f2a%3A2%3A%7Bi%3A0%3Bs%3A17%3A%22_identity-backend%22%3Bi%3A1%3Bs%3A46%3A%22%5B8%2C%22F8iSIrBPc2WeseOIPDgZsgsdkTU2Ufqt%22%2C2592000%5D%22%3B%7D; sidebar-collapse=false; _identity-frontend=01aebbe17af5cf269d57ad8fa9d7b0a3e66d6e5403c26ad0936cf8e478f1a3dca%3A2%3A%7Bi%3A0%3Bs%3A18%3A%22_identity-frontend%22%3Bi%3A1%3Bs%3A46%3A%22%5B5%2C%22XtQljr3I7zzomKmcSywhu1fSRKmNTnWE%22%2C2592000%5D%22%3B%7D; advanced-frontend=o5lbi15b66g6q8him0ejmjvb77; _csrf-frontend=2baa5d6f1f5b5b7ed04f94dc3487fdfca6597a2edb41ad6d94fc2deac8eddf58a%3A2%3A%7Bi%3A0%3Bs%3A14%3A%22_csrf-frontend%22%3Bi%3A1%3Bs%3A32%3A%22Z0LZ5kyEoGcN18SfCHCRLULHehAGRwoG%22%3B%7D; advanced-backend=u7a3tt9psa76mcfpnoi7mm5von; _csrf-backend=319b23a394cc7b30b6e103301d35670f7f5759f821af35b7846e96429d15d963a%3A2%3A%7Bi%3A0%3Bs%3A13%3A%22_csrf-backend%22%3Bi%3A1%3Bs%3A32%3A%22A_wVpiWq6w5HO4U62J4kK4ZM-YpOk18q%22%3B%7D'
    'PATH' => 'C:\\Program Files\\Common Files\\Oracle\\Java\\javapath;C:\\Program Files (x86)\\NVIDIA Corporation\\PhysX\\Common;C:\\WINDOWS\\system32;C:\\WINDOWS;C:\\WINDOWS\\System32\\Wbem;C:\\WINDOWS\\System32\\WindowsPowerShell\\v1.0\\;C:\\WINDOWS\\System32\\OpenSSH\\;C:\\msys64\\ucrt64\\bin;C:\\Program Files\\Microsoft SQL Server\\150\\Tools\\Binn\\;C:\\Program Files\\dotnet\\;C:\\Program Files\\Microsoft SQL Server\\Client SDK\\ODBC\\170\\Tools\\Binn\\;C:\\wamp64\\bin\\php\\php8.1.31;C:\\ProgramData\\ComposerSetup\\bin;C:\\Program Files\\Git\\cmd;C:\\WINDOWS\\system32\\config\\systemprofile\\AppData\\Local\\Microsoft\\WindowsApps'
    'SystemRoot' => 'C:\\WINDOWS'
    'COMSPEC' => 'C:\\WINDOWS\\system32\\cmd.exe'
    'PATHEXT' => '.COM;.EXE;.BAT;.CMD;.VBS;.VBE;.JS;.JSE;.WSF;.WSH;.MSC'
    'WINDIR' => 'C:\\WINDOWS'
    'SERVER_SIGNATURE' => '<address>Apache/2.4.62 (Win64) PHP/8.1.31 mod_fcgid/2.3.10-dev Server at localhost Port 80</address>
'
    'SERVER_SOFTWARE' => 'Apache/2.4.62 (Win64) PHP/8.1.31 mod_fcgid/2.3.10-dev'
    'SERVER_NAME' => 'localhost'
    'SERVER_ADDR' => '::1'
    'SERVER_PORT' => '80'
    'REMOTE_ADDR' => '::1'
    'DOCUMENT_ROOT' => 'C:/wamp64/www'
    'REQUEST_SCHEME' => 'http'
    'CONTEXT_PREFIX' => ''
    'CONTEXT_DOCUMENT_ROOT' => 'C:/wamp64/www'
    'SERVER_ADMIN' => 'wampserver@wampserver.invalid'
    'SCRIPT_FILENAME' => 'C:/wamp64/www/tripplan-web/tripplan/frontend/web/index.php'
    'REMOTE_PORT' => '61605'
    'REDIRECT_URL' => '/tripplan-web/tripplan/frontend/web/fotos-memorias/create'
    'REDIRECT_QUERY_STRING' => 'plano_id=16'
    'GATEWAY_INTERFACE' => 'CGI/1.1'
    'SERVER_PROTOCOL' => 'HTTP/1.1'
    'REQUEST_METHOD' => 'POST'
    'QUERY_STRING' => 'plano_id=16'
    'REQUEST_URI' => '/tripplan-web/tripplan/frontend/web/fotos-memorias/create?plano_id=16'
    'SCRIPT_NAME' => '/tripplan-web/tripplan/frontend/web/index.php'
    'PHP_SELF' => '/tripplan-web/tripplan/frontend/web/index.php'
    'REQUEST_TIME_FLOAT' => 1767551211.5893
    'REQUEST_TIME' => 1767551211
]
2026-01-04 18:30:17 [::1][5][o5lbi15b66g6q8him0ejmjvb77][error][yii\base\UnknownPropertyException] yii\base\UnknownPropertyException: Setting unknown property: common\models\FotosMemorias::fotos in C:\wamp64\www\tripplan-web\tripplan\vendor\yiisoft\yii2\base\Component.php:221
Stack trace:
#0 C:\wamp64\www\tripplan-web\tripplan\vendor\yiisoft\yii2\db\BaseActiveRecord.php(322): yii\base\Component->__set('fotos', 'memoria_1767551...')
#1 C:\wamp64\www\tripplan-web\tripplan\frontend\controllers\FotosMemoriasController.php(91): yii\db\BaseActiveRecord->__set('fotos', 'memoria_1767551...')
#2 [internal function]: frontend\controllers\FotosMemoriasController->actionCreate('16')
#3 C:\wamp64\www\tripplan-web\tripplan\vendor\yiisoft\yii2\base\InlineAction.php(60): call_user_func_array(Array, Array)
#4 C:\wamp64\www\tripplan-web\tripplan\vendor\yiisoft\yii2\base\Controller.php(184): yii\base\InlineAction->runWithParams(Array)
#5 C:\wamp64\www\tripplan-web\tripplan\vendor\yiisoft\yii2\base\Module.php(555): yii\base\Controller->runAction('create', Array)
#6 C:\wamp64\www\tripplan-web\tripplan\vendor\yiisoft\yii2\web\Application.php(103): yii\base\Module->runAction('fotos-memorias/...', Array)
#7 C:\wamp64\www\tripplan-web\tripplan\vendor\yiisoft\yii2\base\Application.php(387): yii\web\Application->handleRequest(Object(yii\web\Request))
#8 C:\wamp64\www\tripplan-web\tripplan\frontend\web\index.php(18): yii\base\Application->run()
#9 {main}
2026-01-04 18:30:16 [::1][5][o5lbi15b66g6q8him0ejmjvb77][info][application] $_GET = [
    'plano_id' => '16'
]

$_POST = [
    '_csrf-frontend' => 'HgSsn44-BolkpQ958_f8ovJ6--b9lAThMGgKRrjFvFBENODFu1V_zAvibDfCz6_EsTK4tLHBSKlVAEsB6rLTFw=='
    'FotosMemorias' => [
        'foto' => ''
        'comentario' => 'gg'
        'plano_viagem_id' => '16'
    ]
]

$_FILES = [
    'FotosMemorias' => [
        'name' => [
            'foto' => 'programaçao.jpg'
        ]
        'full_path' => [
            'foto' => 'programaçao.jpg'
        ]
        'type' => [
            'foto' => 'image/jpeg'
        ]
        'tmp_name' => [
            'foto' => 'C:\\wamp64\\tmp\\phpB9FF.tmp'
        ]
        'error' => [
            'foto' => 0
        ]
        'size' => [
            'foto' => 270061
        ]
    ]
]

$_COOKIE = [
    'Phpstorm-103aa988' => 'bf38dfb5-04b5-4849-a933-fbc4e7b3e27f'
    '_identity-backend' => '0056de632f8441a62c024e0c9bb0151a886f02adf425d5dba02a7dc6230a64f2a:2:{i:0;s:17:\"_identity-backend\";i:1;s:46:\"[8,\"F8iSIrBPc2WeseOIPDgZsgsdkTU2Ufqt\",2592000]\";}'
    'sidebar-collapse' => 'false'
    '_identity-frontend' => '01aebbe17af5cf269d57ad8fa9d7b0a3e66d6e5403c26ad0936cf8e478f1a3dca:2:{i:0;s:18:\"_identity-frontend\";i:1;s:46:\"[5,\"XtQljr3I7zzomKmcSywhu1fSRKmNTnWE\",2592000]\";}'
    'advanced-frontend' => 'o5lbi15b66g6q8him0ejmjvb77'
    '_csrf-frontend' => '2baa5d6f1f5b5b7ed04f94dc3487fdfca6597a2edb41ad6d94fc2deac8eddf58a:2:{i:0;s:14:\"_csrf-frontend\";i:1;s:32:\"Z0LZ5kyEoGcN18SfCHCRLULHehAGRwoG\";}'
    'advanced-backend' => 'u7a3tt9psa76mcfpnoi7mm5von'
    '_csrf-backend' => '319b23a394cc7b30b6e103301d35670f7f5759f821af35b7846e96429d15d963a:2:{i:0;s:13:\"_csrf-backend\";i:1;s:32:\"A_wVpiWq6w5HO4U62J4kK4ZM-YpOk18q\";}'
]

$_SESSION = [
    '__flash' => [
        'success' => -1
    ]
    '__id' => 5
    '__authKey' => 'XtQljr3I7zzomKmcSywhu1fSRKmNTnWE'
    'success' => 'Adicionado aos Favoritos'
]

$_SERVER = [
    'REDIRECT_STATUS' => '200'
    'HTTP_HOST' => 'localhost'
    'HTTP_CONNECTION' => 'keep-alive'
    'CONTENT_LENGTH' => '270794'
    'HTTP_PRAGMA' => 'no-cache'
    'HTTP_CACHE_CONTROL' => 'no-cache'
    'HTTP_SEC_CH_UA' => '\"Google Chrome\";v=\"143\", \"Chromium\";v=\"143\", \"Not A(Brand\";v=\"24\"'
    'HTTP_SEC_CH_UA_MOBILE' => '?0'
    'HTTP_SEC_CH_UA_PLATFORM' => '\"Windows\"'
    'HTTP_UPGRADE_INSECURE_REQUESTS' => '1'
    'HTTP_USER_AGENT' => 'Mozilla/5.0 (Windows NT 10.0; Win64; x64) AppleWebKit/537.36 (KHTML, like Gecko) Chrome/143.0.0.0 Safari/537.36'
    'HTTP_ORIGIN' => 'http://localhost'
    'CONTENT_TYPE' => 'multipart/form-data; boundary=----WebKitFormBoundarybn7AnhGR64kRqRbd'
    'HTTP_ACCEPT' => 'text/html,application/xhtml+xml,application/xml;q=0.9,image/avif,image/webp,image/apng,*/*;q=0.8,application/signed-exchange;v=b3;q=0.7'
    'HTTP_SEC_FETCH_SITE' => 'same-origin'
    'HTTP_SEC_FETCH_MODE' => 'navigate'
    'HTTP_SEC_FETCH_USER' => '?1'
    'HTTP_SEC_FETCH_DEST' => 'document'
    'HTTP_REFERER' => 'http://localhost/tripplan-web/tripplan/frontend/web/fotos-memorias/create?plano_id=16'
    'HTTP_ACCEPT_ENCODING' => 'gzip, deflate, br, zstd'
    'HTTP_ACCEPT_LANGUAGE' => 'pt-PT,pt;q=0.9,en-US;q=0.8,en;q=0.7'
    'HTTP_COOKIE' => 'Phpstorm-103aa988=bf38dfb5-04b5-4849-a933-fbc4e7b3e27f; _identity-backend=0056de632f8441a62c024e0c9bb0151a886f02adf425d5dba02a7dc6230a64f2a%3A2%3A%7Bi%3A0%3Bs%3A17%3A%22_identity-backend%22%3Bi%3A1%3Bs%3A46%3A%22%5B8%2C%22F8iSIrBPc2WeseOIPDgZsgsdkTU2Ufqt%22%2C2592000%5D%22%3B%7D; sidebar-collapse=false; _identity-frontend=01aebbe17af5cf269d57ad8fa9d7b0a3e66d6e5403c26ad0936cf8e478f1a3dca%3A2%3A%7Bi%3A0%3Bs%3A18%3A%22_identity-frontend%22%3Bi%3A1%3Bs%3A46%3A%22%5B5%2C%22XtQljr3I7zzomKmcSywhu1fSRKmNTnWE%22%2C2592000%5D%22%3B%7D; advanced-frontend=o5lbi15b66g6q8him0ejmjvb77; _csrf-frontend=2baa5d6f1f5b5b7ed04f94dc3487fdfca6597a2edb41ad6d94fc2deac8eddf58a%3A2%3A%7Bi%3A0%3Bs%3A14%3A%22_csrf-frontend%22%3Bi%3A1%3Bs%3A32%3A%22Z0LZ5kyEoGcN18SfCHCRLULHehAGRwoG%22%3B%7D; advanced-backend=u7a3tt9psa76mcfpnoi7mm5von; _csrf-backend=319b23a394cc7b30b6e103301d35670f7f5759f821af35b7846e96429d15d963a%3A2%3A%7Bi%3A0%3Bs%3A13%3A%22_csrf-backend%22%3Bi%3A1%3Bs%3A32%3A%22A_wVpiWq6w5HO4U62J4kK4ZM-YpOk18q%22%3B%7D'
    'PATH' => 'C:\\Program Files\\Common Files\\Oracle\\Java\\javapath;C:\\Program Files (x86)\\NVIDIA Corporation\\PhysX\\Common;C:\\WINDOWS\\system32;C:\\WINDOWS;C:\\WINDOWS\\System32\\Wbem;C:\\WINDOWS\\System32\\WindowsPowerShell\\v1.0\\;C:\\WINDOWS\\System32\\OpenSSH\\;C:\\msys64\\ucrt64\\bin;C:\\Program Files\\Microsoft SQL Server\\150\\Tools\\Binn\\;C:\\Program Files\\dotnet\\;C:\\Program Files\\Microsoft SQL Server\\Client SDK\\ODBC\\170\\Tools\\Binn\\;C:\\wamp64\\bin\\php\\php8.1.31;C:\\ProgramData\\ComposerSetup\\bin;C:\\Program Files\\Git\\cmd;C:\\WINDOWS\\system32\\config\\systemprofile\\AppData\\Local\\Microsoft\\WindowsApps'
    'SystemRoot' => 'C:\\WINDOWS'
    'COMSPEC' => 'C:\\WINDOWS\\system32\\cmd.exe'
    'PATHEXT' => '.COM;.EXE;.BAT;.CMD;.VBS;.VBE;.JS;.JSE;.WSF;.WSH;.MSC'
    'WINDIR' => 'C:\\WINDOWS'
    'SERVER_SIGNATURE' => '<address>Apache/2.4.62 (Win64) PHP/8.1.31 mod_fcgid/2.3.10-dev Server at localhost Port 80</address>
'
    'SERVER_SOFTWARE' => 'Apache/2.4.62 (Win64) PHP/8.1.31 mod_fcgid/2.3.10-dev'
    'SERVER_NAME' => 'localhost'
    'SERVER_ADDR' => '::1'
    'SERVER_PORT' => '80'
    'REMOTE_ADDR' => '::1'
    'DOCUMENT_ROOT' => 'C:/wamp64/www'
    'REQUEST_SCHEME' => 'http'
    'CONTEXT_PREFIX' => ''
    'CONTEXT_DOCUMENT_ROOT' => 'C:/wamp64/www'
    'SERVER_ADMIN' => 'wampserver@wampserver.invalid'
    'SCRIPT_FILENAME' => 'C:/wamp64/www/tripplan-web/tripplan/frontend/web/index.php'
    'REMOTE_PORT' => '61665'
    'REDIRECT_URL' => '/tripplan-web/tripplan/frontend/web/fotos-memorias/create'
    'REDIRECT_QUERY_STRING' => 'plano_id=16'
    'GATEWAY_INTERFACE' => 'CGI/1.1'
    'SERVER_PROTOCOL' => 'HTTP/1.1'
    'REQUEST_METHOD' => 'POST'
    'QUERY_STRING' => 'plano_id=16'
    'REQUEST_URI' => '/tripplan-web/tripplan/frontend/web/fotos-memorias/create?plano_id=16'
    'SCRIPT_NAME' => '/tripplan-web/tripplan/frontend/web/index.php'
    'PHP_SELF' => '/tripplan-web/tripplan/frontend/web/index.php'
    'REQUEST_TIME_FLOAT' => 1767551416.7822
    'REQUEST_TIME' => 1767551416
]
2026-01-04 18:32:22 [::1][5][o5lbi15b66g6q8him0ejmjvb77][error][yii\web\HttpException:404] yii\base\InvalidRouteException: Unable to resolve the request "img/favicon.ico". in C:\wamp64\www\tripplan-web\tripplan\vendor\yiisoft\yii2\base\Module.php:564
Stack trace:
#0 C:\wamp64\www\tripplan-web\tripplan\vendor\yiisoft\yii2\web\Application.php(103): yii\base\Module->runAction('img/favicon.ico', Array)
#1 C:\wamp64\www\tripplan-web\tripplan\vendor\yiisoft\yii2\base\Application.php(387): yii\web\Application->handleRequest(Object(yii\web\Request))
#2 C:\wamp64\www\tripplan-web\tripplan\frontend\web\index.php(18): yii\base\Application->run()
#3 {main}

Next yii\web\NotFoundHttpException: Page not found. in C:\wamp64\www\tripplan-web\tripplan\vendor\yiisoft\yii2\web\Application.php:115
Stack trace:
#0 C:\wamp64\www\tripplan-web\tripplan\vendor\yiisoft\yii2\base\Application.php(387): yii\web\Application->handleRequest(Object(yii\web\Request))
#1 C:\wamp64\www\tripplan-web\tripplan\frontend\web\index.php(18): yii\base\Application->run()
#2 {main}
2026-01-04 18:32:22 [::1][5][o5lbi15b66g6q8him0ejmjvb77][info][application] $_GET = []

$_POST = []

$_FILES = []

$_COOKIE = [
    'Phpstorm-103aa988' => 'bf38dfb5-04b5-4849-a933-fbc4e7b3e27f'
    '_identity-backend' => '0056de632f8441a62c024e0c9bb0151a886f02adf425d5dba02a7dc6230a64f2a:2:{i:0;s:17:\"_identity-backend\";i:1;s:46:\"[8,\"F8iSIrBPc2WeseOIPDgZsgsdkTU2Ufqt\",2592000]\";}'
    'sidebar-collapse' => 'false'
    '_identity-frontend' => '01aebbe17af5cf269d57ad8fa9d7b0a3e66d6e5403c26ad0936cf8e478f1a3dca:2:{i:0;s:18:\"_identity-frontend\";i:1;s:46:\"[5,\"XtQljr3I7zzomKmcSywhu1fSRKmNTnWE\",2592000]\";}'
    'advanced-frontend' => 'o5lbi15b66g6q8him0ejmjvb77'
    '_csrf-frontend' => '2baa5d6f1f5b5b7ed04f94dc3487fdfca6597a2edb41ad6d94fc2deac8eddf58a:2:{i:0;s:14:\"_csrf-frontend\";i:1;s:32:\"Z0LZ5kyEoGcN18SfCHCRLULHehAGRwoG\";}'
    'advanced-backend' => 'u7a3tt9psa76mcfpnoi7mm5von'
    '_csrf-backend' => '319b23a394cc7b30b6e103301d35670f7f5759f821af35b7846e96429d15d963a:2:{i:0;s:13:\"_csrf-backend\";i:1;s:32:\"A_wVpiWq6w5HO4U62J4kK4ZM-YpOk18q\";}'
]

$_SESSION = [
    '__flash' => [
        'success' => -1
    ]
    '__id' => 5
    '__authKey' => 'XtQljr3I7zzomKmcSywhu1fSRKmNTnWE'
    'success' => 'Adicionado aos Favoritos'
]

$_SERVER = [
    'REDIRECT_STATUS' => '200'
    'HTTP_HOST' => 'localhost'
    'HTTP_CONNECTION' => 'keep-alive'
    'HTTP_SEC_CH_UA_PLATFORM' => '\"Windows\"'
    'HTTP_USER_AGENT' => 'Mozilla/5.0 (Windows NT 10.0; Win64; x64) AppleWebKit/537.36 (KHTML, like Gecko) Chrome/143.0.0.0 Safari/537.36'
    'HTTP_SEC_CH_UA' => '\"Google Chrome\";v=\"143\", \"Chromium\";v=\"143\", \"Not A(Brand\";v=\"24\"'
    'HTTP_SEC_CH_UA_MOBILE' => '?0'
    'HTTP_ACCEPT' => 'image/avif,image/webp,image/apng,image/svg+xml,image/*,*/*;q=0.8'
    'HTTP_SEC_FETCH_SITE' => 'same-origin'
    'HTTP_SEC_FETCH_MODE' => 'no-cors'
    'HTTP_SEC_FETCH_DEST' => 'image'
    'HTTP_REFERER' => 'http://localhost/tripplan-web/tripplan/frontend/web/plano-viagem/view?id=16'
    'HTTP_ACCEPT_ENCODING' => 'gzip, deflate, br, zstd'
    'HTTP_ACCEPT_LANGUAGE' => 'pt-PT,pt;q=0.9,en-US;q=0.8,en;q=0.7'
    'HTTP_COOKIE' => 'Phpstorm-103aa988=bf38dfb5-04b5-4849-a933-fbc4e7b3e27f; _identity-backend=0056de632f8441a62c024e0c9bb0151a886f02adf425d5dba02a7dc6230a64f2a%3A2%3A%7Bi%3A0%3Bs%3A17%3A%22_identity-backend%22%3Bi%3A1%3Bs%3A46%3A%22%5B8%2C%22F8iSIrBPc2WeseOIPDgZsgsdkTU2Ufqt%22%2C2592000%5D%22%3B%7D; sidebar-collapse=false; _identity-frontend=01aebbe17af5cf269d57ad8fa9d7b0a3e66d6e5403c26ad0936cf8e478f1a3dca%3A2%3A%7Bi%3A0%3Bs%3A18%3A%22_identity-frontend%22%3Bi%3A1%3Bs%3A46%3A%22%5B5%2C%22XtQljr3I7zzomKmcSywhu1fSRKmNTnWE%22%2C2592000%5D%22%3B%7D; advanced-frontend=o5lbi15b66g6q8him0ejmjvb77; _csrf-frontend=2baa5d6f1f5b5b7ed04f94dc3487fdfca6597a2edb41ad6d94fc2deac8eddf58a%3A2%3A%7Bi%3A0%3Bs%3A14%3A%22_csrf-frontend%22%3Bi%3A1%3Bs%3A32%3A%22Z0LZ5kyEoGcN18SfCHCRLULHehAGRwoG%22%3B%7D; advanced-backend=u7a3tt9psa76mcfpnoi7mm5von; _csrf-backend=319b23a394cc7b30b6e103301d35670f7f5759f821af35b7846e96429d15d963a%3A2%3A%7Bi%3A0%3Bs%3A13%3A%22_csrf-backend%22%3Bi%3A1%3Bs%3A32%3A%22A_wVpiWq6w5HO4U62J4kK4ZM-YpOk18q%22%3B%7D'
    'PATH' => 'C:\\Program Files\\Common Files\\Oracle\\Java\\javapath;C:\\Program Files (x86)\\NVIDIA Corporation\\PhysX\\Common;C:\\WINDOWS\\system32;C:\\WINDOWS;C:\\WINDOWS\\System32\\Wbem;C:\\WINDOWS\\System32\\WindowsPowerShell\\v1.0\\;C:\\WINDOWS\\System32\\OpenSSH\\;C:\\msys64\\ucrt64\\bin;C:\\Program Files\\Microsoft SQL Server\\150\\Tools\\Binn\\;C:\\Program Files\\dotnet\\;C:\\Program Files\\Microsoft SQL Server\\Client SDK\\ODBC\\170\\Tools\\Binn\\;C:\\wamp64\\bin\\php\\php8.1.31;C:\\ProgramData\\ComposerSetup\\bin;C:\\Program Files\\Git\\cmd;C:\\WINDOWS\\system32\\config\\systemprofile\\AppData\\Local\\Microsoft\\WindowsApps'
    'SystemRoot' => 'C:\\WINDOWS'
    'COMSPEC' => 'C:\\WINDOWS\\system32\\cmd.exe'
    'PATHEXT' => '.COM;.EXE;.BAT;.CMD;.VBS;.VBE;.JS;.JSE;.WSF;.WSH;.MSC'
    'WINDIR' => 'C:\\WINDOWS'
    'SERVER_SIGNATURE' => '<address>Apache/2.4.62 (Win64) PHP/8.1.31 mod_fcgid/2.3.10-dev Server at localhost Port 80</address>
'
    'SERVER_SOFTWARE' => 'Apache/2.4.62 (Win64) PHP/8.1.31 mod_fcgid/2.3.10-dev'
    'SERVER_NAME' => 'localhost'
    'SERVER_ADDR' => '::1'
    'SERVER_PORT' => '80'
    'REMOTE_ADDR' => '::1'
    'DOCUMENT_ROOT' => 'C:/wamp64/www'
    'REQUEST_SCHEME' => 'http'
    'CONTEXT_PREFIX' => ''
    'CONTEXT_DOCUMENT_ROOT' => 'C:/wamp64/www'
    'SERVER_ADMIN' => 'wampserver@wampserver.invalid'
    'SCRIPT_FILENAME' => 'C:/wamp64/www/tripplan-web/tripplan/frontend/web/index.php'
    'REMOTE_PORT' => '61760'
    'REDIRECT_URL' => '/tripplan-web/tripplan/frontend/web/img/favicon.ico'
    'GATEWAY_INTERFACE' => 'CGI/1.1'
    'SERVER_PROTOCOL' => 'HTTP/1.1'
    'REQUEST_METHOD' => 'GET'
    'QUERY_STRING' => ''
    'REQUEST_URI' => '/tripplan-web/tripplan/frontend/web/img/favicon.ico'
    'SCRIPT_NAME' => '/tripplan-web/tripplan/frontend/web/index.php'
    'PHP_SELF' => '/tripplan-web/tripplan/frontend/web/index.php'
    'REQUEST_TIME_FLOAT' => 1767551542.7393
    'REQUEST_TIME' => 1767551542
]
2026-01-04 19:12:31 [::1][5][o5lbi15b66g6q8him0ejmjvb77][error][yii\web\HttpException:400] yii\web\BadRequestHttpException: Missing required parameters: plano_viagem_id in C:\wamp64\www\tripplan-web\tripplan\vendor\yiisoft\yii2\web\Controller.php:173
Stack trace:
#0 C:\wamp64\www\tripplan-web\tripplan\vendor\yiisoft\yii2\base\InlineAction.php(54): yii\web\Controller->bindActionParams(Object(yii\base\InlineAction), Array)
#1 C:\wamp64\www\tripplan-web\tripplan\vendor\yiisoft\yii2\base\Controller.php(184): yii\base\InlineAction->runWithParams(Array)
#2 C:\wamp64\www\tripplan-web\tripplan\vendor\yiisoft\yii2\base\Module.php(555): yii\base\Controller->runAction('create', Array)
#3 C:\wamp64\www\tripplan-web\tripplan\vendor\yiisoft\yii2\web\Application.php(103): yii\base\Module->runAction('transporte/crea...', Array)
#4 C:\wamp64\www\tripplan-web\tripplan\vendor\yiisoft\yii2\base\Application.php(387): yii\web\Application->handleRequest(Object(yii\web\Request))
#5 C:\wamp64\www\tripplan-web\tripplan\frontend\web\index.php(18): yii\base\Application->run()
#6 {main}
2026-01-04 19:12:31 [::1][5][o5lbi15b66g6q8him0ejmjvb77][info][application] $_GET = []

$_POST = []

$_FILES = []

$_COOKIE = [
    'Phpstorm-103aa988' => 'bf38dfb5-04b5-4849-a933-fbc4e7b3e27f'
    '_identity-backend' => '0056de632f8441a62c024e0c9bb0151a886f02adf425d5dba02a7dc6230a64f2a:2:{i:0;s:17:\"_identity-backend\";i:1;s:46:\"[8,\"F8iSIrBPc2WeseOIPDgZsgsdkTU2Ufqt\",2592000]\";}'
    'sidebar-collapse' => 'false'
    '_identity-frontend' => '01aebbe17af5cf269d57ad8fa9d7b0a3e66d6e5403c26ad0936cf8e478f1a3dca:2:{i:0;s:18:\"_identity-frontend\";i:1;s:46:\"[5,\"XtQljr3I7zzomKmcSywhu1fSRKmNTnWE\",2592000]\";}'
    'advanced-frontend' => 'o5lbi15b66g6q8him0ejmjvb77'
    '_csrf-frontend' => '2baa5d6f1f5b5b7ed04f94dc3487fdfca6597a2edb41ad6d94fc2deac8eddf58a:2:{i:0;s:14:\"_csrf-frontend\";i:1;s:32:\"Z0LZ5kyEoGcN18SfCHCRLULHehAGRwoG\";}'
    '_csrf-backend' => '319b23a394cc7b30b6e103301d35670f7f5759f821af35b7846e96429d15d963a:2:{i:0;s:13:\"_csrf-backend\";i:1;s:32:\"A_wVpiWq6w5HO4U62J4kK4ZM-YpOk18q\";}'
    'advanced-backend' => 'ahrugmq51e4vtudc82gvib1lkn'
]

$_SESSION = [
    '__flash' => [
        'success' => -1
    ]
    '__id' => 5
    '__authKey' => 'XtQljr3I7zzomKmcSywhu1fSRKmNTnWE'
    'success' => 'Adicionado aos Favoritos'
]

$_SERVER = [
    'REDIRECT_STATUS' => '200'
    'HTTP_HOST' => 'localhost'
    'HTTP_CONNECTION' => 'keep-alive'
    'HTTP_SEC_CH_UA' => '\"Google Chrome\";v=\"143\", \"Chromium\";v=\"143\", \"Not A(Brand\";v=\"24\"'
    'HTTP_SEC_CH_UA_MOBILE' => '?0'
    'HTTP_SEC_CH_UA_PLATFORM' => '\"Windows\"'
    'HTTP_UPGRADE_INSECURE_REQUESTS' => '1'
    'HTTP_USER_AGENT' => 'Mozilla/5.0 (Windows NT 10.0; Win64; x64) AppleWebKit/537.36 (KHTML, like Gecko) Chrome/143.0.0.0 Safari/537.36'
    'HTTP_ACCEPT' => 'text/html,application/xhtml+xml,application/xml;q=0.9,image/avif,image/webp,image/apng,*/*;q=0.8,application/signed-exchange;v=b3;q=0.7'
    'HTTP_SEC_FETCH_SITE' => 'same-origin'
    'HTTP_SEC_FETCH_MODE' => 'navigate'
    'HTTP_SEC_FETCH_USER' => '?1'
    'HTTP_SEC_FETCH_DEST' => 'document'
    'HTTP_REFERER' => 'http://localhost/tripplan-web/tripplan/frontend/web/transporte/index'
    'HTTP_ACCEPT_ENCODING' => 'gzip, deflate, br, zstd'
    'HTTP_ACCEPT_LANGUAGE' => 'pt-PT,pt;q=0.9,en-US;q=0.8,en;q=0.7'
    'HTTP_COOKIE' => 'Phpstorm-103aa988=bf38dfb5-04b5-4849-a933-fbc4e7b3e27f; _identity-backend=0056de632f8441a62c024e0c9bb0151a886f02adf425d5dba02a7dc6230a64f2a%3A2%3A%7Bi%3A0%3Bs%3A17%3A%22_identity-backend%22%3Bi%3A1%3Bs%3A46%3A%22%5B8%2C%22F8iSIrBPc2WeseOIPDgZsgsdkTU2Ufqt%22%2C2592000%5D%22%3B%7D; sidebar-collapse=false; _identity-frontend=01aebbe17af5cf269d57ad8fa9d7b0a3e66d6e5403c26ad0936cf8e478f1a3dca%3A2%3A%7Bi%3A0%3Bs%3A18%3A%22_identity-frontend%22%3Bi%3A1%3Bs%3A46%3A%22%5B5%2C%22XtQljr3I7zzomKmcSywhu1fSRKmNTnWE%22%2C2592000%5D%22%3B%7D; advanced-frontend=o5lbi15b66g6q8him0ejmjvb77; _csrf-frontend=2baa5d6f1f5b5b7ed04f94dc3487fdfca6597a2edb41ad6d94fc2deac8eddf58a%3A2%3A%7Bi%3A0%3Bs%3A14%3A%22_csrf-frontend%22%3Bi%3A1%3Bs%3A32%3A%22Z0LZ5kyEoGcN18SfCHCRLULHehAGRwoG%22%3B%7D; _csrf-backend=319b23a394cc7b30b6e103301d35670f7f5759f821af35b7846e96429d15d963a%3A2%3A%7Bi%3A0%3Bs%3A13%3A%22_csrf-backend%22%3Bi%3A1%3Bs%3A32%3A%22A_wVpiWq6w5HO4U62J4kK4ZM-YpOk18q%22%3B%7D; advanced-backend=ahrugmq51e4vtudc82gvib1lkn'
    'PATH' => 'C:\\Program Files\\Common Files\\Oracle\\Java\\javapath;C:\\Program Files (x86)\\NVIDIA Corporation\\PhysX\\Common;C:\\WINDOWS\\system32;C:\\WINDOWS;C:\\WINDOWS\\System32\\Wbem;C:\\WINDOWS\\System32\\WindowsPowerShell\\v1.0\\;C:\\WINDOWS\\System32\\OpenSSH\\;C:\\msys64\\ucrt64\\bin;C:\\Program Files\\Microsoft SQL Server\\150\\Tools\\Binn\\;C:\\Program Files\\dotnet\\;C:\\Program Files\\Microsoft SQL Server\\Client SDK\\ODBC\\170\\Tools\\Binn\\;C:\\wamp64\\bin\\php\\php8.1.31;C:\\ProgramData\\ComposerSetup\\bin;C:\\Program Files\\Git\\cmd;C:\\WINDOWS\\system32\\config\\systemprofile\\AppData\\Local\\Microsoft\\WindowsApps'
    'SystemRoot' => 'C:\\WINDOWS'
    'COMSPEC' => 'C:\\WINDOWS\\system32\\cmd.exe'
    'PATHEXT' => '.COM;.EXE;.BAT;.CMD;.VBS;.VBE;.JS;.JSE;.WSF;.WSH;.MSC'
    'WINDIR' => 'C:\\WINDOWS'
    'SERVER_SIGNATURE' => '<address>Apache/2.4.62 (Win64) PHP/8.1.31 mod_fcgid/2.3.10-dev Server at localhost Port 80</address>
'
    'SERVER_SOFTWARE' => 'Apache/2.4.62 (Win64) PHP/8.1.31 mod_fcgid/2.3.10-dev'
    'SERVER_NAME' => 'localhost'
    'SERVER_ADDR' => '::1'
    'SERVER_PORT' => '80'
    'REMOTE_ADDR' => '::1'
    'DOCUMENT_ROOT' => 'C:/wamp64/www'
    'REQUEST_SCHEME' => 'http'
    'CONTEXT_PREFIX' => ''
    'CONTEXT_DOCUMENT_ROOT' => 'C:/wamp64/www'
    'SERVER_ADMIN' => 'wampserver@wampserver.invalid'
    'SCRIPT_FILENAME' => 'C:/wamp64/www/tripplan-web/tripplan/frontend/web/index.php'
    'REMOTE_PORT' => '62891'
    'REDIRECT_URL' => '/tripplan-web/tripplan/frontend/web/transporte/create'
    'GATEWAY_INTERFACE' => 'CGI/1.1'
    'SERVER_PROTOCOL' => 'HTTP/1.1'
    'REQUEST_METHOD' => 'GET'
    'QUERY_STRING' => ''
    'REQUEST_URI' => '/tripplan-web/tripplan/frontend/web/transporte/create'
    'SCRIPT_NAME' => '/tripplan-web/tripplan/frontend/web/index.php'
    'PHP_SELF' => '/tripplan-web/tripplan/frontend/web/index.php'
    'REQUEST_TIME_FLOAT' => 1767553951.8623
    'REQUEST_TIME' => 1767553951
]
2026-01-04 19:13:01 [::1][5][o5lbi15b66g6q8him0ejmjvb77][error][yii\web\HttpException:400] yii\web\BadRequestHttpException: Missing required parameters: plano_id in C:\wamp64\www\tripplan-web\tripplan\vendor\yiisoft\yii2\web\Controller.php:173
Stack trace:
#0 C:\wamp64\www\tripplan-web\tripplan\vendor\yiisoft\yii2\base\InlineAction.php(54): yii\web\Controller->bindActionParams(Object(yii\base\InlineAction), Array)
#1 C:\wamp64\www\tripplan-web\tripplan\vendor\yiisoft\yii2\base\Controller.php(184): yii\base\InlineAction->runWithParams(Array)
#2 C:\wamp64\www\tripplan-web\tripplan\vendor\yiisoft\yii2\base\Module.php(555): yii\base\Controller->runAction('create', Array)
#3 C:\wamp64\www\tripplan-web\tripplan\vendor\yiisoft\yii2\web\Application.php(103): yii\base\Module->runAction('estadia/create', Array)
#4 C:\wamp64\www\tripplan-web\tripplan\vendor\yiisoft\yii2\base\Application.php(387): yii\web\Application->handleRequest(Object(yii\web\Request))
#5 C:\wamp64\www\tripplan-web\tripplan\frontend\web\index.php(18): yii\base\Application->run()
#6 {main}
2026-01-04 19:13:01 [::1][5][o5lbi15b66g6q8him0ejmjvb77][info][application] $_GET = []

$_POST = []

$_FILES = []

$_COOKIE = [
    'Phpstorm-103aa988' => 'bf38dfb5-04b5-4849-a933-fbc4e7b3e27f'
    '_identity-backend' => '0056de632f8441a62c024e0c9bb0151a886f02adf425d5dba02a7dc6230a64f2a:2:{i:0;s:17:\"_identity-backend\";i:1;s:46:\"[8,\"F8iSIrBPc2WeseOIPDgZsgsdkTU2Ufqt\",2592000]\";}'
    'sidebar-collapse' => 'false'
    '_identity-frontend' => '01aebbe17af5cf269d57ad8fa9d7b0a3e66d6e5403c26ad0936cf8e478f1a3dca:2:{i:0;s:18:\"_identity-frontend\";i:1;s:46:\"[5,\"XtQljr3I7zzomKmcSywhu1fSRKmNTnWE\",2592000]\";}'
    'advanced-frontend' => 'o5lbi15b66g6q8him0ejmjvb77'
    '_csrf-frontend' => '2baa5d6f1f5b5b7ed04f94dc3487fdfca6597a2edb41ad6d94fc2deac8eddf58a:2:{i:0;s:14:\"_csrf-frontend\";i:1;s:32:\"Z0LZ5kyEoGcN18SfCHCRLULHehAGRwoG\";}'
    '_csrf-backend' => '319b23a394cc7b30b6e103301d35670f7f5759f821af35b7846e96429d15d963a:2:{i:0;s:13:\"_csrf-backend\";i:1;s:32:\"A_wVpiWq6w5HO4U62J4kK4ZM-YpOk18q\";}'
    'advanced-backend' => 'ahrugmq51e4vtudc82gvib1lkn'
]

$_SESSION = [
    '__flash' => [
        'success' => -1
    ]
    '__id' => 5
    '__authKey' => 'XtQljr3I7zzomKmcSywhu1fSRKmNTnWE'
    'success' => 'Adicionado aos Favoritos'
]

$_SERVER = [
    'REDIRECT_STATUS' => '200'
    'HTTP_HOST' => 'localhost'
    'HTTP_CONNECTION' => 'keep-alive'
    'HTTP_SEC_CH_UA' => '\"Google Chrome\";v=\"143\", \"Chromium\";v=\"143\", \"Not A(Brand\";v=\"24\"'
    'HTTP_SEC_CH_UA_MOBILE' => '?0'
    'HTTP_SEC_CH_UA_PLATFORM' => '\"Windows\"'
    'HTTP_UPGRADE_INSECURE_REQUESTS' => '1'
    'HTTP_USER_AGENT' => 'Mozilla/5.0 (Windows NT 10.0; Win64; x64) AppleWebKit/537.36 (KHTML, like Gecko) Chrome/143.0.0.0 Safari/537.36'
    'HTTP_ACCEPT' => 'text/html,application/xhtml+xml,application/xml;q=0.9,image/avif,image/webp,image/apng,*/*;q=0.8,application/signed-exchange;v=b3;q=0.7'
    'HTTP_SEC_FETCH_SITE' => 'same-origin'
    'HTTP_SEC_FETCH_MODE' => 'navigate'
    'HTTP_SEC_FETCH_USER' => '?1'
    'HTTP_SEC_FETCH_DEST' => 'document'
    'HTTP_REFERER' => 'http://localhost/tripplan-web/tripplan/frontend/web/estadia/index'
    'HTTP_ACCEPT_ENCODING' => 'gzip, deflate, br, zstd'
    'HTTP_ACCEPT_LANGUAGE' => 'pt-PT,pt;q=0.9,en-US;q=0.8,en;q=0.7'
    'HTTP_COOKIE' => 'Phpstorm-103aa988=bf38dfb5-04b5-4849-a933-fbc4e7b3e27f; _identity-backend=0056de632f8441a62c024e0c9bb0151a886f02adf425d5dba02a7dc6230a64f2a%3A2%3A%7Bi%3A0%3Bs%3A17%3A%22_identity-backend%22%3Bi%3A1%3Bs%3A46%3A%22%5B8%2C%22F8iSIrBPc2WeseOIPDgZsgsdkTU2Ufqt%22%2C2592000%5D%22%3B%7D; sidebar-collapse=false; _identity-frontend=01aebbe17af5cf269d57ad8fa9d7b0a3e66d6e5403c26ad0936cf8e478f1a3dca%3A2%3A%7Bi%3A0%3Bs%3A18%3A%22_identity-frontend%22%3Bi%3A1%3Bs%3A46%3A%22%5B5%2C%22XtQljr3I7zzomKmcSywhu1fSRKmNTnWE%22%2C2592000%5D%22%3B%7D; advanced-frontend=o5lbi15b66g6q8him0ejmjvb77; _csrf-frontend=2baa5d6f1f5b5b7ed04f94dc3487fdfca6597a2edb41ad6d94fc2deac8eddf58a%3A2%3A%7Bi%3A0%3Bs%3A14%3A%22_csrf-frontend%22%3Bi%3A1%3Bs%3A32%3A%22Z0LZ5kyEoGcN18SfCHCRLULHehAGRwoG%22%3B%7D; _csrf-backend=319b23a394cc7b30b6e103301d35670f7f5759f821af35b7846e96429d15d963a%3A2%3A%7Bi%3A0%3Bs%3A13%3A%22_csrf-backend%22%3Bi%3A1%3Bs%3A32%3A%22A_wVpiWq6w5HO4U62J4kK4ZM-YpOk18q%22%3B%7D; advanced-backend=ahrugmq51e4vtudc82gvib1lkn'
    'PATH' => 'C:\\Program Files\\Common Files\\Oracle\\Java\\javapath;C:\\Program Files (x86)\\NVIDIA Corporation\\PhysX\\Common;C:\\WINDOWS\\system32;C:\\WINDOWS;C:\\WINDOWS\\System32\\Wbem;C:\\WINDOWS\\System32\\WindowsPowerShell\\v1.0\\;C:\\WINDOWS\\System32\\OpenSSH\\;C:\\msys64\\ucrt64\\bin;C:\\Program Files\\Microsoft SQL Server\\150\\Tools\\Binn\\;C:\\Program Files\\dotnet\\;C:\\Program Files\\Microsoft SQL Server\\Client SDK\\ODBC\\170\\Tools\\Binn\\;C:\\wamp64\\bin\\php\\php8.1.31;C:\\ProgramData\\ComposerSetup\\bin;C:\\Program Files\\Git\\cmd;C:\\WINDOWS\\system32\\config\\systemprofile\\AppData\\Local\\Microsoft\\WindowsApps'
    'SystemRoot' => 'C:\\WINDOWS'
    'COMSPEC' => 'C:\\WINDOWS\\system32\\cmd.exe'
    'PATHEXT' => '.COM;.EXE;.BAT;.CMD;.VBS;.VBE;.JS;.JSE;.WSF;.WSH;.MSC'
    'WINDIR' => 'C:\\WINDOWS'
    'SERVER_SIGNATURE' => '<address>Apache/2.4.62 (Win64) PHP/8.1.31 mod_fcgid/2.3.10-dev Server at localhost Port 80</address>
'
    'SERVER_SOFTWARE' => 'Apache/2.4.62 (Win64) PHP/8.1.31 mod_fcgid/2.3.10-dev'
    'SERVER_NAME' => 'localhost'
    'SERVER_ADDR' => '::1'
    'SERVER_PORT' => '80'
    'REMOTE_ADDR' => '::1'
    'DOCUMENT_ROOT' => 'C:/wamp64/www'
    'REQUEST_SCHEME' => 'http'
    'CONTEXT_PREFIX' => ''
    'CONTEXT_DOCUMENT_ROOT' => 'C:/wamp64/www'
    'SERVER_ADMIN' => 'wampserver@wampserver.invalid'
    'SCRIPT_FILENAME' => 'C:/wamp64/www/tripplan-web/tripplan/frontend/web/index.php'
    'REMOTE_PORT' => '62946'
    'REDIRECT_URL' => '/tripplan-web/tripplan/frontend/web/estadia/create'
    'GATEWAY_INTERFACE' => 'CGI/1.1'
    'SERVER_PROTOCOL' => 'HTTP/1.1'
    'REQUEST_METHOD' => 'GET'
    'QUERY_STRING' => ''
    'REQUEST_URI' => '/tripplan-web/tripplan/frontend/web/estadia/create'
    'SCRIPT_NAME' => '/tripplan-web/tripplan/frontend/web/index.php'
    'PHP_SELF' => '/tripplan-web/tripplan/frontend/web/index.php'
    'REQUEST_TIME_FLOAT' => 1767553981.5573
    'REQUEST_TIME' => 1767553981
]
2026-01-04 19:13:10 [::1][5][o5lbi15b66g6q8him0ejmjvb77][error][yii\web\HttpException:400] yii\web\BadRequestHttpException: Missing required parameters: plano_id in C:\wamp64\www\tripplan-web\tripplan\vendor\yiisoft\yii2\web\Controller.php:173
Stack trace:
#0 C:\wamp64\www\tripplan-web\tripplan\vendor\yiisoft\yii2\base\InlineAction.php(54): yii\web\Controller->bindActionParams(Object(yii\base\InlineAction), Array)
#1 C:\wamp64\www\tripplan-web\tripplan\vendor\yiisoft\yii2\base\Controller.php(184): yii\base\InlineAction->runWithParams(Array)
#2 C:\wamp64\www\tripplan-web\tripplan\vendor\yiisoft\yii2\base\Module.php(555): yii\base\Controller->runAction('create', Array)
#3 C:\wamp64\www\tripplan-web\tripplan\vendor\yiisoft\yii2\web\Application.php(103): yii\base\Module->runAction('estadia/create', Array)
#4 C:\wamp64\www\tripplan-web\tripplan\vendor\yiisoft\yii2\base\Application.php(387): yii\web\Application->handleRequest(Object(yii\web\Request))
#5 C:\wamp64\www\tripplan-web\tripplan\frontend\web\index.php(18): yii\base\Application->run()
#6 {main}
2026-01-04 19:13:10 [::1][5][o5lbi15b66g6q8him0ejmjvb77][info][application] $_GET = []

$_POST = []

$_FILES = []

$_COOKIE = [
    'Phpstorm-103aa988' => 'bf38dfb5-04b5-4849-a933-fbc4e7b3e27f'
    '_identity-backend' => '0056de632f8441a62c024e0c9bb0151a886f02adf425d5dba02a7dc6230a64f2a:2:{i:0;s:17:\"_identity-backend\";i:1;s:46:\"[8,\"F8iSIrBPc2WeseOIPDgZsgsdkTU2Ufqt\",2592000]\";}'
    'sidebar-collapse' => 'false'
    '_identity-frontend' => '01aebbe17af5cf269d57ad8fa9d7b0a3e66d6e5403c26ad0936cf8e478f1a3dca:2:{i:0;s:18:\"_identity-frontend\";i:1;s:46:\"[5,\"XtQljr3I7zzomKmcSywhu1fSRKmNTnWE\",2592000]\";}'
    'advanced-frontend' => 'o5lbi15b66g6q8him0ejmjvb77'
    '_csrf-frontend' => '2baa5d6f1f5b5b7ed04f94dc3487fdfca6597a2edb41ad6d94fc2deac8eddf58a:2:{i:0;s:14:\"_csrf-frontend\";i:1;s:32:\"Z0LZ5kyEoGcN18SfCHCRLULHehAGRwoG\";}'
    '_csrf-backend' => '319b23a394cc7b30b6e103301d35670f7f5759f821af35b7846e96429d15d963a:2:{i:0;s:13:\"_csrf-backend\";i:1;s:32:\"A_wVpiWq6w5HO4U62J4kK4ZM-YpOk18q\";}'
    'advanced-backend' => 'ahrugmq51e4vtudc82gvib1lkn'
]

$_SESSION = [
    '__flash' => [
        'success' => -1
    ]
    '__id' => 5
    '__authKey' => 'XtQljr3I7zzomKmcSywhu1fSRKmNTnWE'
    'success' => 'Adicionado aos Favoritos'
]

$_SERVER = [
    'REDIRECT_STATUS' => '200'
    'HTTP_HOST' => 'localhost'
    'HTTP_CONNECTION' => 'keep-alive'
    'HTTP_SEC_CH_UA' => '\"Google Chrome\";v=\"143\", \"Chromium\";v=\"143\", \"Not A(Brand\";v=\"24\"'
    'HTTP_SEC_CH_UA_MOBILE' => '?0'
    'HTTP_SEC_CH_UA_PLATFORM' => '\"Windows\"'
    'HTTP_UPGRADE_INSECURE_REQUESTS' => '1'
    'HTTP_USER_AGENT' => 'Mozilla/5.0 (Windows NT 10.0; Win64; x64) AppleWebKit/537.36 (KHTML, like Gecko) Chrome/143.0.0.0 Safari/537.36'
    'HTTP_ACCEPT' => 'text/html,application/xhtml+xml,application/xml;q=0.9,image/avif,image/webp,image/apng,*/*;q=0.8,application/signed-exchange;v=b3;q=0.7'
    'HTTP_SEC_FETCH_SITE' => 'same-origin'
    'HTTP_SEC_FETCH_MODE' => 'navigate'
    'HTTP_SEC_FETCH_USER' => '?1'
    'HTTP_SEC_FETCH_DEST' => 'document'
    'HTTP_REFERER' => 'http://localhost/tripplan-web/tripplan/frontend/web/estadia/index'
    'HTTP_ACCEPT_ENCODING' => 'gzip, deflate, br, zstd'
    'HTTP_ACCEPT_LANGUAGE' => 'pt-PT,pt;q=0.9,en-US;q=0.8,en;q=0.7'
    'HTTP_COOKIE' => 'Phpstorm-103aa988=bf38dfb5-04b5-4849-a933-fbc4e7b3e27f; _identity-backend=0056de632f8441a62c024e0c9bb0151a886f02adf425d5dba02a7dc6230a64f2a%3A2%3A%7Bi%3A0%3Bs%3A17%3A%22_identity-backend%22%3Bi%3A1%3Bs%3A46%3A%22%5B8%2C%22F8iSIrBPc2WeseOIPDgZsgsdkTU2Ufqt%22%2C2592000%5D%22%3B%7D; sidebar-collapse=false; _identity-frontend=01aebbe17af5cf269d57ad8fa9d7b0a3e66d6e5403c26ad0936cf8e478f1a3dca%3A2%3A%7Bi%3A0%3Bs%3A18%3A%22_identity-frontend%22%3Bi%3A1%3Bs%3A46%3A%22%5B5%2C%22XtQljr3I7zzomKmcSywhu1fSRKmNTnWE%22%2C2592000%5D%22%3B%7D; advanced-frontend=o5lbi15b66g6q8him0ejmjvb77; _csrf-frontend=2baa5d6f1f5b5b7ed04f94dc3487fdfca6597a2edb41ad6d94fc2deac8eddf58a%3A2%3A%7Bi%3A0%3Bs%3A14%3A%22_csrf-frontend%22%3Bi%3A1%3Bs%3A32%3A%22Z0LZ5kyEoGcN18SfCHCRLULHehAGRwoG%22%3B%7D; _csrf-backend=319b23a394cc7b30b6e103301d35670f7f5759f821af35b7846e96429d15d963a%3A2%3A%7Bi%3A0%3Bs%3A13%3A%22_csrf-backend%22%3Bi%3A1%3Bs%3A32%3A%22A_wVpiWq6w5HO4U62J4kK4ZM-YpOk18q%22%3B%7D; advanced-backend=ahrugmq51e4vtudc82gvib1lkn'
    'PATH' => 'C:\\Program Files\\Common Files\\Oracle\\Java\\javapath;C:\\Program Files (x86)\\NVIDIA Corporation\\PhysX\\Common;C:\\WINDOWS\\system32;C:\\WINDOWS;C:\\WINDOWS\\System32\\Wbem;C:\\WINDOWS\\System32\\WindowsPowerShell\\v1.0\\;C:\\WINDOWS\\System32\\OpenSSH\\;C:\\msys64\\ucrt64\\bin;C:\\Program Files\\Microsoft SQL Server\\150\\Tools\\Binn\\;C:\\Program Files\\dotnet\\;C:\\Program Files\\Microsoft SQL Server\\Client SDK\\ODBC\\170\\Tools\\Binn\\;C:\\wamp64\\bin\\php\\php8.1.31;C:\\ProgramData\\ComposerSetup\\bin;C:\\Program Files\\Git\\cmd;C:\\WINDOWS\\system32\\config\\systemprofile\\AppData\\Local\\Microsoft\\WindowsApps'
    'SystemRoot' => 'C:\\WINDOWS'
    'COMSPEC' => 'C:\\WINDOWS\\system32\\cmd.exe'
    'PATHEXT' => '.COM;.EXE;.BAT;.CMD;.VBS;.VBE;.JS;.JSE;.WSF;.WSH;.MSC'
    'WINDIR' => 'C:\\WINDOWS'
    'SERVER_SIGNATURE' => '<address>Apache/2.4.62 (Win64) PHP/8.1.31 mod_fcgid/2.3.10-dev Server at localhost Port 80</address>
'
    'SERVER_SOFTWARE' => 'Apache/2.4.62 (Win64) PHP/8.1.31 mod_fcgid/2.3.10-dev'
    'SERVER_NAME' => 'localhost'
    'SERVER_ADDR' => '::1'
    'SERVER_PORT' => '80'
    'REMOTE_ADDR' => '::1'
    'DOCUMENT_ROOT' => 'C:/wamp64/www'
    'REQUEST_SCHEME' => 'http'
    'CONTEXT_PREFIX' => ''
    'CONTEXT_DOCUMENT_ROOT' => 'C:/wamp64/www'
    'SERVER_ADMIN' => 'wampserver@wampserver.invalid'
    'SCRIPT_FILENAME' => 'C:/wamp64/www/tripplan-web/tripplan/frontend/web/index.php'
    'REMOTE_PORT' => '62957'
    'REDIRECT_URL' => '/tripplan-web/tripplan/frontend/web/estadia/create'
    'GATEWAY_INTERFACE' => 'CGI/1.1'
    'SERVER_PROTOCOL' => 'HTTP/1.1'
    'REQUEST_METHOD' => 'GET'
    'QUERY_STRING' => ''
    'REQUEST_URI' => '/tripplan-web/tripplan/frontend/web/estadia/create'
    'SCRIPT_NAME' => '/tripplan-web/tripplan/frontend/web/index.php'
    'PHP_SELF' => '/tripplan-web/tripplan/frontend/web/index.php'
    'REQUEST_TIME_FLOAT' => 1767553990.8204
    'REQUEST_TIME' => 1767553990
]
2026-01-04 19:13:16 [::1][5][o5lbi15b66g6q8him0ejmjvb77][error][yii\web\HttpException:400] yii\web\BadRequestHttpException: Missing required parameters: plano_viagem_id in C:\wamp64\www\tripplan-web\tripplan\vendor\yiisoft\yii2\web\Controller.php:173
Stack trace:
#0 C:\wamp64\www\tripplan-web\tripplan\vendor\yiisoft\yii2\base\InlineAction.php(54): yii\web\Controller->bindActionParams(Object(yii\base\InlineAction), Array)
#1 C:\wamp64\www\tripplan-web\tripplan\vendor\yiisoft\yii2\base\Controller.php(184): yii\base\InlineAction->runWithParams(Array)
#2 C:\wamp64\www\tripplan-web\tripplan\vendor\yiisoft\yii2\base\Module.php(555): yii\base\Controller->runAction('create', Array)
#3 C:\wamp64\www\tripplan-web\tripplan\vendor\yiisoft\yii2\web\Application.php(103): yii\base\Module->runAction('transporte/crea...', Array)
#4 C:\wamp64\www\tripplan-web\tripplan\vendor\yiisoft\yii2\base\Application.php(387): yii\web\Application->handleRequest(Object(yii\web\Request))
#5 C:\wamp64\www\tripplan-web\tripplan\frontend\web\index.php(18): yii\base\Application->run()
#6 {main}
2026-01-04 19:13:15 [::1][5][o5lbi15b66g6q8him0ejmjvb77][info][application] $_GET = []

$_POST = []

$_FILES = []

$_COOKIE = [
    'Phpstorm-103aa988' => 'bf38dfb5-04b5-4849-a933-fbc4e7b3e27f'
    '_identity-backend' => '0056de632f8441a62c024e0c9bb0151a886f02adf425d5dba02a7dc6230a64f2a:2:{i:0;s:17:\"_identity-backend\";i:1;s:46:\"[8,\"F8iSIrBPc2WeseOIPDgZsgsdkTU2Ufqt\",2592000]\";}'
    'sidebar-collapse' => 'false'
    '_identity-frontend' => '01aebbe17af5cf269d57ad8fa9d7b0a3e66d6e5403c26ad0936cf8e478f1a3dca:2:{i:0;s:18:\"_identity-frontend\";i:1;s:46:\"[5,\"XtQljr3I7zzomKmcSywhu1fSRKmNTnWE\",2592000]\";}'
    'advanced-frontend' => 'o5lbi15b66g6q8him0ejmjvb77'
    '_csrf-frontend' => '2baa5d6f1f5b5b7ed04f94dc3487fdfca6597a2edb41ad6d94fc2deac8eddf58a:2:{i:0;s:14:\"_csrf-frontend\";i:1;s:32:\"Z0LZ5kyEoGcN18SfCHCRLULHehAGRwoG\";}'
    '_csrf-backend' => '319b23a394cc7b30b6e103301d35670f7f5759f821af35b7846e96429d15d963a:2:{i:0;s:13:\"_csrf-backend\";i:1;s:32:\"A_wVpiWq6w5HO4U62J4kK4ZM-YpOk18q\";}'
    'advanced-backend' => 'ahrugmq51e4vtudc82gvib1lkn'
]

$_SESSION = [
    '__flash' => [
        'success' => -1
    ]
    '__id' => 5
    '__authKey' => 'XtQljr3I7zzomKmcSywhu1fSRKmNTnWE'
    'success' => 'Adicionado aos Favoritos'
]

$_SERVER = [
    'REDIRECT_STATUS' => '200'
    'HTTP_HOST' => 'localhost'
    'HTTP_CONNECTION' => 'keep-alive'
    'HTTP_SEC_CH_UA' => '\"Google Chrome\";v=\"143\", \"Chromium\";v=\"143\", \"Not A(Brand\";v=\"24\"'
    'HTTP_SEC_CH_UA_MOBILE' => '?0'
    'HTTP_SEC_CH_UA_PLATFORM' => '\"Windows\"'
    'HTTP_UPGRADE_INSECURE_REQUESTS' => '1'
    'HTTP_USER_AGENT' => 'Mozilla/5.0 (Windows NT 10.0; Win64; x64) AppleWebKit/537.36 (KHTML, like Gecko) Chrome/143.0.0.0 Safari/537.36'
    'HTTP_ACCEPT' => 'text/html,application/xhtml+xml,application/xml;q=0.9,image/avif,image/webp,image/apng,*/*;q=0.8,application/signed-exchange;v=b3;q=0.7'
    'HTTP_SEC_FETCH_SITE' => 'same-origin'
    'HTTP_SEC_FETCH_MODE' => 'navigate'
    'HTTP_SEC_FETCH_USER' => '?1'
    'HTTP_SEC_FETCH_DEST' => 'document'
    'HTTP_REFERER' => 'http://localhost/tripplan-web/tripplan/frontend/web/transporte/index'
    'HTTP_ACCEPT_ENCODING' => 'gzip, deflate, br, zstd'
    'HTTP_ACCEPT_LANGUAGE' => 'pt-PT,pt;q=0.9,en-US;q=0.8,en;q=0.7'
    'HTTP_COOKIE' => 'Phpstorm-103aa988=bf38dfb5-04b5-4849-a933-fbc4e7b3e27f; _identity-backend=0056de632f8441a62c024e0c9bb0151a886f02adf425d5dba02a7dc6230a64f2a%3A2%3A%7Bi%3A0%3Bs%3A17%3A%22_identity-backend%22%3Bi%3A1%3Bs%3A46%3A%22%5B8%2C%22F8iSIrBPc2WeseOIPDgZsgsdkTU2Ufqt%22%2C2592000%5D%22%3B%7D; sidebar-collapse=false; _identity-frontend=01aebbe17af5cf269d57ad8fa9d7b0a3e66d6e5403c26ad0936cf8e478f1a3dca%3A2%3A%7Bi%3A0%3Bs%3A18%3A%22_identity-frontend%22%3Bi%3A1%3Bs%3A46%3A%22%5B5%2C%22XtQljr3I7zzomKmcSywhu1fSRKmNTnWE%22%2C2592000%5D%22%3B%7D; advanced-frontend=o5lbi15b66g6q8him0ejmjvb77; _csrf-frontend=2baa5d6f1f5b5b7ed04f94dc3487fdfca6597a2edb41ad6d94fc2deac8eddf58a%3A2%3A%7Bi%3A0%3Bs%3A14%3A%22_csrf-frontend%22%3Bi%3A1%3Bs%3A32%3A%22Z0LZ5kyEoGcN18SfCHCRLULHehAGRwoG%22%3B%7D; _csrf-backend=319b23a394cc7b30b6e103301d35670f7f5759f821af35b7846e96429d15d963a%3A2%3A%7Bi%3A0%3Bs%3A13%3A%22_csrf-backend%22%3Bi%3A1%3Bs%3A32%3A%22A_wVpiWq6w5HO4U62J4kK4ZM-YpOk18q%22%3B%7D; advanced-backend=ahrugmq51e4vtudc82gvib1lkn'
    'PATH' => 'C:\\Program Files\\Common Files\\Oracle\\Java\\javapath;C:\\Program Files (x86)\\NVIDIA Corporation\\PhysX\\Common;C:\\WINDOWS\\system32;C:\\WINDOWS;C:\\WINDOWS\\System32\\Wbem;C:\\WINDOWS\\System32\\WindowsPowerShell\\v1.0\\;C:\\WINDOWS\\System32\\OpenSSH\\;C:\\msys64\\ucrt64\\bin;C:\\Program Files\\Microsoft SQL Server\\150\\Tools\\Binn\\;C:\\Program Files\\dotnet\\;C:\\Program Files\\Microsoft SQL Server\\Client SDK\\ODBC\\170\\Tools\\Binn\\;C:\\wamp64\\bin\\php\\php8.1.31;C:\\ProgramData\\ComposerSetup\\bin;C:\\Program Files\\Git\\cmd;C:\\WINDOWS\\system32\\config\\systemprofile\\AppData\\Local\\Microsoft\\WindowsApps'
    'SystemRoot' => 'C:\\WINDOWS'
    'COMSPEC' => 'C:\\WINDOWS\\system32\\cmd.exe'
    'PATHEXT' => '.COM;.EXE;.BAT;.CMD;.VBS;.VBE;.JS;.JSE;.WSF;.WSH;.MSC'
    'WINDIR' => 'C:\\WINDOWS'
    'SERVER_SIGNATURE' => '<address>Apache/2.4.62 (Win64) PHP/8.1.31 mod_fcgid/2.3.10-dev Server at localhost Port 80</address>
'
    'SERVER_SOFTWARE' => 'Apache/2.4.62 (Win64) PHP/8.1.31 mod_fcgid/2.3.10-dev'
    'SERVER_NAME' => 'localhost'
    'SERVER_ADDR' => '::1'
    'SERVER_PORT' => '80'
    'REMOTE_ADDR' => '::1'
    'DOCUMENT_ROOT' => 'C:/wamp64/www'
    'REQUEST_SCHEME' => 'http'
    'CONTEXT_PREFIX' => ''
    'CONTEXT_DOCUMENT_ROOT' => 'C:/wamp64/www'
    'SERVER_ADMIN' => 'wampserver@wampserver.invalid'
    'SCRIPT_FILENAME' => 'C:/wamp64/www/tripplan-web/tripplan/frontend/web/index.php'
    'REMOTE_PORT' => '62967'
    'REDIRECT_URL' => '/tripplan-web/tripplan/frontend/web/transporte/create'
    'GATEWAY_INTERFACE' => 'CGI/1.1'
    'SERVER_PROTOCOL' => 'HTTP/1.1'
    'REQUEST_METHOD' => 'GET'
    'QUERY_STRING' => ''
    'REQUEST_URI' => '/tripplan-web/tripplan/frontend/web/transporte/create'
    'SCRIPT_NAME' => '/tripplan-web/tripplan/frontend/web/index.php'
    'PHP_SELF' => '/tripplan-web/tripplan/frontend/web/index.php'
    'REQUEST_TIME_FLOAT' => 1767553995.9651
    'REQUEST_TIME' => 1767553995
]
2026-01-04 19:17:40 [::1][5][o5lbi15b66g6q8him0ejmjvb77][error][yii\base\UnknownPropertyException] yii\base\UnknownPropertyException: Getting unknown property: common\models\Atividade::nome in C:\wamp64\www\tripplan-web\tripplan\vendor\yiisoft\yii2\base\Component.php:154
Stack trace:
#0 C:\wamp64\www\tripplan-web\tripplan\vendor\yiisoft\yii2\db\BaseActiveRecord.php(296): yii\base\Component->__get('nome')
#1 C:\wamp64\www\tripplan-web\tripplan\vendor\yiisoft\yii2\helpers\BaseHtml.php(2296): yii\db\BaseActiveRecord->__get('nome')
#2 C:\wamp64\www\tripplan-web\tripplan\vendor\yiisoft\yii2\helpers\BaseHtml.php(1388): yii\helpers\BaseHtml::getAttributeValue(Object(common\models\Atividade), 'nome')
#3 C:\wamp64\www\tripplan-web\tripplan\vendor\yiisoft\yii2\helpers\BaseHtml.php(1444): yii\helpers\BaseHtml::activeInput('text', Object(common\models\Atividade), 'nome', Array)
#4 C:\wamp64\www\tripplan-web\tripplan\vendor\yiisoft\yii2\widgets\ActiveField.php(409): yii\helpers\BaseHtml::activeTextInput(Object(common\models\Atividade), 'nome', Array)
#5 C:\wamp64\www\tripplan-web\tripplan\frontend\views\atividade\_form.php(59): yii\widgets\ActiveField->textInput(Array)
#6 C:\wamp64\www\tripplan-web\tripplan\vendor\yiisoft\yii2\base\View.php(348): require('C:\\wamp64\\www\\t...')
#7 C:\wamp64\www\tripplan-web\tripplan\vendor\yiisoft\yii2\base\View.php(258): yii\base\View->renderPhpFile('C:\\wamp64\\www\\t...', Array)
#8 C:\wamp64\www\tripplan-web\tripplan\vendor\yiisoft\yii2\base\View.php(157): yii\base\View->renderFile('C:\\wamp64\\www\\t...', Array, NULL)
#9 C:\wamp64\www\tripplan-web\tripplan\frontend\views\atividade\create.php(17): yii\base\View->render('_form', Array)
#10 C:\wamp64\www\tripplan-web\tripplan\vendor\yiisoft\yii2\base\View.php(348): require('C:\\wamp64\\www\\t...')
#11 C:\wamp64\www\tripplan-web\tripplan\vendor\yiisoft\yii2\base\View.php(258): yii\base\View->renderPhpFile('C:\\wamp64\\www\\t...', Array)
#12 C:\wamp64\www\tripplan-web\tripplan\vendor\yiisoft\yii2\base\View.php(157): yii\base\View->renderFile('C:\\wamp64\\www\\t...', Array, Object(frontend\controllers\AtividadeController))
#13 C:\wamp64\www\tripplan-web\tripplan\vendor\yiisoft\yii2\base\Controller.php(413): yii\base\View->render('create', Array, Object(frontend\controllers\AtividadeController))
#14 C:\wamp64\www\tripplan-web\tripplan\frontend\controllers\AtividadeController.php(81): yii\base\Controller->render('create', Array)
#15 [internal function]: frontend\controllers\AtividadeController->actionCreate()
#16 C:\wamp64\www\tripplan-web\tripplan\vendor\yiisoft\yii2\base\InlineAction.php(60): call_user_func_array(Array, Array)
#17 C:\wamp64\www\tripplan-web\tripplan\vendor\yiisoft\yii2\base\Controller.php(184): yii\base\InlineAction->runWithParams(Array)
#18 C:\wamp64\www\tripplan-web\tripplan\vendor\yiisoft\yii2\base\Module.php(555): yii\base\Controller->runAction('create', Array)
#19 C:\wamp64\www\tripplan-web\tripplan\vendor\yiisoft\yii2\web\Application.php(103): yii\base\Module->runAction('atividade/creat...', Array)
#20 C:\wamp64\www\tripplan-web\tripplan\vendor\yiisoft\yii2\base\Application.php(387): yii\web\Application->handleRequest(Object(yii\web\Request))
#21 C:\wamp64\www\tripplan-web\tripplan\frontend\web\index.php(18): yii\base\Application->run()
#22 {main}
2026-01-04 19:17:40 [::1][5][o5lbi15b66g6q8him0ejmjvb77][info][application] $_GET = []

$_POST = []

$_FILES = []

$_COOKIE = [
    'Phpstorm-103aa988' => 'bf38dfb5-04b5-4849-a933-fbc4e7b3e27f'
    '_identity-backend' => '0056de632f8441a62c024e0c9bb0151a886f02adf425d5dba02a7dc6230a64f2a:2:{i:0;s:17:\"_identity-backend\";i:1;s:46:\"[8,\"F8iSIrBPc2WeseOIPDgZsgsdkTU2Ufqt\",2592000]\";}'
    'sidebar-collapse' => 'false'
    '_identity-frontend' => '01aebbe17af5cf269d57ad8fa9d7b0a3e66d6e5403c26ad0936cf8e478f1a3dca:2:{i:0;s:18:\"_identity-frontend\";i:1;s:46:\"[5,\"XtQljr3I7zzomKmcSywhu1fSRKmNTnWE\",2592000]\";}'
    'advanced-frontend' => 'o5lbi15b66g6q8him0ejmjvb77'
    '_csrf-frontend' => '2baa5d6f1f5b5b7ed04f94dc3487fdfca6597a2edb41ad6d94fc2deac8eddf58a:2:{i:0;s:14:\"_csrf-frontend\";i:1;s:32:\"Z0LZ5kyEoGcN18SfCHCRLULHehAGRwoG\";}'
    '_csrf-backend' => '319b23a394cc7b30b6e103301d35670f7f5759f821af35b7846e96429d15d963a:2:{i:0;s:13:\"_csrf-backend\";i:1;s:32:\"A_wVpiWq6w5HO4U62J4kK4ZM-YpOk18q\";}'
    'advanced-backend' => 'ahrugmq51e4vtudc82gvib1lkn'
]

$_SESSION = [
    '__flash' => [
        'success' => -1
    ]
    '__id' => 5
    '__authKey' => 'XtQljr3I7zzomKmcSywhu1fSRKmNTnWE'
    'success' => 'Adicionado aos Favoritos'
]

$_SERVER = [
    'REDIRECT_STATUS' => '200'
    'HTTP_HOST' => 'localhost'
    'HTTP_CONNECTION' => 'keep-alive'
    'HTTP_CACHE_CONTROL' => 'max-age=0'
    'HTTP_SEC_CH_UA' => '\"Google Chrome\";v=\"143\", \"Chromium\";v=\"143\", \"Not A(Brand\";v=\"24\"'
    'HTTP_SEC_CH_UA_MOBILE' => '?0'
    'HTTP_SEC_CH_UA_PLATFORM' => '\"Windows\"'
    'HTTP_UPGRADE_INSECURE_REQUESTS' => '1'
    'HTTP_USER_AGENT' => 'Mozilla/5.0 (Windows NT 10.0; Win64; x64) AppleWebKit/537.36 (KHTML, like Gecko) Chrome/143.0.0.0 Safari/537.36'
    'HTTP_ACCEPT' => 'text/html,application/xhtml+xml,application/xml;q=0.9,image/avif,image/webp,image/apng,*/*;q=0.8,application/signed-exchange;v=b3;q=0.7'
    'HTTP_SEC_FETCH_SITE' => 'same-origin'
    'HTTP_SEC_FETCH_MODE' => 'navigate'
    'HTTP_SEC_FETCH_USER' => '?1'
    'HTTP_SEC_FETCH_DEST' => 'document'
    'HTTP_REFERER' => 'http://localhost/tripplan-web/tripplan/frontend/web/atividade/index'
    'HTTP_ACCEPT_ENCODING' => 'gzip, deflate, br, zstd'
    'HTTP_ACCEPT_LANGUAGE' => 'pt-PT,pt;q=0.9,en-US;q=0.8,en;q=0.7'
    'HTTP_COOKIE' => 'Phpstorm-103aa988=bf38dfb5-04b5-4849-a933-fbc4e7b3e27f; _identity-backend=0056de632f8441a62c024e0c9bb0151a886f02adf425d5dba02a7dc6230a64f2a%3A2%3A%7Bi%3A0%3Bs%3A17%3A%22_identity-backend%22%3Bi%3A1%3Bs%3A46%3A%22%5B8%2C%22F8iSIrBPc2WeseOIPDgZsgsdkTU2Ufqt%22%2C2592000%5D%22%3B%7D; sidebar-collapse=false; _identity-frontend=01aebbe17af5cf269d57ad8fa9d7b0a3e66d6e5403c26ad0936cf8e478f1a3dca%3A2%3A%7Bi%3A0%3Bs%3A18%3A%22_identity-frontend%22%3Bi%3A1%3Bs%3A46%3A%22%5B5%2C%22XtQljr3I7zzomKmcSywhu1fSRKmNTnWE%22%2C2592000%5D%22%3B%7D; advanced-frontend=o5lbi15b66g6q8him0ejmjvb77; _csrf-frontend=2baa5d6f1f5b5b7ed04f94dc3487fdfca6597a2edb41ad6d94fc2deac8eddf58a%3A2%3A%7Bi%3A0%3Bs%3A14%3A%22_csrf-frontend%22%3Bi%3A1%3Bs%3A32%3A%22Z0LZ5kyEoGcN18SfCHCRLULHehAGRwoG%22%3B%7D; _csrf-backend=319b23a394cc7b30b6e103301d35670f7f5759f821af35b7846e96429d15d963a%3A2%3A%7Bi%3A0%3Bs%3A13%3A%22_csrf-backend%22%3Bi%3A1%3Bs%3A32%3A%22A_wVpiWq6w5HO4U62J4kK4ZM-YpOk18q%22%3B%7D; advanced-backend=ahrugmq51e4vtudc82gvib1lkn'
    'PATH' => 'C:\\Program Files\\Common Files\\Oracle\\Java\\javapath;C:\\Program Files (x86)\\NVIDIA Corporation\\PhysX\\Common;C:\\WINDOWS\\system32;C:\\WINDOWS;C:\\WINDOWS\\System32\\Wbem;C:\\WINDOWS\\System32\\WindowsPowerShell\\v1.0\\;C:\\WINDOWS\\System32\\OpenSSH\\;C:\\msys64\\ucrt64\\bin;C:\\Program Files\\Microsoft SQL Server\\150\\Tools\\Binn\\;C:\\Program Files\\dotnet\\;C:\\Program Files\\Microsoft SQL Server\\Client SDK\\ODBC\\170\\Tools\\Binn\\;C:\\wamp64\\bin\\php\\php8.1.31;C:\\ProgramData\\ComposerSetup\\bin;C:\\Program Files\\Git\\cmd;C:\\WINDOWS\\system32\\config\\systemprofile\\AppData\\Local\\Microsoft\\WindowsApps'
    'SystemRoot' => 'C:\\WINDOWS'
    'COMSPEC' => 'C:\\WINDOWS\\system32\\cmd.exe'
    'PATHEXT' => '.COM;.EXE;.BAT;.CMD;.VBS;.VBE;.JS;.JSE;.WSF;.WSH;.MSC'
    'WINDIR' => 'C:\\WINDOWS'
    'SERVER_SIGNATURE' => '<address>Apache/2.4.62 (Win64) PHP/8.1.31 mod_fcgid/2.3.10-dev Server at localhost Port 80</address>
'
    'SERVER_SOFTWARE' => 'Apache/2.4.62 (Win64) PHP/8.1.31 mod_fcgid/2.3.10-dev'
    'SERVER_NAME' => 'localhost'
    'SERVER_ADDR' => '::1'
    'SERVER_PORT' => '80'
    'REMOTE_ADDR' => '::1'
    'DOCUMENT_ROOT' => 'C:/wamp64/www'
    'REQUEST_SCHEME' => 'http'
    'CONTEXT_PREFIX' => ''
    'CONTEXT_DOCUMENT_ROOT' => 'C:/wamp64/www'
    'SERVER_ADMIN' => 'wampserver@wampserver.invalid'
    'SCRIPT_FILENAME' => 'C:/wamp64/www/tripplan-web/tripplan/frontend/web/index.php'
    'REMOTE_PORT' => '63085'
    'REDIRECT_URL' => '/tripplan-web/tripplan/frontend/web/atividade/create'
    'GATEWAY_INTERFACE' => 'CGI/1.1'
    'SERVER_PROTOCOL' => 'HTTP/1.1'
    'REQUEST_METHOD' => 'GET'
    'QUERY_STRING' => ''
    'REQUEST_URI' => '/tripplan-web/tripplan/frontend/web/atividade/create'
    'SCRIPT_NAME' => '/tripplan-web/tripplan/frontend/web/index.php'
    'PHP_SELF' => '/tripplan-web/tripplan/frontend/web/index.php'
    'REQUEST_TIME_FLOAT' => 1767554260.1091
    'REQUEST_TIME' => 1767554260
]
2026-01-04 19:50:12 [::1][5][o5lbi15b66g6q8him0ejmjvb77][error][yii\web\HttpException:404] yii\base\InvalidRouteException: Unable to resolve the request "img/favicon.ico". in C:\wamp64\www\tripplan-web\tripplan\vendor\yiisoft\yii2\base\Module.php:564
Stack trace:
#0 C:\wamp64\www\tripplan-web\tripplan\vendor\yiisoft\yii2\web\Application.php(103): yii\base\Module->runAction('img/favicon.ico', Array)
#1 C:\wamp64\www\tripplan-web\tripplan\vendor\yiisoft\yii2\base\Application.php(387): yii\web\Application->handleRequest(Object(yii\web\Request))
#2 C:\wamp64\www\tripplan-web\tripplan\frontend\web\index.php(18): yii\base\Application->run()
#3 {main}

Next yii\web\NotFoundHttpException: Page not found. in C:\wamp64\www\tripplan-web\tripplan\vendor\yiisoft\yii2\web\Application.php:115
Stack trace:
#0 C:\wamp64\www\tripplan-web\tripplan\vendor\yiisoft\yii2\base\Application.php(387): yii\web\Application->handleRequest(Object(yii\web\Request))
#1 C:\wamp64\www\tripplan-web\tripplan\frontend\web\index.php(18): yii\base\Application->run()
#2 {main}
2026-01-04 19:50:12 [::1][5][o5lbi15b66g6q8him0ejmjvb77][info][application] $_GET = []

$_POST = []

$_FILES = []

$_COOKIE = [
    'Phpstorm-103aa988' => 'bf38dfb5-04b5-4849-a933-fbc4e7b3e27f'
    '_identity-backend' => '0056de632f8441a62c024e0c9bb0151a886f02adf425d5dba02a7dc6230a64f2a:2:{i:0;s:17:\"_identity-backend\";i:1;s:46:\"[8,\"F8iSIrBPc2WeseOIPDgZsgsdkTU2Ufqt\",2592000]\";}'
    'sidebar-collapse' => 'false'
    '_identity-frontend' => '01aebbe17af5cf269d57ad8fa9d7b0a3e66d6e5403c26ad0936cf8e478f1a3dca:2:{i:0;s:18:\"_identity-frontend\";i:1;s:46:\"[5,\"XtQljr3I7zzomKmcSywhu1fSRKmNTnWE\",2592000]\";}'
    'advanced-frontend' => 'o5lbi15b66g6q8him0ejmjvb77'
    '_csrf-frontend' => '2baa5d6f1f5b5b7ed04f94dc3487fdfca6597a2edb41ad6d94fc2deac8eddf58a:2:{i:0;s:14:\"_csrf-frontend\";i:1;s:32:\"Z0LZ5kyEoGcN18SfCHCRLULHehAGRwoG\";}'
    '_csrf-backend' => '319b23a394cc7b30b6e103301d35670f7f5759f821af35b7846e96429d15d963a:2:{i:0;s:13:\"_csrf-backend\";i:1;s:32:\"A_wVpiWq6w5HO4U62J4kK4ZM-YpOk18q\";}'
    'advanced-backend' => 'ahrugmq51e4vtudc82gvib1lkn'
]

$_SESSION = [
    '__flash' => [
        'success' => -1
    ]
    '__id' => 5
    '__authKey' => 'XtQljr3I7zzomKmcSywhu1fSRKmNTnWE'
    'success' => 'Adicionado aos Favoritos'
]

$_SERVER = [
    'REDIRECT_STATUS' => '200'
    'HTTP_HOST' => 'localhost'
    'HTTP_CONNECTION' => 'keep-alive'
    'HTTP_PRAGMA' => 'no-cache'
    'HTTP_CACHE_CONTROL' => 'no-cache'
    'HTTP_SEC_CH_UA_PLATFORM' => '\"Windows\"'
    'HTTP_USER_AGENT' => 'Mozilla/5.0 (Windows NT 10.0; Win64; x64) AppleWebKit/537.36 (KHTML, like Gecko) Chrome/143.0.0.0 Safari/537.36'
    'HTTP_SEC_CH_UA' => '\"Google Chrome\";v=\"143\", \"Chromium\";v=\"143\", \"Not A(Brand\";v=\"24\"'
    'HTTP_SEC_CH_UA_MOBILE' => '?0'
    'HTTP_ACCEPT' => 'image/avif,image/webp,image/apng,image/svg+xml,image/*,*/*;q=0.8'
    'HTTP_SEC_FETCH_SITE' => 'same-origin'
    'HTTP_SEC_FETCH_MODE' => 'no-cors'
    'HTTP_SEC_FETCH_DEST' => 'image'
    'HTTP_REFERER' => 'http://localhost/tripplan-web/tripplan/frontend/web/atividade/index'
    'HTTP_ACCEPT_ENCODING' => 'gzip, deflate, br, zstd'
    'HTTP_ACCEPT_LANGUAGE' => 'pt-PT,pt;q=0.9,en-US;q=0.8,en;q=0.7'
    'HTTP_COOKIE' => 'Phpstorm-103aa988=bf38dfb5-04b5-4849-a933-fbc4e7b3e27f; _identity-backend=0056de632f8441a62c024e0c9bb0151a886f02adf425d5dba02a7dc6230a64f2a%3A2%3A%7Bi%3A0%3Bs%3A17%3A%22_identity-backend%22%3Bi%3A1%3Bs%3A46%3A%22%5B8%2C%22F8iSIrBPc2WeseOIPDgZsgsdkTU2Ufqt%22%2C2592000%5D%22%3B%7D; sidebar-collapse=false; _identity-frontend=01aebbe17af5cf269d57ad8fa9d7b0a3e66d6e5403c26ad0936cf8e478f1a3dca%3A2%3A%7Bi%3A0%3Bs%3A18%3A%22_identity-frontend%22%3Bi%3A1%3Bs%3A46%3A%22%5B5%2C%22XtQljr3I7zzomKmcSywhu1fSRKmNTnWE%22%2C2592000%5D%22%3B%7D; advanced-frontend=o5lbi15b66g6q8him0ejmjvb77; _csrf-frontend=2baa5d6f1f5b5b7ed04f94dc3487fdfca6597a2edb41ad6d94fc2deac8eddf58a%3A2%3A%7Bi%3A0%3Bs%3A14%3A%22_csrf-frontend%22%3Bi%3A1%3Bs%3A32%3A%22Z0LZ5kyEoGcN18SfCHCRLULHehAGRwoG%22%3B%7D; _csrf-backend=319b23a394cc7b30b6e103301d35670f7f5759f821af35b7846e96429d15d963a%3A2%3A%7Bi%3A0%3Bs%3A13%3A%22_csrf-backend%22%3Bi%3A1%3Bs%3A32%3A%22A_wVpiWq6w5HO4U62J4kK4ZM-YpOk18q%22%3B%7D; advanced-backend=ahrugmq51e4vtudc82gvib1lkn'
    'PATH' => 'C:\\Program Files\\Common Files\\Oracle\\Java\\javapath;C:\\Program Files (x86)\\NVIDIA Corporation\\PhysX\\Common;C:\\WINDOWS\\system32;C:\\WINDOWS;C:\\WINDOWS\\System32\\Wbem;C:\\WINDOWS\\System32\\WindowsPowerShell\\v1.0\\;C:\\WINDOWS\\System32\\OpenSSH\\;C:\\msys64\\ucrt64\\bin;C:\\Program Files\\Microsoft SQL Server\\150\\Tools\\Binn\\;C:\\Program Files\\dotnet\\;C:\\Program Files\\Microsoft SQL Server\\Client SDK\\ODBC\\170\\Tools\\Binn\\;C:\\wamp64\\bin\\php\\php8.1.31;C:\\ProgramData\\ComposerSetup\\bin;C:\\Program Files\\Git\\cmd;C:\\WINDOWS\\system32\\config\\systemprofile\\AppData\\Local\\Microsoft\\WindowsApps'
    'SystemRoot' => 'C:\\WINDOWS'
    'COMSPEC' => 'C:\\WINDOWS\\system32\\cmd.exe'
    'PATHEXT' => '.COM;.EXE;.BAT;.CMD;.VBS;.VBE;.JS;.JSE;.WSF;.WSH;.MSC'
    'WINDIR' => 'C:\\WINDOWS'
    'SERVER_SIGNATURE' => '<address>Apache/2.4.62 (Win64) PHP/8.1.31 mod_fcgid/2.3.10-dev Server at localhost Port 80</address>
'
    'SERVER_SOFTWARE' => 'Apache/2.4.62 (Win64) PHP/8.1.31 mod_fcgid/2.3.10-dev'
    'SERVER_NAME' => 'localhost'
    'SERVER_ADDR' => '::1'
    'SERVER_PORT' => '80'
    'REMOTE_ADDR' => '::1'
    'DOCUMENT_ROOT' => 'C:/wamp64/www'
    'REQUEST_SCHEME' => 'http'
    'CONTEXT_PREFIX' => ''
    'CONTEXT_DOCUMENT_ROOT' => 'C:/wamp64/www'
    'SERVER_ADMIN' => 'wampserver@wampserver.invalid'
    'SCRIPT_FILENAME' => 'C:/wamp64/www/tripplan-web/tripplan/frontend/web/index.php'
    'REMOTE_PORT' => '63698'
    'REDIRECT_URL' => '/tripplan-web/tripplan/frontend/web/img/favicon.ico'
    'GATEWAY_INTERFACE' => 'CGI/1.1'
    'SERVER_PROTOCOL' => 'HTTP/1.1'
    'REQUEST_METHOD' => 'GET'
    'QUERY_STRING' => ''
    'REQUEST_URI' => '/tripplan-web/tripplan/frontend/web/img/favicon.ico'
    'SCRIPT_NAME' => '/tripplan-web/tripplan/frontend/web/index.php'
    'PHP_SELF' => '/tripplan-web/tripplan/frontend/web/index.php'
    'REQUEST_TIME_FLOAT' => 1767556212.7205
    'REQUEST_TIME' => 1767556212
]
2026-01-04 20:10:36 [::1][5][o5lbi15b66g6q8him0ejmjvb77][error][yii\web\HttpException:404] yii\base\InvalidRouteException: Unable to resolve the request "img/favicon.ico". in C:\wamp64\www\tripplan-web\tripplan\vendor\yiisoft\yii2\base\Module.php:564
Stack trace:
#0 C:\wamp64\www\tripplan-web\tripplan\vendor\yiisoft\yii2\web\Application.php(103): yii\base\Module->runAction('img/favicon.ico', Array)
#1 C:\wamp64\www\tripplan-web\tripplan\vendor\yiisoft\yii2\base\Application.php(387): yii\web\Application->handleRequest(Object(yii\web\Request))
#2 C:\wamp64\www\tripplan-web\tripplan\frontend\web\index.php(18): yii\base\Application->run()
#3 {main}

Next yii\web\NotFoundHttpException: Page not found. in C:\wamp64\www\tripplan-web\tripplan\vendor\yiisoft\yii2\web\Application.php:115
Stack trace:
#0 C:\wamp64\www\tripplan-web\tripplan\vendor\yiisoft\yii2\base\Application.php(387): yii\web\Application->handleRequest(Object(yii\web\Request))
#1 C:\wamp64\www\tripplan-web\tripplan\frontend\web\index.php(18): yii\base\Application->run()
#2 {main}
2026-01-04 20:10:36 [::1][5][o5lbi15b66g6q8him0ejmjvb77][info][application] $_GET = []

$_POST = []

$_FILES = []

$_COOKIE = [
    'Phpstorm-103aa988' => 'bf38dfb5-04b5-4849-a933-fbc4e7b3e27f'
    '_identity-backend' => '0056de632f8441a62c024e0c9bb0151a886f02adf425d5dba02a7dc6230a64f2a:2:{i:0;s:17:\"_identity-backend\";i:1;s:46:\"[8,\"F8iSIrBPc2WeseOIPDgZsgsdkTU2Ufqt\",2592000]\";}'
    'sidebar-collapse' => 'false'
    '_identity-frontend' => '01aebbe17af5cf269d57ad8fa9d7b0a3e66d6e5403c26ad0936cf8e478f1a3dca:2:{i:0;s:18:\"_identity-frontend\";i:1;s:46:\"[5,\"XtQljr3I7zzomKmcSywhu1fSRKmNTnWE\",2592000]\";}'
    'advanced-frontend' => 'o5lbi15b66g6q8him0ejmjvb77'
    '_csrf-frontend' => '2baa5d6f1f5b5b7ed04f94dc3487fdfca6597a2edb41ad6d94fc2deac8eddf58a:2:{i:0;s:14:\"_csrf-frontend\";i:1;s:32:\"Z0LZ5kyEoGcN18SfCHCRLULHehAGRwoG\";}'
    '_csrf-backend' => '319b23a394cc7b30b6e103301d35670f7f5759f821af35b7846e96429d15d963a:2:{i:0;s:13:\"_csrf-backend\";i:1;s:32:\"A_wVpiWq6w5HO4U62J4kK4ZM-YpOk18q\";}'
    'advanced-backend' => 'ahrugmq51e4vtudc82gvib1lkn'
]

$_SESSION = [
    '__flash' => [
        'success' => -1
    ]
    '__id' => 5
    '__authKey' => 'XtQljr3I7zzomKmcSywhu1fSRKmNTnWE'
    'success' => 'Adicionado aos Favoritos'
]

$_SERVER = [
    'REDIRECT_STATUS' => '200'
    'HTTP_HOST' => 'localhost'
    'HTTP_CONNECTION' => 'keep-alive'
    'HTTP_PRAGMA' => 'no-cache'
    'HTTP_CACHE_CONTROL' => 'no-cache'
    'HTTP_SEC_CH_UA_PLATFORM' => '\"Windows\"'
    'HTTP_USER_AGENT' => 'Mozilla/5.0 (Windows NT 10.0; Win64; x64) AppleWebKit/537.36 (KHTML, like Gecko) Chrome/143.0.0.0 Safari/537.36'
    'HTTP_SEC_CH_UA' => '\"Google Chrome\";v=\"143\", \"Chromium\";v=\"143\", \"Not A(Brand\";v=\"24\"'
    'HTTP_SEC_CH_UA_MOBILE' => '?0'
    'HTTP_ACCEPT' => 'image/avif,image/webp,image/apng,image/svg+xml,image/*,*/*;q=0.8'
    'HTTP_SEC_FETCH_SITE' => 'same-origin'
    'HTTP_SEC_FETCH_MODE' => 'no-cors'
    'HTTP_SEC_FETCH_DEST' => 'image'
    'HTTP_REFERER' => 'http://localhost/tripplan-web/tripplan/frontend/web/atividade/create'
    'HTTP_ACCEPT_ENCODING' => 'gzip, deflate, br, zstd'
    'HTTP_ACCEPT_LANGUAGE' => 'pt-PT,pt;q=0.9,en-US;q=0.8,en;q=0.7'
    'HTTP_COOKIE' => 'Phpstorm-103aa988=bf38dfb5-04b5-4849-a933-fbc4e7b3e27f; _identity-backend=0056de632f8441a62c024e0c9bb0151a886f02adf425d5dba02a7dc6230a64f2a%3A2%3A%7Bi%3A0%3Bs%3A17%3A%22_identity-backend%22%3Bi%3A1%3Bs%3A46%3A%22%5B8%2C%22F8iSIrBPc2WeseOIPDgZsgsdkTU2Ufqt%22%2C2592000%5D%22%3B%7D; sidebar-collapse=false; _identity-frontend=01aebbe17af5cf269d57ad8fa9d7b0a3e66d6e5403c26ad0936cf8e478f1a3dca%3A2%3A%7Bi%3A0%3Bs%3A18%3A%22_identity-frontend%22%3Bi%3A1%3Bs%3A46%3A%22%5B5%2C%22XtQljr3I7zzomKmcSywhu1fSRKmNTnWE%22%2C2592000%5D%22%3B%7D; advanced-frontend=o5lbi15b66g6q8him0ejmjvb77; _csrf-frontend=2baa5d6f1f5b5b7ed04f94dc3487fdfca6597a2edb41ad6d94fc2deac8eddf58a%3A2%3A%7Bi%3A0%3Bs%3A14%3A%22_csrf-frontend%22%3Bi%3A1%3Bs%3A32%3A%22Z0LZ5kyEoGcN18SfCHCRLULHehAGRwoG%22%3B%7D; _csrf-backend=319b23a394cc7b30b6e103301d35670f7f5759f821af35b7846e96429d15d963a%3A2%3A%7Bi%3A0%3Bs%3A13%3A%22_csrf-backend%22%3Bi%3A1%3Bs%3A32%3A%22A_wVpiWq6w5HO4U62J4kK4ZM-YpOk18q%22%3B%7D; advanced-backend=ahrugmq51e4vtudc82gvib1lkn'
    'PATH' => 'C:\\Program Files\\Common Files\\Oracle\\Java\\javapath;C:\\Program Files (x86)\\NVIDIA Corporation\\PhysX\\Common;C:\\WINDOWS\\system32;C:\\WINDOWS;C:\\WINDOWS\\System32\\Wbem;C:\\WINDOWS\\System32\\WindowsPowerShell\\v1.0\\;C:\\WINDOWS\\System32\\OpenSSH\\;C:\\msys64\\ucrt64\\bin;C:\\Program Files\\Microsoft SQL Server\\150\\Tools\\Binn\\;C:\\Program Files\\dotnet\\;C:\\Program Files\\Microsoft SQL Server\\Client SDK\\ODBC\\170\\Tools\\Binn\\;C:\\wamp64\\bin\\php\\php8.1.31;C:\\ProgramData\\ComposerSetup\\bin;C:\\Program Files\\Git\\cmd;C:\\WINDOWS\\system32\\config\\systemprofile\\AppData\\Local\\Microsoft\\WindowsApps'
    'SystemRoot' => 'C:\\WINDOWS'
    'COMSPEC' => 'C:\\WINDOWS\\system32\\cmd.exe'
    'PATHEXT' => '.COM;.EXE;.BAT;.CMD;.VBS;.VBE;.JS;.JSE;.WSF;.WSH;.MSC'
    'WINDIR' => 'C:\\WINDOWS'
    'SERVER_SIGNATURE' => '<address>Apache/2.4.62 (Win64) PHP/8.1.31 mod_fcgid/2.3.10-dev Server at localhost Port 80</address>
'
    'SERVER_SOFTWARE' => 'Apache/2.4.62 (Win64) PHP/8.1.31 mod_fcgid/2.3.10-dev'
    'SERVER_NAME' => 'localhost'
    'SERVER_ADDR' => '::1'
    'SERVER_PORT' => '80'
    'REMOTE_ADDR' => '::1'
    'DOCUMENT_ROOT' => 'C:/wamp64/www'
    'REQUEST_SCHEME' => 'http'
    'CONTEXT_PREFIX' => ''
    'CONTEXT_DOCUMENT_ROOT' => 'C:/wamp64/www'
    'SERVER_ADMIN' => 'wampserver@wampserver.invalid'
    'SCRIPT_FILENAME' => 'C:/wamp64/www/tripplan-web/tripplan/frontend/web/index.php'
    'REMOTE_PORT' => '64144'
    'REDIRECT_URL' => '/tripplan-web/tripplan/frontend/web/img/favicon.ico'
    'GATEWAY_INTERFACE' => 'CGI/1.1'
    'SERVER_PROTOCOL' => 'HTTP/1.1'
    'REQUEST_METHOD' => 'GET'
    'QUERY_STRING' => ''
    'REQUEST_URI' => '/tripplan-web/tripplan/frontend/web/img/favicon.ico'
    'SCRIPT_NAME' => '/tripplan-web/tripplan/frontend/web/index.php'
    'PHP_SELF' => '/tripplan-web/tripplan/frontend/web/index.php'
    'REQUEST_TIME_FLOAT' => 1767557436.057
    'REQUEST_TIME' => 1767557436
]
2026-01-04 20:38:41 [::1][5][o5lbi15b66g6q8him0ejmjvb77][error][yii\db\Exception] PDOException: SQLSTATE[42S22]: Column not found: 1054 Unknown column 'plano_viagem_id' in 'where clause' in C:\wamp64\www\tripplan-web\tripplan\vendor\yiisoft\yii2\db\Command.php:1320
Stack trace:
#0 C:\wamp64\www\tripplan-web\tripplan\vendor\yiisoft\yii2\db\Command.php(1320): PDOStatement->execute()
#1 C:\wamp64\www\tripplan-web\tripplan\vendor\yiisoft\yii2\db\Command.php(1186): yii\db\Command->internalExecute('SELECT * FROM `...')
#2 C:\wamp64\www\tripplan-web\tripplan\vendor\yiisoft\yii2\db\Command.php(417): yii\db\Command->queryInternal('fetchAll', NULL)
#3 C:\wamp64\www\tripplan-web\tripplan\vendor\yiisoft\yii2\db\Query.php(249): yii\db\Command->queryAll()
#4 C:\wamp64\www\tripplan-web\tripplan\vendor\yiisoft\yii2\db\ActiveQuery.php(152): yii\db\Query->all(NULL)
#5 C:\wamp64\www\tripplan-web\tripplan\vendor\yiisoft\yii2\db\ActiveRelationTrait.php(187): yii\db\ActiveQuery->all()
#6 C:\wamp64\www\tripplan-web\tripplan\vendor\yiisoft\yii2\db\BaseActiveRecord.php(299): yii\db\ActiveQuery->findFor('atividades', Object(common\models\PlanoViagem))
#7 C:\wamp64\www\tripplan-web\tripplan\frontend\views\plano-viagem\view.php(141): yii\db\BaseActiveRecord->__get('atividades')
#8 C:\wamp64\www\tripplan-web\tripplan\vendor\yiisoft\yii2\base\View.php(348): require('C:\\wamp64\\www\\t...')
#9 C:\wamp64\www\tripplan-web\tripplan\vendor\yiisoft\yii2\base\View.php(258): yii\base\View->renderPhpFile('C:\\wamp64\\www\\t...', Array)
#10 C:\wamp64\www\tripplan-web\tripplan\vendor\yiisoft\yii2\base\View.php(157): yii\base\View->renderFile('C:\\wamp64\\www\\t...', Array, Object(frontend\controllers\PlanoViagemController))
#11 C:\wamp64\www\tripplan-web\tripplan\vendor\yiisoft\yii2\base\Controller.php(413): yii\base\View->render('view', Array, Object(frontend\controllers\PlanoViagemController))
#12 C:\wamp64\www\tripplan-web\tripplan\frontend\controllers\PlanoViagemController.php(92): yii\base\Controller->render('view', Array)
#13 [internal function]: frontend\controllers\PlanoViagemController->actionView('16')
#14 C:\wamp64\www\tripplan-web\tripplan\vendor\yiisoft\yii2\base\InlineAction.php(60): call_user_func_array(Array, Array)
#15 C:\wamp64\www\tripplan-web\tripplan\vendor\yiisoft\yii2\base\Controller.php(184): yii\base\InlineAction->runWithParams(Array)
#16 C:\wamp64\www\tripplan-web\tripplan\vendor\yiisoft\yii2\base\Module.php(555): yii\base\Controller->runAction('view', Array)
#17 C:\wamp64\www\tripplan-web\tripplan\vendor\yiisoft\yii2\web\Application.php(103): yii\base\Module->runAction('plano-viagem/vi...', Array)
#18 C:\wamp64\www\tripplan-web\tripplan\vendor\yiisoft\yii2\base\Application.php(387): yii\web\Application->handleRequest(Object(yii\web\Request))
#19 C:\wamp64\www\tripplan-web\tripplan\frontend\web\index.php(18): yii\base\Application->run()
#20 {main}

Next yii\db\Exception: SQLSTATE[42S22]: Column not found: 1054 Unknown column 'plano_viagem_id' in 'where clause'
The SQL being executed was: SELECT * FROM `atividade` WHERE `plano_viagem_id`=48 in C:\wamp64\www\tripplan-web\tripplan\vendor\yiisoft\yii2\db\Schema.php:676
Stack trace:
#0 C:\wamp64\www\tripplan-web\tripplan\vendor\yiisoft\yii2\db\Command.php(1325): yii\db\Schema->convertException(Object(PDOException), 'SELECT * FROM `...')
#1 C:\wamp64\www\tripplan-web\tripplan\vendor\yiisoft\yii2\db\Command.php(1186): yii\db\Command->internalExecute('SELECT * FROM `...')
#2 C:\wamp64\www\tripplan-web\tripplan\vendor\yiisoft\yii2\db\Command.php(417): yii\db\Command->queryInternal('fetchAll', NULL)
#3 C:\wamp64\www\tripplan-web\tripplan\vendor\yiisoft\yii2\db\Query.php(249): yii\db\Command->queryAll()
#4 C:\wamp64\www\tripplan-web\tripplan\vendor\yiisoft\yii2\db\ActiveQuery.php(152): yii\db\Query->all(NULL)
#5 C:\wamp64\www\tripplan-web\tripplan\vendor\yiisoft\yii2\db\ActiveRelationTrait.php(187): yii\db\ActiveQuery->all()
#6 C:\wamp64\www\tripplan-web\tripplan\vendor\yiisoft\yii2\db\BaseActiveRecord.php(299): yii\db\ActiveQuery->findFor('atividades', Object(common\models\PlanoViagem))
#7 C:\wamp64\www\tripplan-web\tripplan\frontend\views\plano-viagem\view.php(141): yii\db\BaseActiveRecord->__get('atividades')
#8 C:\wamp64\www\tripplan-web\tripplan\vendor\yiisoft\yii2\base\View.php(348): require('C:\\wamp64\\www\\t...')
#9 C:\wamp64\www\tripplan-web\tripplan\vendor\yiisoft\yii2\base\View.php(258): yii\base\View->renderPhpFile('C:\\wamp64\\www\\t...', Array)
#10 C:\wamp64\www\tripplan-web\tripplan\vendor\yiisoft\yii2\base\View.php(157): yii\base\View->renderFile('C:\\wamp64\\www\\t...', Array, Object(frontend\controllers\PlanoViagemController))
#11 C:\wamp64\www\tripplan-web\tripplan\vendor\yiisoft\yii2\base\Controller.php(413): yii\base\View->render('view', Array, Object(frontend\controllers\PlanoViagemController))
#12 C:\wamp64\www\tripplan-web\tripplan\frontend\controllers\PlanoViagemController.php(92): yii\base\Controller->render('view', Array)
#13 [internal function]: frontend\controllers\PlanoViagemController->actionView('16')
#14 C:\wamp64\www\tripplan-web\tripplan\vendor\yiisoft\yii2\base\InlineAction.php(60): call_user_func_array(Array, Array)
#15 C:\wamp64\www\tripplan-web\tripplan\vendor\yiisoft\yii2\base\Controller.php(184): yii\base\InlineAction->runWithParams(Array)
#16 C:\wamp64\www\tripplan-web\tripplan\vendor\yiisoft\yii2\base\Module.php(555): yii\base\Controller->runAction('view', Array)
#17 C:\wamp64\www\tripplan-web\tripplan\vendor\yiisoft\yii2\web\Application.php(103): yii\base\Module->runAction('plano-viagem/vi...', Array)
#18 C:\wamp64\www\tripplan-web\tripplan\vendor\yiisoft\yii2\base\Application.php(387): yii\web\Application->handleRequest(Object(yii\web\Request))
#19 C:\wamp64\www\tripplan-web\tripplan\frontend\web\index.php(18): yii\base\Application->run()
#20 {main}
Additional Information:
Array
(
    [0] => 42S22
    [1] => 1054
    [2] => Unknown column 'plano_viagem_id' in 'where clause'
)

2026-01-04 20:38:41 [::1][5][o5lbi15b66g6q8him0ejmjvb77][info][application] $_GET = [
    'id' => '16'
]

$_POST = []

$_FILES = []

$_COOKIE = [
    'Phpstorm-103aa988' => 'bf38dfb5-04b5-4849-a933-fbc4e7b3e27f'
    '_identity-backend' => '0056de632f8441a62c024e0c9bb0151a886f02adf425d5dba02a7dc6230a64f2a:2:{i:0;s:17:\"_identity-backend\";i:1;s:46:\"[8,\"F8iSIrBPc2WeseOIPDgZsgsdkTU2Ufqt\",2592000]\";}'
    'sidebar-collapse' => 'false'
    '_identity-frontend' => '01aebbe17af5cf269d57ad8fa9d7b0a3e66d6e5403c26ad0936cf8e478f1a3dca:2:{i:0;s:18:\"_identity-frontend\";i:1;s:46:\"[5,\"XtQljr3I7zzomKmcSywhu1fSRKmNTnWE\",2592000]\";}'
    'advanced-frontend' => 'o5lbi15b66g6q8him0ejmjvb77'
    '_csrf-frontend' => '2baa5d6f1f5b5b7ed04f94dc3487fdfca6597a2edb41ad6d94fc2deac8eddf58a:2:{i:0;s:14:\"_csrf-frontend\";i:1;s:32:\"Z0LZ5kyEoGcN18SfCHCRLULHehAGRwoG\";}'
    '_csrf-backend' => '319b23a394cc7b30b6e103301d35670f7f5759f821af35b7846e96429d15d963a:2:{i:0;s:13:\"_csrf-backend\";i:1;s:32:\"A_wVpiWq6w5HO4U62J4kK4ZM-YpOk18q\";}'
    'advanced-backend' => 'ahrugmq51e4vtudc82gvib1lkn'
]

$_SESSION = [
    '__flash' => [
        'success' => -1
    ]
    '__id' => 5
    '__authKey' => 'XtQljr3I7zzomKmcSywhu1fSRKmNTnWE'
    'success' => 'Adicionado aos Favoritos'
]

$_SERVER = [
    'REDIRECT_STATUS' => '200'
    'HTTP_HOST' => 'localhost'
    'HTTP_CONNECTION' => 'keep-alive'
    'HTTP_CACHE_CONTROL' => 'max-age=0'
    'HTTP_SEC_CH_UA' => '\"Google Chrome\";v=\"143\", \"Chromium\";v=\"143\", \"Not A(Brand\";v=\"24\"'
    'HTTP_SEC_CH_UA_MOBILE' => '?0'
    'HTTP_SEC_CH_UA_PLATFORM' => '\"Windows\"'
    'HTTP_UPGRADE_INSECURE_REQUESTS' => '1'
    'HTTP_USER_AGENT' => 'Mozilla/5.0 (Windows NT 10.0; Win64; x64) AppleWebKit/537.36 (KHTML, like Gecko) Chrome/143.0.0.0 Safari/537.36'
    'HTTP_ACCEPT' => 'text/html,application/xhtml+xml,application/xml;q=0.9,image/avif,image/webp,image/apng,*/*;q=0.8,application/signed-exchange;v=b3;q=0.7'
    'HTTP_SEC_FETCH_SITE' => 'same-origin'
    'HTTP_SEC_FETCH_MODE' => 'navigate'
    'HTTP_SEC_FETCH_USER' => '?1'
    'HTTP_SEC_FETCH_DEST' => 'document'
    'HTTP_REFERER' => 'http://localhost/tripplan-web/tripplan/frontend/web/atividade/create?plano_viagem_id=16'
    'HTTP_ACCEPT_ENCODING' => 'gzip, deflate, br, zstd'
    'HTTP_ACCEPT_LANGUAGE' => 'pt-PT,pt;q=0.9,en-US;q=0.8,en;q=0.7'
    'HTTP_COOKIE' => 'Phpstorm-103aa988=bf38dfb5-04b5-4849-a933-fbc4e7b3e27f; _identity-backend=0056de632f8441a62c024e0c9bb0151a886f02adf425d5dba02a7dc6230a64f2a%3A2%3A%7Bi%3A0%3Bs%3A17%3A%22_identity-backend%22%3Bi%3A1%3Bs%3A46%3A%22%5B8%2C%22F8iSIrBPc2WeseOIPDgZsgsdkTU2Ufqt%22%2C2592000%5D%22%3B%7D; sidebar-collapse=false; _identity-frontend=01aebbe17af5cf269d57ad8fa9d7b0a3e66d6e5403c26ad0936cf8e478f1a3dca%3A2%3A%7Bi%3A0%3Bs%3A18%3A%22_identity-frontend%22%3Bi%3A1%3Bs%3A46%3A%22%5B5%2C%22XtQljr3I7zzomKmcSywhu1fSRKmNTnWE%22%2C2592000%5D%22%3B%7D; advanced-frontend=o5lbi15b66g6q8him0ejmjvb77; _csrf-frontend=2baa5d6f1f5b5b7ed04f94dc3487fdfca6597a2edb41ad6d94fc2deac8eddf58a%3A2%3A%7Bi%3A0%3Bs%3A14%3A%22_csrf-frontend%22%3Bi%3A1%3Bs%3A32%3A%22Z0LZ5kyEoGcN18SfCHCRLULHehAGRwoG%22%3B%7D; _csrf-backend=319b23a394cc7b30b6e103301d35670f7f5759f821af35b7846e96429d15d963a%3A2%3A%7Bi%3A0%3Bs%3A13%3A%22_csrf-backend%22%3Bi%3A1%3Bs%3A32%3A%22A_wVpiWq6w5HO4U62J4kK4ZM-YpOk18q%22%3B%7D; advanced-backend=ahrugmq51e4vtudc82gvib1lkn'
    'PATH' => 'C:\\Program Files\\Common Files\\Oracle\\Java\\javapath;C:\\Program Files (x86)\\NVIDIA Corporation\\PhysX\\Common;C:\\WINDOWS\\system32;C:\\WINDOWS;C:\\WINDOWS\\System32\\Wbem;C:\\WINDOWS\\System32\\WindowsPowerShell\\v1.0\\;C:\\WINDOWS\\System32\\OpenSSH\\;C:\\msys64\\ucrt64\\bin;C:\\Program Files\\Microsoft SQL Server\\150\\Tools\\Binn\\;C:\\Program Files\\dotnet\\;C:\\Program Files\\Microsoft SQL Server\\Client SDK\\ODBC\\170\\Tools\\Binn\\;C:\\wamp64\\bin\\php\\php8.1.31;C:\\ProgramData\\ComposerSetup\\bin;C:\\Program Files\\Git\\cmd;C:\\WINDOWS\\system32\\config\\systemprofile\\AppData\\Local\\Microsoft\\WindowsApps'
    'SystemRoot' => 'C:\\WINDOWS'
    'COMSPEC' => 'C:\\WINDOWS\\system32\\cmd.exe'
    'PATHEXT' => '.COM;.EXE;.BAT;.CMD;.VBS;.VBE;.JS;.JSE;.WSF;.WSH;.MSC'
    'WINDIR' => 'C:\\WINDOWS'
    'SERVER_SIGNATURE' => '<address>Apache/2.4.62 (Win64) PHP/8.1.31 mod_fcgid/2.3.10-dev Server at localhost Port 80</address>
'
    'SERVER_SOFTWARE' => 'Apache/2.4.62 (Win64) PHP/8.1.31 mod_fcgid/2.3.10-dev'
    'SERVER_NAME' => 'localhost'
    'SERVER_ADDR' => '::1'
    'SERVER_PORT' => '80'
    'REMOTE_ADDR' => '::1'
    'DOCUMENT_ROOT' => 'C:/wamp64/www'
    'REQUEST_SCHEME' => 'http'
    'CONTEXT_PREFIX' => ''
    'CONTEXT_DOCUMENT_ROOT' => 'C:/wamp64/www'
    'SERVER_ADMIN' => 'wampserver@wampserver.invalid'
    'SCRIPT_FILENAME' => 'C:/wamp64/www/tripplan-web/tripplan/frontend/web/index.php'
    'REMOTE_PORT' => '64594'
    'REDIRECT_URL' => '/tripplan-web/tripplan/frontend/web/plano-viagem/view'
    'REDIRECT_QUERY_STRING' => 'id=16'
    'GATEWAY_INTERFACE' => 'CGI/1.1'
    'SERVER_PROTOCOL' => 'HTTP/1.1'
    'REQUEST_METHOD' => 'GET'
    'QUERY_STRING' => 'id=16'
    'REQUEST_URI' => '/tripplan-web/tripplan/frontend/web/plano-viagem/view?id=16'
    'SCRIPT_NAME' => '/tripplan-web/tripplan/frontend/web/index.php'
    'PHP_SELF' => '/tripplan-web/tripplan/frontend/web/index.php'
    'REQUEST_TIME_FLOAT' => 1767559121.6571
    'REQUEST_TIME' => 1767559121
]
2026-01-04 20:52:21 [::1][5][o5lbi15b66g6q8him0ejmjvb77][error][yii\web\HttpException:404] yii\base\InvalidRouteException: Unable to resolve the request "img/favicon.ico". in C:\wamp64\www\tripplan-web\tripplan\vendor\yiisoft\yii2\base\Module.php:564
Stack trace:
#0 C:\wamp64\www\tripplan-web\tripplan\vendor\yiisoft\yii2\web\Application.php(103): yii\base\Module->runAction('img/favicon.ico', Array)
#1 C:\wamp64\www\tripplan-web\tripplan\vendor\yiisoft\yii2\base\Application.php(387): yii\web\Application->handleRequest(Object(yii\web\Request))
#2 C:\wamp64\www\tripplan-web\tripplan\frontend\web\index.php(18): yii\base\Application->run()
#3 {main}

Next yii\web\NotFoundHttpException: Page not found. in C:\wamp64\www\tripplan-web\tripplan\vendor\yiisoft\yii2\web\Application.php:115
Stack trace:
#0 C:\wamp64\www\tripplan-web\tripplan\vendor\yiisoft\yii2\base\Application.php(387): yii\web\Application->handleRequest(Object(yii\web\Request))
#1 C:\wamp64\www\tripplan-web\tripplan\frontend\web\index.php(18): yii\base\Application->run()
#2 {main}
2026-01-04 20:52:20 [::1][5][o5lbi15b66g6q8him0ejmjvb77][info][application] $_GET = []

$_POST = []

$_FILES = []

$_COOKIE = [
    'Phpstorm-103aa988' => 'bf38dfb5-04b5-4849-a933-fbc4e7b3e27f'
    '_identity-backend' => '0056de632f8441a62c024e0c9bb0151a886f02adf425d5dba02a7dc6230a64f2a:2:{i:0;s:17:\"_identity-backend\";i:1;s:46:\"[8,\"F8iSIrBPc2WeseOIPDgZsgsdkTU2Ufqt\",2592000]\";}'
    'sidebar-collapse' => 'false'
    '_identity-frontend' => '01aebbe17af5cf269d57ad8fa9d7b0a3e66d6e5403c26ad0936cf8e478f1a3dca:2:{i:0;s:18:\"_identity-frontend\";i:1;s:46:\"[5,\"XtQljr3I7zzomKmcSywhu1fSRKmNTnWE\",2592000]\";}'
    'advanced-frontend' => 'o5lbi15b66g6q8him0ejmjvb77'
    '_csrf-frontend' => '2baa5d6f1f5b5b7ed04f94dc3487fdfca6597a2edb41ad6d94fc2deac8eddf58a:2:{i:0;s:14:\"_csrf-frontend\";i:1;s:32:\"Z0LZ5kyEoGcN18SfCHCRLULHehAGRwoG\";}'
    '_csrf-backend' => '319b23a394cc7b30b6e103301d35670f7f5759f821af35b7846e96429d15d963a:2:{i:0;s:13:\"_csrf-backend\";i:1;s:32:\"A_wVpiWq6w5HO4U62J4kK4ZM-YpOk18q\";}'
    'advanced-backend' => 'ahrugmq51e4vtudc82gvib1lkn'
]

$_SESSION = [
    '__flash' => [
        'success' => -1
    ]
    '__id' => 5
    '__authKey' => 'XtQljr3I7zzomKmcSywhu1fSRKmNTnWE'
    'success' => 'Adicionado aos Favoritos'
]

$_SERVER = [
    'REDIRECT_STATUS' => '200'
    'HTTP_HOST' => 'localhost'
    'HTTP_CONNECTION' => 'keep-alive'
    'HTTP_PRAGMA' => 'no-cache'
    'HTTP_CACHE_CONTROL' => 'no-cache'
    'HTTP_SEC_CH_UA_PLATFORM' => '\"Windows\"'
    'HTTP_USER_AGENT' => 'Mozilla/5.0 (Windows NT 10.0; Win64; x64) AppleWebKit/537.36 (KHTML, like Gecko) Chrome/143.0.0.0 Safari/537.36'
    'HTTP_SEC_CH_UA' => '\"Google Chrome\";v=\"143\", \"Chromium\";v=\"143\", \"Not A(Brand\";v=\"24\"'
    'HTTP_SEC_CH_UA_MOBILE' => '?0'
    'HTTP_ACCEPT' => 'image/avif,image/webp,image/apng,image/svg+xml,image/*,*/*;q=0.8'
    'HTTP_SEC_FETCH_SITE' => 'same-origin'
    'HTTP_SEC_FETCH_MODE' => 'no-cors'
    'HTTP_SEC_FETCH_DEST' => 'image'
    'HTTP_REFERER' => 'http://localhost/tripplan-web/tripplan/frontend/web/destino/update?id=48'
    'HTTP_ACCEPT_ENCODING' => 'gzip, deflate, br, zstd'
    'HTTP_ACCEPT_LANGUAGE' => 'pt-PT,pt;q=0.9,en-US;q=0.8,en;q=0.7'
    'HTTP_COOKIE' => 'Phpstorm-103aa988=bf38dfb5-04b5-4849-a933-fbc4e7b3e27f; _identity-backend=0056de632f8441a62c024e0c9bb0151a886f02adf425d5dba02a7dc6230a64f2a%3A2%3A%7Bi%3A0%3Bs%3A17%3A%22_identity-backend%22%3Bi%3A1%3Bs%3A46%3A%22%5B8%2C%22F8iSIrBPc2WeseOIPDgZsgsdkTU2Ufqt%22%2C2592000%5D%22%3B%7D; sidebar-collapse=false; _identity-frontend=01aebbe17af5cf269d57ad8fa9d7b0a3e66d6e5403c26ad0936cf8e478f1a3dca%3A2%3A%7Bi%3A0%3Bs%3A18%3A%22_identity-frontend%22%3Bi%3A1%3Bs%3A46%3A%22%5B5%2C%22XtQljr3I7zzomKmcSywhu1fSRKmNTnWE%22%2C2592000%5D%22%3B%7D; advanced-frontend=o5lbi15b66g6q8him0ejmjvb77; _csrf-frontend=2baa5d6f1f5b5b7ed04f94dc3487fdfca6597a2edb41ad6d94fc2deac8eddf58a%3A2%3A%7Bi%3A0%3Bs%3A14%3A%22_csrf-frontend%22%3Bi%3A1%3Bs%3A32%3A%22Z0LZ5kyEoGcN18SfCHCRLULHehAGRwoG%22%3B%7D; _csrf-backend=319b23a394cc7b30b6e103301d35670f7f5759f821af35b7846e96429d15d963a%3A2%3A%7Bi%3A0%3Bs%3A13%3A%22_csrf-backend%22%3Bi%3A1%3Bs%3A32%3A%22A_wVpiWq6w5HO4U62J4kK4ZM-YpOk18q%22%3B%7D; advanced-backend=ahrugmq51e4vtudc82gvib1lkn'
    'PATH' => 'C:\\Program Files\\Common Files\\Oracle\\Java\\javapath;C:\\Program Files (x86)\\NVIDIA Corporation\\PhysX\\Common;C:\\WINDOWS\\system32;C:\\WINDOWS;C:\\WINDOWS\\System32\\Wbem;C:\\WINDOWS\\System32\\WindowsPowerShell\\v1.0\\;C:\\WINDOWS\\System32\\OpenSSH\\;C:\\msys64\\ucrt64\\bin;C:\\Program Files\\Microsoft SQL Server\\150\\Tools\\Binn\\;C:\\Program Files\\dotnet\\;C:\\Program Files\\Microsoft SQL Server\\Client SDK\\ODBC\\170\\Tools\\Binn\\;C:\\wamp64\\bin\\php\\php8.1.31;C:\\ProgramData\\ComposerSetup\\bin;C:\\Program Files\\Git\\cmd;C:\\WINDOWS\\system32\\config\\systemprofile\\AppData\\Local\\Microsoft\\WindowsApps'
    'SystemRoot' => 'C:\\WINDOWS'
    'COMSPEC' => 'C:\\WINDOWS\\system32\\cmd.exe'
    'PATHEXT' => '.COM;.EXE;.BAT;.CMD;.VBS;.VBE;.JS;.JSE;.WSF;.WSH;.MSC'
    'WINDIR' => 'C:\\WINDOWS'
    'SERVER_SIGNATURE' => '<address>Apache/2.4.62 (Win64) PHP/8.1.31 mod_fcgid/2.3.10-dev Server at localhost Port 80</address>
'
    'SERVER_SOFTWARE' => 'Apache/2.4.62 (Win64) PHP/8.1.31 mod_fcgid/2.3.10-dev'
    'SERVER_NAME' => 'localhost'
    'SERVER_ADDR' => '::1'
    'SERVER_PORT' => '80'
    'REMOTE_ADDR' => '::1'
    'DOCUMENT_ROOT' => 'C:/wamp64/www'
    'REQUEST_SCHEME' => 'http'
    'CONTEXT_PREFIX' => ''
    'CONTEXT_DOCUMENT_ROOT' => 'C:/wamp64/www'
    'SERVER_ADMIN' => 'wampserver@wampserver.invalid'
    'SCRIPT_FILENAME' => 'C:/wamp64/www/tripplan-web/tripplan/frontend/web/index.php'
    'REMOTE_PORT' => '64819'
    'REDIRECT_URL' => '/tripplan-web/tripplan/frontend/web/img/favicon.ico'
    'GATEWAY_INTERFACE' => 'CGI/1.1'
    'SERVER_PROTOCOL' => 'HTTP/1.1'
    'REQUEST_METHOD' => 'GET'
    'QUERY_STRING' => ''
    'REQUEST_URI' => '/tripplan-web/tripplan/frontend/web/img/favicon.ico'
    'SCRIPT_NAME' => '/tripplan-web/tripplan/frontend/web/index.php'
    'PHP_SELF' => '/tripplan-web/tripplan/frontend/web/index.php'
    'REQUEST_TIME_FLOAT' => 1767559940.962
    'REQUEST_TIME' => 1767559940
]
2026-01-04 22:20:46 [::1][5][o5lbi15b66g6q8him0ejmjvb77][error][yii\base\UnknownPropertyException] yii\base\UnknownPropertyException: Setting unknown property: common\models\Atividade::cidade_aux in C:\wamp64\www\tripplan-web\tripplan\vendor\yiisoft\yii2\base\Component.php:221
Stack trace:
#0 C:\wamp64\www\tripplan-web\tripplan\vendor\yiisoft\yii2\db\BaseActiveRecord.php(322): yii\base\Component->__set('cidade_aux', 'Barcelona')
#1 C:\wamp64\www\tripplan-web\tripplan\frontend\views\plano-viagem\view.php(12): yii\db\BaseActiveRecord->__set('cidade_aux', 'Barcelona')
#2 C:\wamp64\www\tripplan-web\tripplan\vendor\yiisoft\yii2\base\View.php(348): require('C:\\wamp64\\www\\t...')
#3 C:\wamp64\www\tripplan-web\tripplan\vendor\yiisoft\yii2\base\View.php(258): yii\base\View->renderPhpFile('C:\\wamp64\\www\\t...', Array)
#4 C:\wamp64\www\tripplan-web\tripplan\vendor\yiisoft\yii2\base\View.php(157): yii\base\View->renderFile('C:\\wamp64\\www\\t...', Array, Object(frontend\controllers\PlanoViagemController))
#5 C:\wamp64\www\tripplan-web\tripplan\vendor\yiisoft\yii2\base\Controller.php(413): yii\base\View->render('view', Array, Object(frontend\controllers\PlanoViagemController))
#6 C:\wamp64\www\tripplan-web\tripplan\frontend\controllers\PlanoViagemController.php(92): yii\base\Controller->render('view', Array)
#7 [internal function]: frontend\controllers\PlanoViagemController->actionView('16')
#8 C:\wamp64\www\tripplan-web\tripplan\vendor\yiisoft\yii2\base\InlineAction.php(60): call_user_func_array(Array, Array)
#9 C:\wamp64\www\tripplan-web\tripplan\vendor\yiisoft\yii2\base\Controller.php(184): yii\base\InlineAction->runWithParams(Array)
#10 C:\wamp64\www\tripplan-web\tripplan\vendor\yiisoft\yii2\base\Module.php(555): yii\base\Controller->runAction('view', Array)
#11 C:\wamp64\www\tripplan-web\tripplan\vendor\yiisoft\yii2\web\Application.php(103): yii\base\Module->runAction('plano-viagem/vi...', Array)
#12 C:\wamp64\www\tripplan-web\tripplan\vendor\yiisoft\yii2\base\Application.php(387): yii\web\Application->handleRequest(Object(yii\web\Request))
#13 C:\wamp64\www\tripplan-web\tripplan\frontend\web\index.php(18): yii\base\Application->run()
#14 {main}
2026-01-04 22:20:46 [::1][5][o5lbi15b66g6q8him0ejmjvb77][info][application] $_GET = [
    'id' => '16'
]

$_POST = []

$_FILES = []

$_COOKIE = [
    'Phpstorm-103aa988' => 'bf38dfb5-04b5-4849-a933-fbc4e7b3e27f'
    '_identity-backend' => '0056de632f8441a62c024e0c9bb0151a886f02adf425d5dba02a7dc6230a64f2a:2:{i:0;s:17:\"_identity-backend\";i:1;s:46:\"[8,\"F8iSIrBPc2WeseOIPDgZsgsdkTU2Ufqt\",2592000]\";}'
    'sidebar-collapse' => 'false'
    '_identity-frontend' => '01aebbe17af5cf269d57ad8fa9d7b0a3e66d6e5403c26ad0936cf8e478f1a3dca:2:{i:0;s:18:\"_identity-frontend\";i:1;s:46:\"[5,\"XtQljr3I7zzomKmcSywhu1fSRKmNTnWE\",2592000]\";}'
    'advanced-frontend' => 'o5lbi15b66g6q8him0ejmjvb77'
    '_csrf-frontend' => '2baa5d6f1f5b5b7ed04f94dc3487fdfca6597a2edb41ad6d94fc2deac8eddf58a:2:{i:0;s:14:\"_csrf-frontend\";i:1;s:32:\"Z0LZ5kyEoGcN18SfCHCRLULHehAGRwoG\";}'
    '_csrf-backend' => '319b23a394cc7b30b6e103301d35670f7f5759f821af35b7846e96429d15d963a:2:{i:0;s:13:\"_csrf-backend\";i:1;s:32:\"A_wVpiWq6w5HO4U62J4kK4ZM-YpOk18q\";}'
    'advanced-backend' => 'ahrugmq51e4vtudc82gvib1lkn'
]

$_SESSION = [
    '__flash' => [
        'success' => -1
    ]
    '__id' => 5
    '__authKey' => 'XtQljr3I7zzomKmcSywhu1fSRKmNTnWE'
    'success' => 'Removido dos Favoritos'
]

$_SERVER = [
    'REDIRECT_STATUS' => '200'
    'HTTP_HOST' => 'localhost'
    'HTTP_CONNECTION' => 'keep-alive'
    'HTTP_SEC_CH_UA' => '\"Google Chrome\";v=\"143\", \"Chromium\";v=\"143\", \"Not A(Brand\";v=\"24\"'
    'HTTP_SEC_CH_UA_MOBILE' => '?0'
    'HTTP_SEC_CH_UA_PLATFORM' => '\"Windows\"'
    'HTTP_UPGRADE_INSECURE_REQUESTS' => '1'
    'HTTP_USER_AGENT' => 'Mozilla/5.0 (Windows NT 10.0; Win64; x64) AppleWebKit/537.36 (KHTML, like Gecko) Chrome/143.0.0.0 Safari/537.36'
    'HTTP_ACCEPT' => 'text/html,application/xhtml+xml,application/xml;q=0.9,image/avif,image/webp,image/apng,*/*;q=0.8,application/signed-exchange;v=b3;q=0.7'
    'HTTP_SEC_FETCH_SITE' => 'same-origin'
    'HTTP_SEC_FETCH_MODE' => 'navigate'
    'HTTP_SEC_FETCH_USER' => '?1'
    'HTTP_SEC_FETCH_DEST' => 'document'
    'HTTP_REFERER' => 'http://localhost/tripplan-web/tripplan/frontend/web/plano-viagem/index'
    'HTTP_ACCEPT_ENCODING' => 'gzip, deflate, br, zstd'
    'HTTP_ACCEPT_LANGUAGE' => 'pt-PT,pt;q=0.9,en-US;q=0.8,en;q=0.7'
    'HTTP_COOKIE' => 'Phpstorm-103aa988=bf38dfb5-04b5-4849-a933-fbc4e7b3e27f; _identity-backend=0056de632f8441a62c024e0c9bb0151a886f02adf425d5dba02a7dc6230a64f2a%3A2%3A%7Bi%3A0%3Bs%3A17%3A%22_identity-backend%22%3Bi%3A1%3Bs%3A46%3A%22%5B8%2C%22F8iSIrBPc2WeseOIPDgZsgsdkTU2Ufqt%22%2C2592000%5D%22%3B%7D; sidebar-collapse=false; _identity-frontend=01aebbe17af5cf269d57ad8fa9d7b0a3e66d6e5403c26ad0936cf8e478f1a3dca%3A2%3A%7Bi%3A0%3Bs%3A18%3A%22_identity-frontend%22%3Bi%3A1%3Bs%3A46%3A%22%5B5%2C%22XtQljr3I7zzomKmcSywhu1fSRKmNTnWE%22%2C2592000%5D%22%3B%7D; advanced-frontend=o5lbi15b66g6q8him0ejmjvb77; _csrf-frontend=2baa5d6f1f5b5b7ed04f94dc3487fdfca6597a2edb41ad6d94fc2deac8eddf58a%3A2%3A%7Bi%3A0%3Bs%3A14%3A%22_csrf-frontend%22%3Bi%3A1%3Bs%3A32%3A%22Z0LZ5kyEoGcN18SfCHCRLULHehAGRwoG%22%3B%7D; _csrf-backend=319b23a394cc7b30b6e103301d35670f7f5759f821af35b7846e96429d15d963a%3A2%3A%7Bi%3A0%3Bs%3A13%3A%22_csrf-backend%22%3Bi%3A1%3Bs%3A32%3A%22A_wVpiWq6w5HO4U62J4kK4ZM-YpOk18q%22%3B%7D; advanced-backend=ahrugmq51e4vtudc82gvib1lkn'
    'PATH' => 'C:\\Program Files\\Common Files\\Oracle\\Java\\javapath;C:\\Program Files (x86)\\NVIDIA Corporation\\PhysX\\Common;C:\\WINDOWS\\system32;C:\\WINDOWS;C:\\WINDOWS\\System32\\Wbem;C:\\WINDOWS\\System32\\WindowsPowerShell\\v1.0\\;C:\\WINDOWS\\System32\\OpenSSH\\;C:\\msys64\\ucrt64\\bin;C:\\Program Files\\Microsoft SQL Server\\150\\Tools\\Binn\\;C:\\Program Files\\dotnet\\;C:\\Program Files\\Microsoft SQL Server\\Client SDK\\ODBC\\170\\Tools\\Binn\\;C:\\wamp64\\bin\\php\\php8.1.31;C:\\ProgramData\\ComposerSetup\\bin;C:\\Program Files\\Git\\cmd;C:\\WINDOWS\\system32\\config\\systemprofile\\AppData\\Local\\Microsoft\\WindowsApps'
    'SystemRoot' => 'C:\\WINDOWS'
    'COMSPEC' => 'C:\\WINDOWS\\system32\\cmd.exe'
    'PATHEXT' => '.COM;.EXE;.BAT;.CMD;.VBS;.VBE;.JS;.JSE;.WSF;.WSH;.MSC'
    'WINDIR' => 'C:\\WINDOWS'
    'SERVER_SIGNATURE' => '<address>Apache/2.4.62 (Win64) PHP/8.1.31 mod_fcgid/2.3.10-dev Server at localhost Port 80</address>
'
    'SERVER_SOFTWARE' => 'Apache/2.4.62 (Win64) PHP/8.1.31 mod_fcgid/2.3.10-dev'
    'SERVER_NAME' => 'localhost'
    'SERVER_ADDR' => '::1'
    'SERVER_PORT' => '80'
    'REMOTE_ADDR' => '::1'
    'DOCUMENT_ROOT' => 'C:/wamp64/www'
    'REQUEST_SCHEME' => 'http'
    'CONTEXT_PREFIX' => ''
    'CONTEXT_DOCUMENT_ROOT' => 'C:/wamp64/www'
    'SERVER_ADMIN' => 'wampserver@wampserver.invalid'
    'SCRIPT_FILENAME' => 'C:/wamp64/www/tripplan-web/tripplan/frontend/web/index.php'
    'REMOTE_PORT' => '63330'
    'REDIRECT_URL' => '/tripplan-web/tripplan/frontend/web/plano-viagem/view'
    'REDIRECT_QUERY_STRING' => 'id=16'
    'GATEWAY_INTERFACE' => 'CGI/1.1'
    'SERVER_PROTOCOL' => 'HTTP/1.1'
    'REQUEST_METHOD' => 'GET'
    'QUERY_STRING' => 'id=16'
    'REQUEST_URI' => '/tripplan-web/tripplan/frontend/web/plano-viagem/view?id=16'
    'SCRIPT_NAME' => '/tripplan-web/tripplan/frontend/web/index.php'
    'PHP_SELF' => '/tripplan-web/tripplan/frontend/web/index.php'
    'REQUEST_TIME_FLOAT' => 1767565246.4174
    'REQUEST_TIME' => 1767565246
]
2026-01-04 22:21:02 [::1][5][o5lbi15b66g6q8him0ejmjvb77][error][yii\base\UnknownPropertyException] yii\base\UnknownPropertyException: Setting unknown property: common\models\Atividade::cidade_aux in C:\wamp64\www\tripplan-web\tripplan\vendor\yiisoft\yii2\base\Component.php:221
Stack trace:
#0 C:\wamp64\www\tripplan-web\tripplan\vendor\yiisoft\yii2\db\BaseActiveRecord.php(322): yii\base\Component->__set('cidade_aux', 'Barcelona')
#1 C:\wamp64\www\tripplan-web\tripplan\frontend\views\plano-viagem\view.php(12): yii\db\BaseActiveRecord->__set('cidade_aux', 'Barcelona')
#2 C:\wamp64\www\tripplan-web\tripplan\vendor\yiisoft\yii2\base\View.php(348): require('C:\\wamp64\\www\\t...')
#3 C:\wamp64\www\tripplan-web\tripplan\vendor\yiisoft\yii2\base\View.php(258): yii\base\View->renderPhpFile('C:\\wamp64\\www\\t...', Array)
#4 C:\wamp64\www\tripplan-web\tripplan\vendor\yiisoft\yii2\base\View.php(157): yii\base\View->renderFile('C:\\wamp64\\www\\t...', Array, Object(frontend\controllers\PlanoViagemController))
#5 C:\wamp64\www\tripplan-web\tripplan\vendor\yiisoft\yii2\base\Controller.php(413): yii\base\View->render('view', Array, Object(frontend\controllers\PlanoViagemController))
#6 C:\wamp64\www\tripplan-web\tripplan\frontend\controllers\PlanoViagemController.php(92): yii\base\Controller->render('view', Array)
#7 [internal function]: frontend\controllers\PlanoViagemController->actionView('16')
#8 C:\wamp64\www\tripplan-web\tripplan\vendor\yiisoft\yii2\base\InlineAction.php(60): call_user_func_array(Array, Array)
#9 C:\wamp64\www\tripplan-web\tripplan\vendor\yiisoft\yii2\base\Controller.php(184): yii\base\InlineAction->runWithParams(Array)
#10 C:\wamp64\www\tripplan-web\tripplan\vendor\yiisoft\yii2\base\Module.php(555): yii\base\Controller->runAction('view', Array)
#11 C:\wamp64\www\tripplan-web\tripplan\vendor\yiisoft\yii2\web\Application.php(103): yii\base\Module->runAction('plano-viagem/vi...', Array)
#12 C:\wamp64\www\tripplan-web\tripplan\vendor\yiisoft\yii2\base\Application.php(387): yii\web\Application->handleRequest(Object(yii\web\Request))
#13 C:\wamp64\www\tripplan-web\tripplan\frontend\web\index.php(18): yii\base\Application->run()
#14 {main}
2026-01-04 22:21:02 [::1][5][o5lbi15b66g6q8him0ejmjvb77][info][application] $_GET = [
    'id' => '16'
]

$_POST = []

$_FILES = []

$_COOKIE = [
    'Phpstorm-103aa988' => 'bf38dfb5-04b5-4849-a933-fbc4e7b3e27f'
    '_identity-backend' => '0056de632f8441a62c024e0c9bb0151a886f02adf425d5dba02a7dc6230a64f2a:2:{i:0;s:17:\"_identity-backend\";i:1;s:46:\"[8,\"F8iSIrBPc2WeseOIPDgZsgsdkTU2Ufqt\",2592000]\";}'
    'sidebar-collapse' => 'false'
    '_identity-frontend' => '01aebbe17af5cf269d57ad8fa9d7b0a3e66d6e5403c26ad0936cf8e478f1a3dca:2:{i:0;s:18:\"_identity-frontend\";i:1;s:46:\"[5,\"XtQljr3I7zzomKmcSywhu1fSRKmNTnWE\",2592000]\";}'
    'advanced-frontend' => 'o5lbi15b66g6q8him0ejmjvb77'
    '_csrf-frontend' => '2baa5d6f1f5b5b7ed04f94dc3487fdfca6597a2edb41ad6d94fc2deac8eddf58a:2:{i:0;s:14:\"_csrf-frontend\";i:1;s:32:\"Z0LZ5kyEoGcN18SfCHCRLULHehAGRwoG\";}'
    '_csrf-backend' => '319b23a394cc7b30b6e103301d35670f7f5759f821af35b7846e96429d15d963a:2:{i:0;s:13:\"_csrf-backend\";i:1;s:32:\"A_wVpiWq6w5HO4U62J4kK4ZM-YpOk18q\";}'
    'advanced-backend' => 'ahrugmq51e4vtudc82gvib1lkn'
]

$_SESSION = [
    '__flash' => [
        'success' => -1
    ]
    '__id' => 5
    '__authKey' => 'XtQljr3I7zzomKmcSywhu1fSRKmNTnWE'
    'success' => 'Removido dos Favoritos'
]

$_SERVER = [
    'REDIRECT_STATUS' => '200'
    'HTTP_HOST' => 'localhost'
    'HTTP_CONNECTION' => 'keep-alive'
    'HTTP_SEC_CH_UA' => '\"Google Chrome\";v=\"143\", \"Chromium\";v=\"143\", \"Not A(Brand\";v=\"24\"'
    'HTTP_SEC_CH_UA_MOBILE' => '?0'
    'HTTP_SEC_CH_UA_PLATFORM' => '\"Windows\"'
    'HTTP_UPGRADE_INSECURE_REQUESTS' => '1'
    'HTTP_USER_AGENT' => 'Mozilla/5.0 (Windows NT 10.0; Win64; x64) AppleWebKit/537.36 (KHTML, like Gecko) Chrome/143.0.0.0 Safari/537.36'
    'HTTP_ACCEPT' => 'text/html,application/xhtml+xml,application/xml;q=0.9,image/avif,image/webp,image/apng,*/*;q=0.8,application/signed-exchange;v=b3;q=0.7'
    'HTTP_SEC_FETCH_SITE' => 'same-origin'
    'HTTP_SEC_FETCH_MODE' => 'navigate'
    'HTTP_SEC_FETCH_USER' => '?1'
    'HTTP_SEC_FETCH_DEST' => 'document'
    'HTTP_REFERER' => 'http://localhost/tripplan-web/tripplan/frontend/web/plano-viagem/index'
    'HTTP_ACCEPT_ENCODING' => 'gzip, deflate, br, zstd'
    'HTTP_ACCEPT_LANGUAGE' => 'pt-PT,pt;q=0.9,en-US;q=0.8,en;q=0.7'
    'HTTP_COOKIE' => 'Phpstorm-103aa988=bf38dfb5-04b5-4849-a933-fbc4e7b3e27f; _identity-backend=0056de632f8441a62c024e0c9bb0151a886f02adf425d5dba02a7dc6230a64f2a%3A2%3A%7Bi%3A0%3Bs%3A17%3A%22_identity-backend%22%3Bi%3A1%3Bs%3A46%3A%22%5B8%2C%22F8iSIrBPc2WeseOIPDgZsgsdkTU2Ufqt%22%2C2592000%5D%22%3B%7D; sidebar-collapse=false; _identity-frontend=01aebbe17af5cf269d57ad8fa9d7b0a3e66d6e5403c26ad0936cf8e478f1a3dca%3A2%3A%7Bi%3A0%3Bs%3A18%3A%22_identity-frontend%22%3Bi%3A1%3Bs%3A46%3A%22%5B5%2C%22XtQljr3I7zzomKmcSywhu1fSRKmNTnWE%22%2C2592000%5D%22%3B%7D; advanced-frontend=o5lbi15b66g6q8him0ejmjvb77; _csrf-frontend=2baa5d6f1f5b5b7ed04f94dc3487fdfca6597a2edb41ad6d94fc2deac8eddf58a%3A2%3A%7Bi%3A0%3Bs%3A14%3A%22_csrf-frontend%22%3Bi%3A1%3Bs%3A32%3A%22Z0LZ5kyEoGcN18SfCHCRLULHehAGRwoG%22%3B%7D; _csrf-backend=319b23a394cc7b30b6e103301d35670f7f5759f821af35b7846e96429d15d963a%3A2%3A%7Bi%3A0%3Bs%3A13%3A%22_csrf-backend%22%3Bi%3A1%3Bs%3A32%3A%22A_wVpiWq6w5HO4U62J4kK4ZM-YpOk18q%22%3B%7D; advanced-backend=ahrugmq51e4vtudc82gvib1lkn'
    'PATH' => 'C:\\Program Files\\Common Files\\Oracle\\Java\\javapath;C:\\Program Files (x86)\\NVIDIA Corporation\\PhysX\\Common;C:\\WINDOWS\\system32;C:\\WINDOWS;C:\\WINDOWS\\System32\\Wbem;C:\\WINDOWS\\System32\\WindowsPowerShell\\v1.0\\;C:\\WINDOWS\\System32\\OpenSSH\\;C:\\msys64\\ucrt64\\bin;C:\\Program Files\\Microsoft SQL Server\\150\\Tools\\Binn\\;C:\\Program Files\\dotnet\\;C:\\Program Files\\Microsoft SQL Server\\Client SDK\\ODBC\\170\\Tools\\Binn\\;C:\\wamp64\\bin\\php\\php8.1.31;C:\\ProgramData\\ComposerSetup\\bin;C:\\Program Files\\Git\\cmd;C:\\WINDOWS\\system32\\config\\systemprofile\\AppData\\Local\\Microsoft\\WindowsApps'
    'SystemRoot' => 'C:\\WINDOWS'
    'COMSPEC' => 'C:\\WINDOWS\\system32\\cmd.exe'
    'PATHEXT' => '.COM;.EXE;.BAT;.CMD;.VBS;.VBE;.JS;.JSE;.WSF;.WSH;.MSC'
    'WINDIR' => 'C:\\WINDOWS'
    'SERVER_SIGNATURE' => '<address>Apache/2.4.62 (Win64) PHP/8.1.31 mod_fcgid/2.3.10-dev Server at localhost Port 80</address>
'
    'SERVER_SOFTWARE' => 'Apache/2.4.62 (Win64) PHP/8.1.31 mod_fcgid/2.3.10-dev'
    'SERVER_NAME' => 'localhost'
    'SERVER_ADDR' => '::1'
    'SERVER_PORT' => '80'
    'REMOTE_ADDR' => '::1'
    'DOCUMENT_ROOT' => 'C:/wamp64/www'
    'REQUEST_SCHEME' => 'http'
    'CONTEXT_PREFIX' => ''
    'CONTEXT_DOCUMENT_ROOT' => 'C:/wamp64/www'
    'SERVER_ADMIN' => 'wampserver@wampserver.invalid'
    'SCRIPT_FILENAME' => 'C:/wamp64/www/tripplan-web/tripplan/frontend/web/index.php'
    'REMOTE_PORT' => '63353'
    'REDIRECT_URL' => '/tripplan-web/tripplan/frontend/web/plano-viagem/view'
    'REDIRECT_QUERY_STRING' => 'id=16'
    'GATEWAY_INTERFACE' => 'CGI/1.1'
    'SERVER_PROTOCOL' => 'HTTP/1.1'
    'REQUEST_METHOD' => 'GET'
    'QUERY_STRING' => 'id=16'
    'REQUEST_URI' => '/tripplan-web/tripplan/frontend/web/plano-viagem/view?id=16'
    'SCRIPT_NAME' => '/tripplan-web/tripplan/frontend/web/index.php'
    'PHP_SELF' => '/tripplan-web/tripplan/frontend/web/index.php'
    'REQUEST_TIME_FLOAT' => 1767565262.1016
    'REQUEST_TIME' => 1767565262
]
2026-01-04 22:23:10 [::1][5][o5lbi15b66g6q8him0ejmjvb77][error][yii\web\HttpException:400] yii\web\BadRequestHttpException: Missing required parameters: plano_id in C:\wamp64\www\tripplan-web\tripplan\vendor\yiisoft\yii2\web\Controller.php:173
Stack trace:
#0 C:\wamp64\www\tripplan-web\tripplan\vendor\yiisoft\yii2\base\InlineAction.php(54): yii\web\Controller->bindActionParams(Object(yii\base\InlineAction), Array)
#1 C:\wamp64\www\tripplan-web\tripplan\vendor\yiisoft\yii2\base\Controller.php(184): yii\base\InlineAction->runWithParams(Array)
#2 C:\wamp64\www\tripplan-web\tripplan\vendor\yiisoft\yii2\base\Module.php(555): yii\base\Controller->runAction('create', Array)
#3 C:\wamp64\www\tripplan-web\tripplan\vendor\yiisoft\yii2\web\Application.php(103): yii\base\Module->runAction('estadia/create', Array)
#4 C:\wamp64\www\tripplan-web\tripplan\vendor\yiisoft\yii2\base\Application.php(387): yii\web\Application->handleRequest(Object(yii\web\Request))
#5 C:\wamp64\www\tripplan-web\tripplan\frontend\web\index.php(18): yii\base\Application->run()
#6 {main}
2026-01-04 22:23:10 [::1][5][o5lbi15b66g6q8him0ejmjvb77][info][application] $_GET = []

$_POST = []

$_FILES = []

$_COOKIE = [
    'Phpstorm-103aa988' => 'bf38dfb5-04b5-4849-a933-fbc4e7b3e27f'
    '_identity-backend' => '0056de632f8441a62c024e0c9bb0151a886f02adf425d5dba02a7dc6230a64f2a:2:{i:0;s:17:\"_identity-backend\";i:1;s:46:\"[8,\"F8iSIrBPc2WeseOIPDgZsgsdkTU2Ufqt\",2592000]\";}'
    'sidebar-collapse' => 'false'
    '_identity-frontend' => '01aebbe17af5cf269d57ad8fa9d7b0a3e66d6e5403c26ad0936cf8e478f1a3dca:2:{i:0;s:18:\"_identity-frontend\";i:1;s:46:\"[5,\"XtQljr3I7zzomKmcSywhu1fSRKmNTnWE\",2592000]\";}'
    'advanced-frontend' => 'o5lbi15b66g6q8him0ejmjvb77'
    '_csrf-frontend' => '2baa5d6f1f5b5b7ed04f94dc3487fdfca6597a2edb41ad6d94fc2deac8eddf58a:2:{i:0;s:14:\"_csrf-frontend\";i:1;s:32:\"Z0LZ5kyEoGcN18SfCHCRLULHehAGRwoG\";}'
    '_csrf-backend' => '319b23a394cc7b30b6e103301d35670f7f5759f821af35b7846e96429d15d963a:2:{i:0;s:13:\"_csrf-backend\";i:1;s:32:\"A_wVpiWq6w5HO4U62J4kK4ZM-YpOk18q\";}'
    'advanced-backend' => 'ahrugmq51e4vtudc82gvib1lkn'
]

$_SESSION = [
    '__flash' => [
        'success' => -1
    ]
    '__id' => 5
    '__authKey' => 'XtQljr3I7zzomKmcSywhu1fSRKmNTnWE'
    'success' => 'Removido dos Favoritos'
]

$_SERVER = [
    'REDIRECT_STATUS' => '200'
    'HTTP_HOST' => 'localhost'
    'HTTP_CONNECTION' => 'keep-alive'
    'HTTP_SEC_CH_UA' => '\"Google Chrome\";v=\"143\", \"Chromium\";v=\"143\", \"Not A(Brand\";v=\"24\"'
    'HTTP_SEC_CH_UA_MOBILE' => '?0'
    'HTTP_SEC_CH_UA_PLATFORM' => '\"Windows\"'
    'HTTP_UPGRADE_INSECURE_REQUESTS' => '1'
    'HTTP_USER_AGENT' => 'Mozilla/5.0 (Windows NT 10.0; Win64; x64) AppleWebKit/537.36 (KHTML, like Gecko) Chrome/143.0.0.0 Safari/537.36'
    'HTTP_ACCEPT' => 'text/html,application/xhtml+xml,application/xml;q=0.9,image/avif,image/webp,image/apng,*/*;q=0.8,application/signed-exchange;v=b3;q=0.7'
    'HTTP_SEC_FETCH_SITE' => 'same-origin'
    'HTTP_SEC_FETCH_MODE' => 'navigate'
    'HTTP_SEC_FETCH_USER' => '?1'
    'HTTP_SEC_FETCH_DEST' => 'document'
    'HTTP_REFERER' => 'http://localhost/tripplan-web/tripplan/frontend/web/estadia/index'
    'HTTP_ACCEPT_ENCODING' => 'gzip, deflate, br, zstd'
    'HTTP_ACCEPT_LANGUAGE' => 'pt-PT,pt;q=0.9,en-US;q=0.8,en;q=0.7'
    'HTTP_COOKIE' => 'Phpstorm-103aa988=bf38dfb5-04b5-4849-a933-fbc4e7b3e27f; _identity-backend=0056de632f8441a62c024e0c9bb0151a886f02adf425d5dba02a7dc6230a64f2a%3A2%3A%7Bi%3A0%3Bs%3A17%3A%22_identity-backend%22%3Bi%3A1%3Bs%3A46%3A%22%5B8%2C%22F8iSIrBPc2WeseOIPDgZsgsdkTU2Ufqt%22%2C2592000%5D%22%3B%7D; sidebar-collapse=false; _identity-frontend=01aebbe17af5cf269d57ad8fa9d7b0a3e66d6e5403c26ad0936cf8e478f1a3dca%3A2%3A%7Bi%3A0%3Bs%3A18%3A%22_identity-frontend%22%3Bi%3A1%3Bs%3A46%3A%22%5B5%2C%22XtQljr3I7zzomKmcSywhu1fSRKmNTnWE%22%2C2592000%5D%22%3B%7D; advanced-frontend=o5lbi15b66g6q8him0ejmjvb77; _csrf-frontend=2baa5d6f1f5b5b7ed04f94dc3487fdfca6597a2edb41ad6d94fc2deac8eddf58a%3A2%3A%7Bi%3A0%3Bs%3A14%3A%22_csrf-frontend%22%3Bi%3A1%3Bs%3A32%3A%22Z0LZ5kyEoGcN18SfCHCRLULHehAGRwoG%22%3B%7D; _csrf-backend=319b23a394cc7b30b6e103301d35670f7f5759f821af35b7846e96429d15d963a%3A2%3A%7Bi%3A0%3Bs%3A13%3A%22_csrf-backend%22%3Bi%3A1%3Bs%3A32%3A%22A_wVpiWq6w5HO4U62J4kK4ZM-YpOk18q%22%3B%7D; advanced-backend=ahrugmq51e4vtudc82gvib1lkn'
    'PATH' => 'C:\\Program Files\\Common Files\\Oracle\\Java\\javapath;C:\\Program Files (x86)\\NVIDIA Corporation\\PhysX\\Common;C:\\WINDOWS\\system32;C:\\WINDOWS;C:\\WINDOWS\\System32\\Wbem;C:\\WINDOWS\\System32\\WindowsPowerShell\\v1.0\\;C:\\WINDOWS\\System32\\OpenSSH\\;C:\\msys64\\ucrt64\\bin;C:\\Program Files\\Microsoft SQL Server\\150\\Tools\\Binn\\;C:\\Program Files\\dotnet\\;C:\\Program Files\\Microsoft SQL Server\\Client SDK\\ODBC\\170\\Tools\\Binn\\;C:\\wamp64\\bin\\php\\php8.1.31;C:\\ProgramData\\ComposerSetup\\bin;C:\\Program Files\\Git\\cmd;C:\\WINDOWS\\system32\\config\\systemprofile\\AppData\\Local\\Microsoft\\WindowsApps'
    'SystemRoot' => 'C:\\WINDOWS'
    'COMSPEC' => 'C:\\WINDOWS\\system32\\cmd.exe'
    'PATHEXT' => '.COM;.EXE;.BAT;.CMD;.VBS;.VBE;.JS;.JSE;.WSF;.WSH;.MSC'
    'WINDIR' => 'C:\\WINDOWS'
    'SERVER_SIGNATURE' => '<address>Apache/2.4.62 (Win64) PHP/8.1.31 mod_fcgid/2.3.10-dev Server at localhost Port 80</address>
'
    'SERVER_SOFTWARE' => 'Apache/2.4.62 (Win64) PHP/8.1.31 mod_fcgid/2.3.10-dev'
    'SERVER_NAME' => 'localhost'
    'SERVER_ADDR' => '::1'
    'SERVER_PORT' => '80'
    'REMOTE_ADDR' => '::1'
    'DOCUMENT_ROOT' => 'C:/wamp64/www'
    'REQUEST_SCHEME' => 'http'
    'CONTEXT_PREFIX' => ''
    'CONTEXT_DOCUMENT_ROOT' => 'C:/wamp64/www'
    'SERVER_ADMIN' => 'wampserver@wampserver.invalid'
    'SCRIPT_FILENAME' => 'C:/wamp64/www/tripplan-web/tripplan/frontend/web/index.php'
    'REMOTE_PORT' => '63416'
    'REDIRECT_URL' => '/tripplan-web/tripplan/frontend/web/estadia/create'
    'GATEWAY_INTERFACE' => 'CGI/1.1'
    'SERVER_PROTOCOL' => 'HTTP/1.1'
    'REQUEST_METHOD' => 'GET'
    'QUERY_STRING' => ''
    'REQUEST_URI' => '/tripplan-web/tripplan/frontend/web/estadia/create'
    'SCRIPT_NAME' => '/tripplan-web/tripplan/frontend/web/index.php'
    'PHP_SELF' => '/tripplan-web/tripplan/frontend/web/index.php'
    'REQUEST_TIME_FLOAT' => 1767565390.3663
    'REQUEST_TIME' => 1767565390
]
2026-01-04 22:24:41 [::1][5][o5lbi15b66g6q8him0ejmjvb77][error][yii\web\HttpException:400] yii\web\BadRequestHttpException: Missing required parameters: plano_id in C:\wamp64\www\tripplan-web\tripplan\vendor\yiisoft\yii2\web\Controller.php:173
Stack trace:
#0 C:\wamp64\www\tripplan-web\tripplan\vendor\yiisoft\yii2\base\InlineAction.php(54): yii\web\Controller->bindActionParams(Object(yii\base\InlineAction), Array)
#1 C:\wamp64\www\tripplan-web\tripplan\vendor\yiisoft\yii2\base\Controller.php(184): yii\base\InlineAction->runWithParams(Array)
#2 C:\wamp64\www\tripplan-web\tripplan\vendor\yiisoft\yii2\base\Module.php(555): yii\base\Controller->runAction('create', Array)
#3 C:\wamp64\www\tripplan-web\tripplan\vendor\yiisoft\yii2\web\Application.php(103): yii\base\Module->runAction('estadia/create', Array)
#4 C:\wamp64\www\tripplan-web\tripplan\vendor\yiisoft\yii2\base\Application.php(387): yii\web\Application->handleRequest(Object(yii\web\Request))
#5 C:\wamp64\www\tripplan-web\tripplan\frontend\web\index.php(18): yii\base\Application->run()
#6 {main}
2026-01-04 22:24:41 [::1][5][o5lbi15b66g6q8him0ejmjvb77][info][application] $_GET = []

$_POST = []

$_FILES = []

$_COOKIE = [
    'Phpstorm-103aa988' => 'bf38dfb5-04b5-4849-a933-fbc4e7b3e27f'
    '_identity-backend' => '0056de632f8441a62c024e0c9bb0151a886f02adf425d5dba02a7dc6230a64f2a:2:{i:0;s:17:\"_identity-backend\";i:1;s:46:\"[8,\"F8iSIrBPc2WeseOIPDgZsgsdkTU2Ufqt\",2592000]\";}'
    'sidebar-collapse' => 'false'
    '_identity-frontend' => '01aebbe17af5cf269d57ad8fa9d7b0a3e66d6e5403c26ad0936cf8e478f1a3dca:2:{i:0;s:18:\"_identity-frontend\";i:1;s:46:\"[5,\"XtQljr3I7zzomKmcSywhu1fSRKmNTnWE\",2592000]\";}'
    'advanced-frontend' => 'o5lbi15b66g6q8him0ejmjvb77'
    '_csrf-frontend' => '2baa5d6f1f5b5b7ed04f94dc3487fdfca6597a2edb41ad6d94fc2deac8eddf58a:2:{i:0;s:14:\"_csrf-frontend\";i:1;s:32:\"Z0LZ5kyEoGcN18SfCHCRLULHehAGRwoG\";}'
    '_csrf-backend' => '319b23a394cc7b30b6e103301d35670f7f5759f821af35b7846e96429d15d963a:2:{i:0;s:13:\"_csrf-backend\";i:1;s:32:\"A_wVpiWq6w5HO4U62J4kK4ZM-YpOk18q\";}'
    'advanced-backend' => 'ahrugmq51e4vtudc82gvib1lkn'
]

$_SESSION = [
    '__flash' => [
        'success' => -1
    ]
    '__id' => 5
    '__authKey' => 'XtQljr3I7zzomKmcSywhu1fSRKmNTnWE'
    'success' => 'Removido dos Favoritos'
]

$_SERVER = [
    'REDIRECT_STATUS' => '200'
    'HTTP_HOST' => 'localhost'
    'HTTP_CONNECTION' => 'keep-alive'
    'HTTP_CACHE_CONTROL' => 'max-age=0'
    'HTTP_SEC_CH_UA' => '\"Google Chrome\";v=\"143\", \"Chromium\";v=\"143\", \"Not A(Brand\";v=\"24\"'
    'HTTP_SEC_CH_UA_MOBILE' => '?0'
    'HTTP_SEC_CH_UA_PLATFORM' => '\"Windows\"'
    'HTTP_UPGRADE_INSECURE_REQUESTS' => '1'
    'HTTP_USER_AGENT' => 'Mozilla/5.0 (Windows NT 10.0; Win64; x64) AppleWebKit/537.36 (KHTML, like Gecko) Chrome/143.0.0.0 Safari/537.36'
    'HTTP_ACCEPT' => 'text/html,application/xhtml+xml,application/xml;q=0.9,image/avif,image/webp,image/apng,*/*;q=0.8,application/signed-exchange;v=b3;q=0.7'
    'HTTP_SEC_FETCH_SITE' => 'same-origin'
    'HTTP_SEC_FETCH_MODE' => 'navigate'
    'HTTP_SEC_FETCH_USER' => '?1'
    'HTTP_SEC_FETCH_DEST' => 'document'
    'HTTP_REFERER' => 'http://localhost/tripplan-web/tripplan/frontend/web/estadia/index'
    'HTTP_ACCEPT_ENCODING' => 'gzip, deflate, br, zstd'
    'HTTP_ACCEPT_LANGUAGE' => 'pt-PT,pt;q=0.9,en-US;q=0.8,en;q=0.7'
    'HTTP_COOKIE' => 'Phpstorm-103aa988=bf38dfb5-04b5-4849-a933-fbc4e7b3e27f; _identity-backend=0056de632f8441a62c024e0c9bb0151a886f02adf425d5dba02a7dc6230a64f2a%3A2%3A%7Bi%3A0%3Bs%3A17%3A%22_identity-backend%22%3Bi%3A1%3Bs%3A46%3A%22%5B8%2C%22F8iSIrBPc2WeseOIPDgZsgsdkTU2Ufqt%22%2C2592000%5D%22%3B%7D; sidebar-collapse=false; _identity-frontend=01aebbe17af5cf269d57ad8fa9d7b0a3e66d6e5403c26ad0936cf8e478f1a3dca%3A2%3A%7Bi%3A0%3Bs%3A18%3A%22_identity-frontend%22%3Bi%3A1%3Bs%3A46%3A%22%5B5%2C%22XtQljr3I7zzomKmcSywhu1fSRKmNTnWE%22%2C2592000%5D%22%3B%7D; advanced-frontend=o5lbi15b66g6q8him0ejmjvb77; _csrf-frontend=2baa5d6f1f5b5b7ed04f94dc3487fdfca6597a2edb41ad6d94fc2deac8eddf58a%3A2%3A%7Bi%3A0%3Bs%3A14%3A%22_csrf-frontend%22%3Bi%3A1%3Bs%3A32%3A%22Z0LZ5kyEoGcN18SfCHCRLULHehAGRwoG%22%3B%7D; _csrf-backend=319b23a394cc7b30b6e103301d35670f7f5759f821af35b7846e96429d15d963a%3A2%3A%7Bi%3A0%3Bs%3A13%3A%22_csrf-backend%22%3Bi%3A1%3Bs%3A32%3A%22A_wVpiWq6w5HO4U62J4kK4ZM-YpOk18q%22%3B%7D; advanced-backend=ahrugmq51e4vtudc82gvib1lkn'
    'PATH' => 'C:\\Program Files\\Common Files\\Oracle\\Java\\javapath;C:\\Program Files (x86)\\NVIDIA Corporation\\PhysX\\Common;C:\\WINDOWS\\system32;C:\\WINDOWS;C:\\WINDOWS\\System32\\Wbem;C:\\WINDOWS\\System32\\WindowsPowerShell\\v1.0\\;C:\\WINDOWS\\System32\\OpenSSH\\;C:\\msys64\\ucrt64\\bin;C:\\Program Files\\Microsoft SQL Server\\150\\Tools\\Binn\\;C:\\Program Files\\dotnet\\;C:\\Program Files\\Microsoft SQL Server\\Client SDK\\ODBC\\170\\Tools\\Binn\\;C:\\wamp64\\bin\\php\\php8.1.31;C:\\ProgramData\\ComposerSetup\\bin;C:\\Program Files\\Git\\cmd;C:\\WINDOWS\\system32\\config\\systemprofile\\AppData\\Local\\Microsoft\\WindowsApps'
    'SystemRoot' => 'C:\\WINDOWS'
    'COMSPEC' => 'C:\\WINDOWS\\system32\\cmd.exe'
    'PATHEXT' => '.COM;.EXE;.BAT;.CMD;.VBS;.VBE;.JS;.JSE;.WSF;.WSH;.MSC'
    'WINDIR' => 'C:\\WINDOWS'
    'SERVER_SIGNATURE' => '<address>Apache/2.4.62 (Win64) PHP/8.1.31 mod_fcgid/2.3.10-dev Server at localhost Port 80</address>
'
    'SERVER_SOFTWARE' => 'Apache/2.4.62 (Win64) PHP/8.1.31 mod_fcgid/2.3.10-dev'
    'SERVER_NAME' => 'localhost'
    'SERVER_ADDR' => '::1'
    'SERVER_PORT' => '80'
    'REMOTE_ADDR' => '::1'
    'DOCUMENT_ROOT' => 'C:/wamp64/www'
    'REQUEST_SCHEME' => 'http'
    'CONTEXT_PREFIX' => ''
    'CONTEXT_DOCUMENT_ROOT' => 'C:/wamp64/www'
    'SERVER_ADMIN' => 'wampserver@wampserver.invalid'
    'SCRIPT_FILENAME' => 'C:/wamp64/www/tripplan-web/tripplan/frontend/web/index.php'
    'REMOTE_PORT' => '63465'
    'REDIRECT_URL' => '/tripplan-web/tripplan/frontend/web/estadia/create'
    'GATEWAY_INTERFACE' => 'CGI/1.1'
    'SERVER_PROTOCOL' => 'HTTP/1.1'
    'REQUEST_METHOD' => 'GET'
    'QUERY_STRING' => ''
    'REQUEST_URI' => '/tripplan-web/tripplan/frontend/web/estadia/create'
    'SCRIPT_NAME' => '/tripplan-web/tripplan/frontend/web/index.php'
    'PHP_SELF' => '/tripplan-web/tripplan/frontend/web/index.php'
    'REQUEST_TIME_FLOAT' => 1767565481.5031
    'REQUEST_TIME' => 1767565481
]
2026-01-04 22:24:42 [::1][5][o5lbi15b66g6q8him0ejmjvb77][error][yii\web\HttpException:400] yii\web\BadRequestHttpException: Missing required parameters: plano_id in C:\wamp64\www\tripplan-web\tripplan\vendor\yiisoft\yii2\web\Controller.php:173
Stack trace:
#0 C:\wamp64\www\tripplan-web\tripplan\vendor\yiisoft\yii2\base\InlineAction.php(54): yii\web\Controller->bindActionParams(Object(yii\base\InlineAction), Array)
#1 C:\wamp64\www\tripplan-web\tripplan\vendor\yiisoft\yii2\base\Controller.php(184): yii\base\InlineAction->runWithParams(Array)
#2 C:\wamp64\www\tripplan-web\tripplan\vendor\yiisoft\yii2\base\Module.php(555): yii\base\Controller->runAction('create', Array)
#3 C:\wamp64\www\tripplan-web\tripplan\vendor\yiisoft\yii2\web\Application.php(103): yii\base\Module->runAction('estadia/create', Array)
#4 C:\wamp64\www\tripplan-web\tripplan\vendor\yiisoft\yii2\base\Application.php(387): yii\web\Application->handleRequest(Object(yii\web\Request))
#5 C:\wamp64\www\tripplan-web\tripplan\frontend\web\index.php(18): yii\base\Application->run()
#6 {main}
2026-01-04 22:24:42 [::1][5][o5lbi15b66g6q8him0ejmjvb77][info][application] $_GET = []

$_POST = []

$_FILES = []

$_COOKIE = [
    'Phpstorm-103aa988' => 'bf38dfb5-04b5-4849-a933-fbc4e7b3e27f'
    '_identity-backend' => '0056de632f8441a62c024e0c9bb0151a886f02adf425d5dba02a7dc6230a64f2a:2:{i:0;s:17:\"_identity-backend\";i:1;s:46:\"[8,\"F8iSIrBPc2WeseOIPDgZsgsdkTU2Ufqt\",2592000]\";}'
    'sidebar-collapse' => 'false'
    '_identity-frontend' => '01aebbe17af5cf269d57ad8fa9d7b0a3e66d6e5403c26ad0936cf8e478f1a3dca:2:{i:0;s:18:\"_identity-frontend\";i:1;s:46:\"[5,\"XtQljr3I7zzomKmcSywhu1fSRKmNTnWE\",2592000]\";}'
    'advanced-frontend' => 'o5lbi15b66g6q8him0ejmjvb77'
    '_csrf-frontend' => '2baa5d6f1f5b5b7ed04f94dc3487fdfca6597a2edb41ad6d94fc2deac8eddf58a:2:{i:0;s:14:\"_csrf-frontend\";i:1;s:32:\"Z0LZ5kyEoGcN18SfCHCRLULHehAGRwoG\";}'
    '_csrf-backend' => '319b23a394cc7b30b6e103301d35670f7f5759f821af35b7846e96429d15d963a:2:{i:0;s:13:\"_csrf-backend\";i:1;s:32:\"A_wVpiWq6w5HO4U62J4kK4ZM-YpOk18q\";}'
    'advanced-backend' => 'ahrugmq51e4vtudc82gvib1lkn'
]

$_SESSION = [
    '__flash' => [
        'success' => -1
    ]
    '__id' => 5
    '__authKey' => 'XtQljr3I7zzomKmcSywhu1fSRKmNTnWE'
    'success' => 'Removido dos Favoritos'
]

$_SERVER = [
    'REDIRECT_STATUS' => '200'
    'HTTP_HOST' => 'localhost'
    'HTTP_CONNECTION' => 'keep-alive'
    'HTTP_CACHE_CONTROL' => 'max-age=0'
    'HTTP_SEC_CH_UA' => '\"Google Chrome\";v=\"143\", \"Chromium\";v=\"143\", \"Not A(Brand\";v=\"24\"'
    'HTTP_SEC_CH_UA_MOBILE' => '?0'
    'HTTP_SEC_CH_UA_PLATFORM' => '\"Windows\"'
    'HTTP_UPGRADE_INSECURE_REQUESTS' => '1'
    'HTTP_USER_AGENT' => 'Mozilla/5.0 (Windows NT 10.0; Win64; x64) AppleWebKit/537.36 (KHTML, like Gecko) Chrome/143.0.0.0 Safari/537.36'
    'HTTP_ACCEPT' => 'text/html,application/xhtml+xml,application/xml;q=0.9,image/avif,image/webp,image/apng,*/*;q=0.8,application/signed-exchange;v=b3;q=0.7'
    'HTTP_SEC_FETCH_SITE' => 'same-origin'
    'HTTP_SEC_FETCH_MODE' => 'navigate'
    'HTTP_SEC_FETCH_USER' => '?1'
    'HTTP_SEC_FETCH_DEST' => 'document'
    'HTTP_REFERER' => 'http://localhost/tripplan-web/tripplan/frontend/web/estadia/index'
    'HTTP_ACCEPT_ENCODING' => 'gzip, deflate, br, zstd'
    'HTTP_ACCEPT_LANGUAGE' => 'pt-PT,pt;q=0.9,en-US;q=0.8,en;q=0.7'
    'HTTP_COOKIE' => 'Phpstorm-103aa988=bf38dfb5-04b5-4849-a933-fbc4e7b3e27f; _identity-backend=0056de632f8441a62c024e0c9bb0151a886f02adf425d5dba02a7dc6230a64f2a%3A2%3A%7Bi%3A0%3Bs%3A17%3A%22_identity-backend%22%3Bi%3A1%3Bs%3A46%3A%22%5B8%2C%22F8iSIrBPc2WeseOIPDgZsgsdkTU2Ufqt%22%2C2592000%5D%22%3B%7D; sidebar-collapse=false; _identity-frontend=01aebbe17af5cf269d57ad8fa9d7b0a3e66d6e5403c26ad0936cf8e478f1a3dca%3A2%3A%7Bi%3A0%3Bs%3A18%3A%22_identity-frontend%22%3Bi%3A1%3Bs%3A46%3A%22%5B5%2C%22XtQljr3I7zzomKmcSywhu1fSRKmNTnWE%22%2C2592000%5D%22%3B%7D; advanced-frontend=o5lbi15b66g6q8him0ejmjvb77; _csrf-frontend=2baa5d6f1f5b5b7ed04f94dc3487fdfca6597a2edb41ad6d94fc2deac8eddf58a%3A2%3A%7Bi%3A0%3Bs%3A14%3A%22_csrf-frontend%22%3Bi%3A1%3Bs%3A32%3A%22Z0LZ5kyEoGcN18SfCHCRLULHehAGRwoG%22%3B%7D; _csrf-backend=319b23a394cc7b30b6e103301d35670f7f5759f821af35b7846e96429d15d963a%3A2%3A%7Bi%3A0%3Bs%3A13%3A%22_csrf-backend%22%3Bi%3A1%3Bs%3A32%3A%22A_wVpiWq6w5HO4U62J4kK4ZM-YpOk18q%22%3B%7D; advanced-backend=ahrugmq51e4vtudc82gvib1lkn'
    'PATH' => 'C:\\Program Files\\Common Files\\Oracle\\Java\\javapath;C:\\Program Files (x86)\\NVIDIA Corporation\\PhysX\\Common;C:\\WINDOWS\\system32;C:\\WINDOWS;C:\\WINDOWS\\System32\\Wbem;C:\\WINDOWS\\System32\\WindowsPowerShell\\v1.0\\;C:\\WINDOWS\\System32\\OpenSSH\\;C:\\msys64\\ucrt64\\bin;C:\\Program Files\\Microsoft SQL Server\\150\\Tools\\Binn\\;C:\\Program Files\\dotnet\\;C:\\Program Files\\Microsoft SQL Server\\Client SDK\\ODBC\\170\\Tools\\Binn\\;C:\\wamp64\\bin\\php\\php8.1.31;C:\\ProgramData\\ComposerSetup\\bin;C:\\Program Files\\Git\\cmd;C:\\WINDOWS\\system32\\config\\systemprofile\\AppData\\Local\\Microsoft\\WindowsApps'
    'SystemRoot' => 'C:\\WINDOWS'
    'COMSPEC' => 'C:\\WINDOWS\\system32\\cmd.exe'
    'PATHEXT' => '.COM;.EXE;.BAT;.CMD;.VBS;.VBE;.JS;.JSE;.WSF;.WSH;.MSC'
    'WINDIR' => 'C:\\WINDOWS'
    'SERVER_SIGNATURE' => '<address>Apache/2.4.62 (Win64) PHP/8.1.31 mod_fcgid/2.3.10-dev Server at localhost Port 80</address>
'
    'SERVER_SOFTWARE' => 'Apache/2.4.62 (Win64) PHP/8.1.31 mod_fcgid/2.3.10-dev'
    'SERVER_NAME' => 'localhost'
    'SERVER_ADDR' => '::1'
    'SERVER_PORT' => '80'
    'REMOTE_ADDR' => '::1'
    'DOCUMENT_ROOT' => 'C:/wamp64/www'
    'REQUEST_SCHEME' => 'http'
    'CONTEXT_PREFIX' => ''
    'CONTEXT_DOCUMENT_ROOT' => 'C:/wamp64/www'
    'SERVER_ADMIN' => 'wampserver@wampserver.invalid'
    'SCRIPT_FILENAME' => 'C:/wamp64/www/tripplan-web/tripplan/frontend/web/index.php'
    'REMOTE_PORT' => '63469'
    'REDIRECT_URL' => '/tripplan-web/tripplan/frontend/web/estadia/create'
    'GATEWAY_INTERFACE' => 'CGI/1.1'
    'SERVER_PROTOCOL' => 'HTTP/1.1'
    'REQUEST_METHOD' => 'GET'
    'QUERY_STRING' => ''
    'REQUEST_URI' => '/tripplan-web/tripplan/frontend/web/estadia/create'
    'SCRIPT_NAME' => '/tripplan-web/tripplan/frontend/web/index.php'
    'PHP_SELF' => '/tripplan-web/tripplan/frontend/web/index.php'
    'REQUEST_TIME_FLOAT' => 1767565482.9226
    'REQUEST_TIME' => 1767565482
]
2026-01-04 22:43:01 [::1][5][o5lbi15b66g6q8him0ejmjvb77][error][yii\web\HttpException:400] yii\web\BadRequestHttpException: Missing required parameters: plano_id in C:\wamp64\www\tripplan-web\tripplan\vendor\yiisoft\yii2\web\Controller.php:173
Stack trace:
#0 C:\wamp64\www\tripplan-web\tripplan\vendor\yiisoft\yii2\base\InlineAction.php(54): yii\web\Controller->bindActionParams(Object(yii\base\InlineAction), Array)
#1 C:\wamp64\www\tripplan-web\tripplan\vendor\yiisoft\yii2\base\Controller.php(184): yii\base\InlineAction->runWithParams(Array)
#2 C:\wamp64\www\tripplan-web\tripplan\vendor\yiisoft\yii2\base\Module.php(555): yii\base\Controller->runAction('create', Array)
#3 C:\wamp64\www\tripplan-web\tripplan\vendor\yiisoft\yii2\web\Application.php(103): yii\base\Module->runAction('estadia/create', Array)
#4 C:\wamp64\www\tripplan-web\tripplan\vendor\yiisoft\yii2\base\Application.php(387): yii\web\Application->handleRequest(Object(yii\web\Request))
#5 C:\wamp64\www\tripplan-web\tripplan\frontend\web\index.php(18): yii\base\Application->run()
#6 {main}
2026-01-04 22:43:01 [::1][5][o5lbi15b66g6q8him0ejmjvb77][info][application] $_GET = []

$_POST = []

$_FILES = []

$_COOKIE = [
    'Phpstorm-103aa988' => 'bf38dfb5-04b5-4849-a933-fbc4e7b3e27f'
    '_identity-backend' => '0056de632f8441a62c024e0c9bb0151a886f02adf425d5dba02a7dc6230a64f2a:2:{i:0;s:17:\"_identity-backend\";i:1;s:46:\"[8,\"F8iSIrBPc2WeseOIPDgZsgsdkTU2Ufqt\",2592000]\";}'
    'sidebar-collapse' => 'false'
    '_identity-frontend' => '01aebbe17af5cf269d57ad8fa9d7b0a3e66d6e5403c26ad0936cf8e478f1a3dca:2:{i:0;s:18:\"_identity-frontend\";i:1;s:46:\"[5,\"XtQljr3I7zzomKmcSywhu1fSRKmNTnWE\",2592000]\";}'
    'advanced-frontend' => 'o5lbi15b66g6q8him0ejmjvb77'
    '_csrf-frontend' => '2baa5d6f1f5b5b7ed04f94dc3487fdfca6597a2edb41ad6d94fc2deac8eddf58a:2:{i:0;s:14:\"_csrf-frontend\";i:1;s:32:\"Z0LZ5kyEoGcN18SfCHCRLULHehAGRwoG\";}'
    '_csrf-backend' => '319b23a394cc7b30b6e103301d35670f7f5759f821af35b7846e96429d15d963a:2:{i:0;s:13:\"_csrf-backend\";i:1;s:32:\"A_wVpiWq6w5HO4U62J4kK4ZM-YpOk18q\";}'
    'advanced-backend' => 'ahrugmq51e4vtudc82gvib1lkn'
]

$_SESSION = [
    '__flash' => [
        'success' => -1
    ]
    '__id' => 5
    '__authKey' => 'XtQljr3I7zzomKmcSywhu1fSRKmNTnWE'
    'success' => 'Removido dos Favoritos'
]

$_SERVER = [
    'REDIRECT_STATUS' => '200'
    'HTTP_HOST' => 'localhost'
    'HTTP_CONNECTION' => 'keep-alive'
    'HTTP_CACHE_CONTROL' => 'max-age=0'
    'HTTP_SEC_CH_UA' => '\"Google Chrome\";v=\"143\", \"Chromium\";v=\"143\", \"Not A(Brand\";v=\"24\"'
    'HTTP_SEC_CH_UA_MOBILE' => '?0'
    'HTTP_SEC_CH_UA_PLATFORM' => '\"Windows\"'
    'HTTP_UPGRADE_INSECURE_REQUESTS' => '1'
    'HTTP_USER_AGENT' => 'Mozilla/5.0 (Windows NT 10.0; Win64; x64) AppleWebKit/537.36 (KHTML, like Gecko) Chrome/143.0.0.0 Safari/537.36'
    'HTTP_ACCEPT' => 'text/html,application/xhtml+xml,application/xml;q=0.9,image/avif,image/webp,image/apng,*/*;q=0.8,application/signed-exchange;v=b3;q=0.7'
    'HTTP_SEC_FETCH_SITE' => 'same-origin'
    'HTTP_SEC_FETCH_MODE' => 'navigate'
    'HTTP_SEC_FETCH_USER' => '?1'
    'HTTP_SEC_FETCH_DEST' => 'document'
    'HTTP_REFERER' => 'http://localhost/tripplan-web/tripplan/frontend/web/estadia/index'
    'HTTP_ACCEPT_ENCODING' => 'gzip, deflate, br, zstd'
    'HTTP_ACCEPT_LANGUAGE' => 'pt-PT,pt;q=0.9,en-US;q=0.8,en;q=0.7'
    'HTTP_COOKIE' => 'Phpstorm-103aa988=bf38dfb5-04b5-4849-a933-fbc4e7b3e27f; _identity-backend=0056de632f8441a62c024e0c9bb0151a886f02adf425d5dba02a7dc6230a64f2a%3A2%3A%7Bi%3A0%3Bs%3A17%3A%22_identity-backend%22%3Bi%3A1%3Bs%3A46%3A%22%5B8%2C%22F8iSIrBPc2WeseOIPDgZsgsdkTU2Ufqt%22%2C2592000%5D%22%3B%7D; sidebar-collapse=false; _identity-frontend=01aebbe17af5cf269d57ad8fa9d7b0a3e66d6e5403c26ad0936cf8e478f1a3dca%3A2%3A%7Bi%3A0%3Bs%3A18%3A%22_identity-frontend%22%3Bi%3A1%3Bs%3A46%3A%22%5B5%2C%22XtQljr3I7zzomKmcSywhu1fSRKmNTnWE%22%2C2592000%5D%22%3B%7D; advanced-frontend=o5lbi15b66g6q8him0ejmjvb77; _csrf-frontend=2baa5d6f1f5b5b7ed04f94dc3487fdfca6597a2edb41ad6d94fc2deac8eddf58a%3A2%3A%7Bi%3A0%3Bs%3A14%3A%22_csrf-frontend%22%3Bi%3A1%3Bs%3A32%3A%22Z0LZ5kyEoGcN18SfCHCRLULHehAGRwoG%22%3B%7D; _csrf-backend=319b23a394cc7b30b6e103301d35670f7f5759f821af35b7846e96429d15d963a%3A2%3A%7Bi%3A0%3Bs%3A13%3A%22_csrf-backend%22%3Bi%3A1%3Bs%3A32%3A%22A_wVpiWq6w5HO4U62J4kK4ZM-YpOk18q%22%3B%7D; advanced-backend=ahrugmq51e4vtudc82gvib1lkn'
    'PATH' => 'C:\\Program Files\\Common Files\\Oracle\\Java\\javapath;C:\\Program Files (x86)\\NVIDIA Corporation\\PhysX\\Common;C:\\WINDOWS\\system32;C:\\WINDOWS;C:\\WINDOWS\\System32\\Wbem;C:\\WINDOWS\\System32\\WindowsPowerShell\\v1.0\\;C:\\WINDOWS\\System32\\OpenSSH\\;C:\\msys64\\ucrt64\\bin;C:\\Program Files\\Microsoft SQL Server\\150\\Tools\\Binn\\;C:\\Program Files\\dotnet\\;C:\\Program Files\\Microsoft SQL Server\\Client SDK\\ODBC\\170\\Tools\\Binn\\;C:\\wamp64\\bin\\php\\php8.1.31;C:\\ProgramData\\ComposerSetup\\bin;C:\\Program Files\\Git\\cmd;C:\\WINDOWS\\system32\\config\\systemprofile\\AppData\\Local\\Microsoft\\WindowsApps'
    'SystemRoot' => 'C:\\WINDOWS'
    'COMSPEC' => 'C:\\WINDOWS\\system32\\cmd.exe'
    'PATHEXT' => '.COM;.EXE;.BAT;.CMD;.VBS;.VBE;.JS;.JSE;.WSF;.WSH;.MSC'
    'WINDIR' => 'C:\\WINDOWS'
    'SERVER_SIGNATURE' => '<address>Apache/2.4.62 (Win64) PHP/8.1.31 mod_fcgid/2.3.10-dev Server at localhost Port 80</address>
'
    'SERVER_SOFTWARE' => 'Apache/2.4.62 (Win64) PHP/8.1.31 mod_fcgid/2.3.10-dev'
    'SERVER_NAME' => 'localhost'
    'SERVER_ADDR' => '::1'
    'SERVER_PORT' => '80'
    'REMOTE_ADDR' => '::1'
    'DOCUMENT_ROOT' => 'C:/wamp64/www'
    'REQUEST_SCHEME' => 'http'
    'CONTEXT_PREFIX' => ''
    'CONTEXT_DOCUMENT_ROOT' => 'C:/wamp64/www'
    'SERVER_ADMIN' => 'wampserver@wampserver.invalid'
    'SCRIPT_FILENAME' => 'C:/wamp64/www/tripplan-web/tripplan/frontend/web/index.php'
    'REMOTE_PORT' => '63665'
    'REDIRECT_URL' => '/tripplan-web/tripplan/frontend/web/estadia/create'
    'GATEWAY_INTERFACE' => 'CGI/1.1'
    'SERVER_PROTOCOL' => 'HTTP/1.1'
    'REQUEST_METHOD' => 'GET'
    'QUERY_STRING' => ''
    'REQUEST_URI' => '/tripplan-web/tripplan/frontend/web/estadia/create'
    'SCRIPT_NAME' => '/tripplan-web/tripplan/frontend/web/index.php'
    'PHP_SELF' => '/tripplan-web/tripplan/frontend/web/index.php'
    'REQUEST_TIME_FLOAT' => 1767566581.5592
    'REQUEST_TIME' => 1767566581
]
2026-01-04 22:43:02 [::1][5][o5lbi15b66g6q8him0ejmjvb77][error][yii\web\HttpException:400] yii\web\BadRequestHttpException: Missing required parameters: plano_id in C:\wamp64\www\tripplan-web\tripplan\vendor\yiisoft\yii2\web\Controller.php:173
Stack trace:
#0 C:\wamp64\www\tripplan-web\tripplan\vendor\yiisoft\yii2\base\InlineAction.php(54): yii\web\Controller->bindActionParams(Object(yii\base\InlineAction), Array)
#1 C:\wamp64\www\tripplan-web\tripplan\vendor\yiisoft\yii2\base\Controller.php(184): yii\base\InlineAction->runWithParams(Array)
#2 C:\wamp64\www\tripplan-web\tripplan\vendor\yiisoft\yii2\base\Module.php(555): yii\base\Controller->runAction('create', Array)
#3 C:\wamp64\www\tripplan-web\tripplan\vendor\yiisoft\yii2\web\Application.php(103): yii\base\Module->runAction('estadia/create', Array)
#4 C:\wamp64\www\tripplan-web\tripplan\vendor\yiisoft\yii2\base\Application.php(387): yii\web\Application->handleRequest(Object(yii\web\Request))
#5 C:\wamp64\www\tripplan-web\tripplan\frontend\web\index.php(18): yii\base\Application->run()
#6 {main}
2026-01-04 22:43:01 [::1][5][o5lbi15b66g6q8him0ejmjvb77][info][application] $_GET = []

$_POST = []

$_FILES = []

$_COOKIE = [
    'Phpstorm-103aa988' => 'bf38dfb5-04b5-4849-a933-fbc4e7b3e27f'
    '_identity-backend' => '0056de632f8441a62c024e0c9bb0151a886f02adf425d5dba02a7dc6230a64f2a:2:{i:0;s:17:\"_identity-backend\";i:1;s:46:\"[8,\"F8iSIrBPc2WeseOIPDgZsgsdkTU2Ufqt\",2592000]\";}'
    'sidebar-collapse' => 'false'
    '_identity-frontend' => '01aebbe17af5cf269d57ad8fa9d7b0a3e66d6e5403c26ad0936cf8e478f1a3dca:2:{i:0;s:18:\"_identity-frontend\";i:1;s:46:\"[5,\"XtQljr3I7zzomKmcSywhu1fSRKmNTnWE\",2592000]\";}'
    'advanced-frontend' => 'o5lbi15b66g6q8him0ejmjvb77'
    '_csrf-frontend' => '2baa5d6f1f5b5b7ed04f94dc3487fdfca6597a2edb41ad6d94fc2deac8eddf58a:2:{i:0;s:14:\"_csrf-frontend\";i:1;s:32:\"Z0LZ5kyEoGcN18SfCHCRLULHehAGRwoG\";}'
    '_csrf-backend' => '319b23a394cc7b30b6e103301d35670f7f5759f821af35b7846e96429d15d963a:2:{i:0;s:13:\"_csrf-backend\";i:1;s:32:\"A_wVpiWq6w5HO4U62J4kK4ZM-YpOk18q\";}'
    'advanced-backend' => 'ahrugmq51e4vtudc82gvib1lkn'
]

$_SESSION = [
    '__flash' => [
        'success' => -1
    ]
    '__id' => 5
    '__authKey' => 'XtQljr3I7zzomKmcSywhu1fSRKmNTnWE'
    'success' => 'Removido dos Favoritos'
]

$_SERVER = [
    'REDIRECT_STATUS' => '200'
    'HTTP_HOST' => 'localhost'
    'HTTP_CONNECTION' => 'keep-alive'
    'HTTP_CACHE_CONTROL' => 'max-age=0'
    'HTTP_SEC_CH_UA' => '\"Google Chrome\";v=\"143\", \"Chromium\";v=\"143\", \"Not A(Brand\";v=\"24\"'
    'HTTP_SEC_CH_UA_MOBILE' => '?0'
    'HTTP_SEC_CH_UA_PLATFORM' => '\"Windows\"'
    'HTTP_UPGRADE_INSECURE_REQUESTS' => '1'
    'HTTP_USER_AGENT' => 'Mozilla/5.0 (Windows NT 10.0; Win64; x64) AppleWebKit/537.36 (KHTML, like Gecko) Chrome/143.0.0.0 Safari/537.36'
    'HTTP_ACCEPT' => 'text/html,application/xhtml+xml,application/xml;q=0.9,image/avif,image/webp,image/apng,*/*;q=0.8,application/signed-exchange;v=b3;q=0.7'
    'HTTP_SEC_FETCH_SITE' => 'same-origin'
    'HTTP_SEC_FETCH_MODE' => 'navigate'
    'HTTP_SEC_FETCH_USER' => '?1'
    'HTTP_SEC_FETCH_DEST' => 'document'
    'HTTP_REFERER' => 'http://localhost/tripplan-web/tripplan/frontend/web/estadia/index'
    'HTTP_ACCEPT_ENCODING' => 'gzip, deflate, br, zstd'
    'HTTP_ACCEPT_LANGUAGE' => 'pt-PT,pt;q=0.9,en-US;q=0.8,en;q=0.7'
    'HTTP_COOKIE' => 'Phpstorm-103aa988=bf38dfb5-04b5-4849-a933-fbc4e7b3e27f; _identity-backend=0056de632f8441a62c024e0c9bb0151a886f02adf425d5dba02a7dc6230a64f2a%3A2%3A%7Bi%3A0%3Bs%3A17%3A%22_identity-backend%22%3Bi%3A1%3Bs%3A46%3A%22%5B8%2C%22F8iSIrBPc2WeseOIPDgZsgsdkTU2Ufqt%22%2C2592000%5D%22%3B%7D; sidebar-collapse=false; _identity-frontend=01aebbe17af5cf269d57ad8fa9d7b0a3e66d6e5403c26ad0936cf8e478f1a3dca%3A2%3A%7Bi%3A0%3Bs%3A18%3A%22_identity-frontend%22%3Bi%3A1%3Bs%3A46%3A%22%5B5%2C%22XtQljr3I7zzomKmcSywhu1fSRKmNTnWE%22%2C2592000%5D%22%3B%7D; advanced-frontend=o5lbi15b66g6q8him0ejmjvb77; _csrf-frontend=2baa5d6f1f5b5b7ed04f94dc3487fdfca6597a2edb41ad6d94fc2deac8eddf58a%3A2%3A%7Bi%3A0%3Bs%3A14%3A%22_csrf-frontend%22%3Bi%3A1%3Bs%3A32%3A%22Z0LZ5kyEoGcN18SfCHCRLULHehAGRwoG%22%3B%7D; _csrf-backend=319b23a394cc7b30b6e103301d35670f7f5759f821af35b7846e96429d15d963a%3A2%3A%7Bi%3A0%3Bs%3A13%3A%22_csrf-backend%22%3Bi%3A1%3Bs%3A32%3A%22A_wVpiWq6w5HO4U62J4kK4ZM-YpOk18q%22%3B%7D; advanced-backend=ahrugmq51e4vtudc82gvib1lkn'
    'PATH' => 'C:\\Program Files\\Common Files\\Oracle\\Java\\javapath;C:\\Program Files (x86)\\NVIDIA Corporation\\PhysX\\Common;C:\\WINDOWS\\system32;C:\\WINDOWS;C:\\WINDOWS\\System32\\Wbem;C:\\WINDOWS\\System32\\WindowsPowerShell\\v1.0\\;C:\\WINDOWS\\System32\\OpenSSH\\;C:\\msys64\\ucrt64\\bin;C:\\Program Files\\Microsoft SQL Server\\150\\Tools\\Binn\\;C:\\Program Files\\dotnet\\;C:\\Program Files\\Microsoft SQL Server\\Client SDK\\ODBC\\170\\Tools\\Binn\\;C:\\wamp64\\bin\\php\\php8.1.31;C:\\ProgramData\\ComposerSetup\\bin;C:\\Program Files\\Git\\cmd;C:\\WINDOWS\\system32\\config\\systemprofile\\AppData\\Local\\Microsoft\\WindowsApps'
    'SystemRoot' => 'C:\\WINDOWS'
    'COMSPEC' => 'C:\\WINDOWS\\system32\\cmd.exe'
    'PATHEXT' => '.COM;.EXE;.BAT;.CMD;.VBS;.VBE;.JS;.JSE;.WSF;.WSH;.MSC'
    'WINDIR' => 'C:\\WINDOWS'
    'SERVER_SIGNATURE' => '<address>Apache/2.4.62 (Win64) PHP/8.1.31 mod_fcgid/2.3.10-dev Server at localhost Port 80</address>
'
    'SERVER_SOFTWARE' => 'Apache/2.4.62 (Win64) PHP/8.1.31 mod_fcgid/2.3.10-dev'
    'SERVER_NAME' => 'localhost'
    'SERVER_ADDR' => '::1'
    'SERVER_PORT' => '80'
    'REMOTE_ADDR' => '::1'
    'DOCUMENT_ROOT' => 'C:/wamp64/www'
    'REQUEST_SCHEME' => 'http'
    'CONTEXT_PREFIX' => ''
    'CONTEXT_DOCUMENT_ROOT' => 'C:/wamp64/www'
    'SERVER_ADMIN' => 'wampserver@wampserver.invalid'
    'SCRIPT_FILENAME' => 'C:/wamp64/www/tripplan-web/tripplan/frontend/web/index.php'
    'REMOTE_PORT' => '63667'
    'REDIRECT_URL' => '/tripplan-web/tripplan/frontend/web/estadia/create'
    'GATEWAY_INTERFACE' => 'CGI/1.1'
    'SERVER_PROTOCOL' => 'HTTP/1.1'
    'REQUEST_METHOD' => 'GET'
    'QUERY_STRING' => ''
    'REQUEST_URI' => '/tripplan-web/tripplan/frontend/web/estadia/create'
    'SCRIPT_NAME' => '/tripplan-web/tripplan/frontend/web/index.php'
    'PHP_SELF' => '/tripplan-web/tripplan/frontend/web/index.php'
    'REQUEST_TIME_FLOAT' => 1767566581.8305
    'REQUEST_TIME' => 1767566581
]
2026-01-04 22:43:37 [::1][5][o5lbi15b66g6q8him0ejmjvb77][error][yii\web\HttpException:400] yii\web\BadRequestHttpException: Missing required parameters: plano_id in C:\wamp64\www\tripplan-web\tripplan\vendor\yiisoft\yii2\web\Controller.php:173
Stack trace:
#0 C:\wamp64\www\tripplan-web\tripplan\vendor\yiisoft\yii2\base\InlineAction.php(54): yii\web\Controller->bindActionParams(Object(yii\base\InlineAction), Array)
#1 C:\wamp64\www\tripplan-web\tripplan\vendor\yiisoft\yii2\base\Controller.php(184): yii\base\InlineAction->runWithParams(Array)
#2 C:\wamp64\www\tripplan-web\tripplan\vendor\yiisoft\yii2\base\Module.php(555): yii\base\Controller->runAction('create', Array)
#3 C:\wamp64\www\tripplan-web\tripplan\vendor\yiisoft\yii2\web\Application.php(103): yii\base\Module->runAction('estadia/create', Array)
#4 C:\wamp64\www\tripplan-web\tripplan\vendor\yiisoft\yii2\base\Application.php(387): yii\web\Application->handleRequest(Object(yii\web\Request))
#5 C:\wamp64\www\tripplan-web\tripplan\frontend\web\index.php(18): yii\base\Application->run()
#6 {main}
2026-01-04 22:43:37 [::1][5][o5lbi15b66g6q8him0ejmjvb77][info][application] $_GET = []

$_POST = []

$_FILES = []

$_COOKIE = [
    'Phpstorm-103aa988' => 'bf38dfb5-04b5-4849-a933-fbc4e7b3e27f'
    '_identity-backend' => '0056de632f8441a62c024e0c9bb0151a886f02adf425d5dba02a7dc6230a64f2a:2:{i:0;s:17:\"_identity-backend\";i:1;s:46:\"[8,\"F8iSIrBPc2WeseOIPDgZsgsdkTU2Ufqt\",2592000]\";}'
    'sidebar-collapse' => 'false'
    '_identity-frontend' => '01aebbe17af5cf269d57ad8fa9d7b0a3e66d6e5403c26ad0936cf8e478f1a3dca:2:{i:0;s:18:\"_identity-frontend\";i:1;s:46:\"[5,\"XtQljr3I7zzomKmcSywhu1fSRKmNTnWE\",2592000]\";}'
    'advanced-frontend' => 'o5lbi15b66g6q8him0ejmjvb77'
    '_csrf-frontend' => '2baa5d6f1f5b5b7ed04f94dc3487fdfca6597a2edb41ad6d94fc2deac8eddf58a:2:{i:0;s:14:\"_csrf-frontend\";i:1;s:32:\"Z0LZ5kyEoGcN18SfCHCRLULHehAGRwoG\";}'
    '_csrf-backend' => '319b23a394cc7b30b6e103301d35670f7f5759f821af35b7846e96429d15d963a:2:{i:0;s:13:\"_csrf-backend\";i:1;s:32:\"A_wVpiWq6w5HO4U62J4kK4ZM-YpOk18q\";}'
    'advanced-backend' => 'ahrugmq51e4vtudc82gvib1lkn'
]

$_SESSION = [
    '__flash' => [
        'success' => -1
    ]
    '__id' => 5
    '__authKey' => 'XtQljr3I7zzomKmcSywhu1fSRKmNTnWE'
    'success' => 'Removido dos Favoritos'
]

$_SERVER = [
    'REDIRECT_STATUS' => '200'
    'HTTP_HOST' => 'localhost'
    'HTTP_CONNECTION' => 'keep-alive'
    'HTTP_SEC_CH_UA' => '\"Google Chrome\";v=\"143\", \"Chromium\";v=\"143\", \"Not A(Brand\";v=\"24\"'
    'HTTP_SEC_CH_UA_MOBILE' => '?0'
    'HTTP_SEC_CH_UA_PLATFORM' => '\"Windows\"'
    'HTTP_UPGRADE_INSECURE_REQUESTS' => '1'
    'HTTP_USER_AGENT' => 'Mozilla/5.0 (Windows NT 10.0; Win64; x64) AppleWebKit/537.36 (KHTML, like Gecko) Chrome/143.0.0.0 Safari/537.36'
    'HTTP_ACCEPT' => 'text/html,application/xhtml+xml,application/xml;q=0.9,image/avif,image/webp,image/apng,*/*;q=0.8,application/signed-exchange;v=b3;q=0.7'
    'HTTP_SEC_FETCH_SITE' => 'same-origin'
    'HTTP_SEC_FETCH_MODE' => 'navigate'
    'HTTP_SEC_FETCH_USER' => '?1'
    'HTTP_SEC_FETCH_DEST' => 'document'
    'HTTP_REFERER' => 'http://localhost/tripplan-web/tripplan/frontend/web/estadia/index'
    'HTTP_ACCEPT_ENCODING' => 'gzip, deflate, br, zstd'
    'HTTP_ACCEPT_LANGUAGE' => 'pt-PT,pt;q=0.9,en-US;q=0.8,en;q=0.7'
    'HTTP_COOKIE' => 'Phpstorm-103aa988=bf38dfb5-04b5-4849-a933-fbc4e7b3e27f; _identity-backend=0056de632f8441a62c024e0c9bb0151a886f02adf425d5dba02a7dc6230a64f2a%3A2%3A%7Bi%3A0%3Bs%3A17%3A%22_identity-backend%22%3Bi%3A1%3Bs%3A46%3A%22%5B8%2C%22F8iSIrBPc2WeseOIPDgZsgsdkTU2Ufqt%22%2C2592000%5D%22%3B%7D; sidebar-collapse=false; _identity-frontend=01aebbe17af5cf269d57ad8fa9d7b0a3e66d6e5403c26ad0936cf8e478f1a3dca%3A2%3A%7Bi%3A0%3Bs%3A18%3A%22_identity-frontend%22%3Bi%3A1%3Bs%3A46%3A%22%5B5%2C%22XtQljr3I7zzomKmcSywhu1fSRKmNTnWE%22%2C2592000%5D%22%3B%7D; advanced-frontend=o5lbi15b66g6q8him0ejmjvb77; _csrf-frontend=2baa5d6f1f5b5b7ed04f94dc3487fdfca6597a2edb41ad6d94fc2deac8eddf58a%3A2%3A%7Bi%3A0%3Bs%3A14%3A%22_csrf-frontend%22%3Bi%3A1%3Bs%3A32%3A%22Z0LZ5kyEoGcN18SfCHCRLULHehAGRwoG%22%3B%7D; _csrf-backend=319b23a394cc7b30b6e103301d35670f7f5759f821af35b7846e96429d15d963a%3A2%3A%7Bi%3A0%3Bs%3A13%3A%22_csrf-backend%22%3Bi%3A1%3Bs%3A32%3A%22A_wVpiWq6w5HO4U62J4kK4ZM-YpOk18q%22%3B%7D; advanced-backend=ahrugmq51e4vtudc82gvib1lkn'
    'PATH' => 'C:\\Program Files\\Common Files\\Oracle\\Java\\javapath;C:\\Program Files (x86)\\NVIDIA Corporation\\PhysX\\Common;C:\\WINDOWS\\system32;C:\\WINDOWS;C:\\WINDOWS\\System32\\Wbem;C:\\WINDOWS\\System32\\WindowsPowerShell\\v1.0\\;C:\\WINDOWS\\System32\\OpenSSH\\;C:\\msys64\\ucrt64\\bin;C:\\Program Files\\Microsoft SQL Server\\150\\Tools\\Binn\\;C:\\Program Files\\dotnet\\;C:\\Program Files\\Microsoft SQL Server\\Client SDK\\ODBC\\170\\Tools\\Binn\\;C:\\wamp64\\bin\\php\\php8.1.31;C:\\ProgramData\\ComposerSetup\\bin;C:\\Program Files\\Git\\cmd;C:\\WINDOWS\\system32\\config\\systemprofile\\AppData\\Local\\Microsoft\\WindowsApps'
    'SystemRoot' => 'C:\\WINDOWS'
    'COMSPEC' => 'C:\\WINDOWS\\system32\\cmd.exe'
    'PATHEXT' => '.COM;.EXE;.BAT;.CMD;.VBS;.VBE;.JS;.JSE;.WSF;.WSH;.MSC'
    'WINDIR' => 'C:\\WINDOWS'
    'SERVER_SIGNATURE' => '<address>Apache/2.4.62 (Win64) PHP/8.1.31 mod_fcgid/2.3.10-dev Server at localhost Port 80</address>
'
    'SERVER_SOFTWARE' => 'Apache/2.4.62 (Win64) PHP/8.1.31 mod_fcgid/2.3.10-dev'
    'SERVER_NAME' => 'localhost'
    'SERVER_ADDR' => '::1'
    'SERVER_PORT' => '80'
    'REMOTE_ADDR' => '::1'
    'DOCUMENT_ROOT' => 'C:/wamp64/www'
    'REQUEST_SCHEME' => 'http'
    'CONTEXT_PREFIX' => ''
    'CONTEXT_DOCUMENT_ROOT' => 'C:/wamp64/www'
    'SERVER_ADMIN' => 'wampserver@wampserver.invalid'
    'SCRIPT_FILENAME' => 'C:/wamp64/www/tripplan-web/tripplan/frontend/web/index.php'
    'REMOTE_PORT' => '63676'
    'REDIRECT_URL' => '/tripplan-web/tripplan/frontend/web/estadia/create'
    'GATEWAY_INTERFACE' => 'CGI/1.1'
    'SERVER_PROTOCOL' => 'HTTP/1.1'
    'REQUEST_METHOD' => 'GET'
    'QUERY_STRING' => ''
    'REQUEST_URI' => '/tripplan-web/tripplan/frontend/web/estadia/create'
    'SCRIPT_NAME' => '/tripplan-web/tripplan/frontend/web/index.php'
    'PHP_SELF' => '/tripplan-web/tripplan/frontend/web/index.php'
    'REQUEST_TIME_FLOAT' => 1767566617.4252
    'REQUEST_TIME' => 1767566617
]
2026-01-04 22:47:02 [::1][5][o5lbi15b66g6q8him0ejmjvb77][error][yii\web\HttpException:400] yii\web\BadRequestHttpException: Missing required parameters: destino_id in C:\wamp64\www\tripplan-web\tripplan\vendor\yiisoft\yii2\web\Controller.php:173
Stack trace:
#0 C:\wamp64\www\tripplan-web\tripplan\vendor\yiisoft\yii2\base\InlineAction.php(54): yii\web\Controller->bindActionParams(Object(yii\base\InlineAction), Array)
#1 C:\wamp64\www\tripplan-web\tripplan\vendor\yiisoft\yii2\base\Controller.php(184): yii\base\InlineAction->runWithParams(Array)
#2 C:\wamp64\www\tripplan-web\tripplan\vendor\yiisoft\yii2\base\Module.php(555): yii\base\Controller->runAction('create', Array)
#3 C:\wamp64\www\tripplan-web\tripplan\vendor\yiisoft\yii2\web\Application.php(103): yii\base\Module->runAction('estadia/create', Array)
#4 C:\wamp64\www\tripplan-web\tripplan\vendor\yiisoft\yii2\base\Application.php(387): yii\web\Application->handleRequest(Object(yii\web\Request))
#5 C:\wamp64\www\tripplan-web\tripplan\frontend\web\index.php(18): yii\base\Application->run()
#6 {main}
2026-01-04 22:47:01 [::1][5][o5lbi15b66g6q8him0ejmjvb77][info][application] $_GET = []

$_POST = []

$_FILES = []

$_COOKIE = [
    'Phpstorm-103aa988' => 'bf38dfb5-04b5-4849-a933-fbc4e7b3e27f'
    '_identity-backend' => '0056de632f8441a62c024e0c9bb0151a886f02adf425d5dba02a7dc6230a64f2a:2:{i:0;s:17:\"_identity-backend\";i:1;s:46:\"[8,\"F8iSIrBPc2WeseOIPDgZsgsdkTU2Ufqt\",2592000]\";}'
    'sidebar-collapse' => 'false'
    '_identity-frontend' => '01aebbe17af5cf269d57ad8fa9d7b0a3e66d6e5403c26ad0936cf8e478f1a3dca:2:{i:0;s:18:\"_identity-frontend\";i:1;s:46:\"[5,\"XtQljr3I7zzomKmcSywhu1fSRKmNTnWE\",2592000]\";}'
    'advanced-frontend' => 'o5lbi15b66g6q8him0ejmjvb77'
    '_csrf-frontend' => '2baa5d6f1f5b5b7ed04f94dc3487fdfca6597a2edb41ad6d94fc2deac8eddf58a:2:{i:0;s:14:\"_csrf-frontend\";i:1;s:32:\"Z0LZ5kyEoGcN18SfCHCRLULHehAGRwoG\";}'
    '_csrf-backend' => '319b23a394cc7b30b6e103301d35670f7f5759f821af35b7846e96429d15d963a:2:{i:0;s:13:\"_csrf-backend\";i:1;s:32:\"A_wVpiWq6w5HO4U62J4kK4ZM-YpOk18q\";}'
    'advanced-backend' => 'ahrugmq51e4vtudc82gvib1lkn'
]

$_SESSION = [
    '__flash' => [
        'success' => -1
    ]
    '__id' => 5
    '__authKey' => 'XtQljr3I7zzomKmcSywhu1fSRKmNTnWE'
    'success' => 'Removido dos Favoritos'
]

$_SERVER = [
    'REDIRECT_STATUS' => '200'
    'HTTP_HOST' => 'localhost'
    'HTTP_CONNECTION' => 'keep-alive'
    'HTTP_CACHE_CONTROL' => 'max-age=0'
    'HTTP_SEC_CH_UA' => '\"Google Chrome\";v=\"143\", \"Chromium\";v=\"143\", \"Not A(Brand\";v=\"24\"'
    'HTTP_SEC_CH_UA_MOBILE' => '?0'
    'HTTP_SEC_CH_UA_PLATFORM' => '\"Windows\"'
    'HTTP_UPGRADE_INSECURE_REQUESTS' => '1'
    'HTTP_USER_AGENT' => 'Mozilla/5.0 (Windows NT 10.0; Win64; x64) AppleWebKit/537.36 (KHTML, like Gecko) Chrome/143.0.0.0 Safari/537.36'
    'HTTP_ACCEPT' => 'text/html,application/xhtml+xml,application/xml;q=0.9,image/avif,image/webp,image/apng,*/*;q=0.8,application/signed-exchange;v=b3;q=0.7'
    'HTTP_SEC_FETCH_SITE' => 'same-origin'
    'HTTP_SEC_FETCH_MODE' => 'navigate'
    'HTTP_SEC_FETCH_USER' => '?1'
    'HTTP_SEC_FETCH_DEST' => 'document'
    'HTTP_REFERER' => 'http://localhost/tripplan-web/tripplan/frontend/web/estadia/index'
    'HTTP_ACCEPT_ENCODING' => 'gzip, deflate, br, zstd'
    'HTTP_ACCEPT_LANGUAGE' => 'pt-PT,pt;q=0.9,en-US;q=0.8,en;q=0.7'
    'HTTP_COOKIE' => 'Phpstorm-103aa988=bf38dfb5-04b5-4849-a933-fbc4e7b3e27f; _identity-backend=0056de632f8441a62c024e0c9bb0151a886f02adf425d5dba02a7dc6230a64f2a%3A2%3A%7Bi%3A0%3Bs%3A17%3A%22_identity-backend%22%3Bi%3A1%3Bs%3A46%3A%22%5B8%2C%22F8iSIrBPc2WeseOIPDgZsgsdkTU2Ufqt%22%2C2592000%5D%22%3B%7D; sidebar-collapse=false; _identity-frontend=01aebbe17af5cf269d57ad8fa9d7b0a3e66d6e5403c26ad0936cf8e478f1a3dca%3A2%3A%7Bi%3A0%3Bs%3A18%3A%22_identity-frontend%22%3Bi%3A1%3Bs%3A46%3A%22%5B5%2C%22XtQljr3I7zzomKmcSywhu1fSRKmNTnWE%22%2C2592000%5D%22%3B%7D; advanced-frontend=o5lbi15b66g6q8him0ejmjvb77; _csrf-frontend=2baa5d6f1f5b5b7ed04f94dc3487fdfca6597a2edb41ad6d94fc2deac8eddf58a%3A2%3A%7Bi%3A0%3Bs%3A14%3A%22_csrf-frontend%22%3Bi%3A1%3Bs%3A32%3A%22Z0LZ5kyEoGcN18SfCHCRLULHehAGRwoG%22%3B%7D; _csrf-backend=319b23a394cc7b30b6e103301d35670f7f5759f821af35b7846e96429d15d963a%3A2%3A%7Bi%3A0%3Bs%3A13%3A%22_csrf-backend%22%3Bi%3A1%3Bs%3A32%3A%22A_wVpiWq6w5HO4U62J4kK4ZM-YpOk18q%22%3B%7D; advanced-backend=ahrugmq51e4vtudc82gvib1lkn'
    'PATH' => 'C:\\Program Files\\Common Files\\Oracle\\Java\\javapath;C:\\Program Files (x86)\\NVIDIA Corporation\\PhysX\\Common;C:\\WINDOWS\\system32;C:\\WINDOWS;C:\\WINDOWS\\System32\\Wbem;C:\\WINDOWS\\System32\\WindowsPowerShell\\v1.0\\;C:\\WINDOWS\\System32\\OpenSSH\\;C:\\msys64\\ucrt64\\bin;C:\\Program Files\\Microsoft SQL Server\\150\\Tools\\Binn\\;C:\\Program Files\\dotnet\\;C:\\Program Files\\Microsoft SQL Server\\Client SDK\\ODBC\\170\\Tools\\Binn\\;C:\\wamp64\\bin\\php\\php8.1.31;C:\\ProgramData\\ComposerSetup\\bin;C:\\Program Files\\Git\\cmd;C:\\WINDOWS\\system32\\config\\systemprofile\\AppData\\Local\\Microsoft\\WindowsApps'
    'SystemRoot' => 'C:\\WINDOWS'
    'COMSPEC' => 'C:\\WINDOWS\\system32\\cmd.exe'
    'PATHEXT' => '.COM;.EXE;.BAT;.CMD;.VBS;.VBE;.JS;.JSE;.WSF;.WSH;.MSC'
    'WINDIR' => 'C:\\WINDOWS'
    'SERVER_SIGNATURE' => '<address>Apache/2.4.62 (Win64) PHP/8.1.31 mod_fcgid/2.3.10-dev Server at localhost Port 80</address>
'
    'SERVER_SOFTWARE' => 'Apache/2.4.62 (Win64) PHP/8.1.31 mod_fcgid/2.3.10-dev'
    'SERVER_NAME' => 'localhost'
    'SERVER_ADDR' => '::1'
    'SERVER_PORT' => '80'
    'REMOTE_ADDR' => '::1'
    'DOCUMENT_ROOT' => 'C:/wamp64/www'
    'REQUEST_SCHEME' => 'http'
    'CONTEXT_PREFIX' => ''
    'CONTEXT_DOCUMENT_ROOT' => 'C:/wamp64/www'
    'SERVER_ADMIN' => 'wampserver@wampserver.invalid'
    'SCRIPT_FILENAME' => 'C:/wamp64/www/tripplan-web/tripplan/frontend/web/index.php'
    'REMOTE_PORT' => '63766'
    'REDIRECT_URL' => '/tripplan-web/tripplan/frontend/web/estadia/create'
    'GATEWAY_INTERFACE' => 'CGI/1.1'
    'SERVER_PROTOCOL' => 'HTTP/1.1'
    'REQUEST_METHOD' => 'GET'
    'QUERY_STRING' => ''
    'REQUEST_URI' => '/tripplan-web/tripplan/frontend/web/estadia/create'
    'SCRIPT_NAME' => '/tripplan-web/tripplan/frontend/web/index.php'
    'PHP_SELF' => '/tripplan-web/tripplan/frontend/web/index.php'
    'REQUEST_TIME_FLOAT' => 1767566821.7821
    'REQUEST_TIME' => 1767566821
]
2026-01-04 22:47:49 [::1][5][o5lbi15b66g6q8him0ejmjvb77][error][yii\web\HttpException:400] yii\web\BadRequestHttpException: Missing required parameters: destino_id in C:\wamp64\www\tripplan-web\tripplan\vendor\yiisoft\yii2\web\Controller.php:173
Stack trace:
#0 C:\wamp64\www\tripplan-web\tripplan\vendor\yiisoft\yii2\base\InlineAction.php(54): yii\web\Controller->bindActionParams(Object(yii\base\InlineAction), Array)
#1 C:\wamp64\www\tripplan-web\tripplan\vendor\yiisoft\yii2\base\Controller.php(184): yii\base\InlineAction->runWithParams(Array)
#2 C:\wamp64\www\tripplan-web\tripplan\vendor\yiisoft\yii2\base\Module.php(555): yii\base\Controller->runAction('create', Array)
#3 C:\wamp64\www\tripplan-web\tripplan\vendor\yiisoft\yii2\web\Application.php(103): yii\base\Module->runAction('estadia/create', Array)
#4 C:\wamp64\www\tripplan-web\tripplan\vendor\yiisoft\yii2\base\Application.php(387): yii\web\Application->handleRequest(Object(yii\web\Request))
#5 C:\wamp64\www\tripplan-web\tripplan\frontend\web\index.php(18): yii\base\Application->run()
#6 {main}
2026-01-04 22:47:49 [::1][5][o5lbi15b66g6q8him0ejmjvb77][info][application] $_GET = []

$_POST = []

$_FILES = []

$_COOKIE = [
    'Phpstorm-103aa988' => 'bf38dfb5-04b5-4849-a933-fbc4e7b3e27f'
    '_identity-backend' => '0056de632f8441a62c024e0c9bb0151a886f02adf425d5dba02a7dc6230a64f2a:2:{i:0;s:17:\"_identity-backend\";i:1;s:46:\"[8,\"F8iSIrBPc2WeseOIPDgZsgsdkTU2Ufqt\",2592000]\";}'
    'sidebar-collapse' => 'false'
    '_identity-frontend' => '01aebbe17af5cf269d57ad8fa9d7b0a3e66d6e5403c26ad0936cf8e478f1a3dca:2:{i:0;s:18:\"_identity-frontend\";i:1;s:46:\"[5,\"XtQljr3I7zzomKmcSywhu1fSRKmNTnWE\",2592000]\";}'
    'advanced-frontend' => 'o5lbi15b66g6q8him0ejmjvb77'
    '_csrf-frontend' => '2baa5d6f1f5b5b7ed04f94dc3487fdfca6597a2edb41ad6d94fc2deac8eddf58a:2:{i:0;s:14:\"_csrf-frontend\";i:1;s:32:\"Z0LZ5kyEoGcN18SfCHCRLULHehAGRwoG\";}'
    '_csrf-backend' => '319b23a394cc7b30b6e103301d35670f7f5759f821af35b7846e96429d15d963a:2:{i:0;s:13:\"_csrf-backend\";i:1;s:32:\"A_wVpiWq6w5HO4U62J4kK4ZM-YpOk18q\";}'
    'advanced-backend' => 'ahrugmq51e4vtudc82gvib1lkn'
]

$_SESSION = [
    '__flash' => [
        'success' => -1
    ]
    '__id' => 5
    '__authKey' => 'XtQljr3I7zzomKmcSywhu1fSRKmNTnWE'
    'success' => 'Removido dos Favoritos'
]

$_SERVER = [
    'REDIRECT_STATUS' => '200'
    'HTTP_HOST' => 'localhost'
    'HTTP_CONNECTION' => 'keep-alive'
    'HTTP_CACHE_CONTROL' => 'max-age=0'
    'HTTP_SEC_CH_UA' => '\"Google Chrome\";v=\"143\", \"Chromium\";v=\"143\", \"Not A(Brand\";v=\"24\"'
    'HTTP_SEC_CH_UA_MOBILE' => '?0'
    'HTTP_SEC_CH_UA_PLATFORM' => '\"Windows\"'
    'HTTP_UPGRADE_INSECURE_REQUESTS' => '1'
    'HTTP_USER_AGENT' => 'Mozilla/5.0 (Windows NT 10.0; Win64; x64) AppleWebKit/537.36 (KHTML, like Gecko) Chrome/143.0.0.0 Safari/537.36'
    'HTTP_ACCEPT' => 'text/html,application/xhtml+xml,application/xml;q=0.9,image/avif,image/webp,image/apng,*/*;q=0.8,application/signed-exchange;v=b3;q=0.7'
    'HTTP_SEC_FETCH_SITE' => 'same-origin'
    'HTTP_SEC_FETCH_MODE' => 'navigate'
    'HTTP_SEC_FETCH_USER' => '?1'
    'HTTP_SEC_FETCH_DEST' => 'document'
    'HTTP_REFERER' => 'http://localhost/tripplan-web/tripplan/frontend/web/estadia/index'
    'HTTP_ACCEPT_ENCODING' => 'gzip, deflate, br, zstd'
    'HTTP_ACCEPT_LANGUAGE' => 'pt-PT,pt;q=0.9,en-US;q=0.8,en;q=0.7'
    'HTTP_COOKIE' => 'Phpstorm-103aa988=bf38dfb5-04b5-4849-a933-fbc4e7b3e27f; _identity-backend=0056de632f8441a62c024e0c9bb0151a886f02adf425d5dba02a7dc6230a64f2a%3A2%3A%7Bi%3A0%3Bs%3A17%3A%22_identity-backend%22%3Bi%3A1%3Bs%3A46%3A%22%5B8%2C%22F8iSIrBPc2WeseOIPDgZsgsdkTU2Ufqt%22%2C2592000%5D%22%3B%7D; sidebar-collapse=false; _identity-frontend=01aebbe17af5cf269d57ad8fa9d7b0a3e66d6e5403c26ad0936cf8e478f1a3dca%3A2%3A%7Bi%3A0%3Bs%3A18%3A%22_identity-frontend%22%3Bi%3A1%3Bs%3A46%3A%22%5B5%2C%22XtQljr3I7zzomKmcSywhu1fSRKmNTnWE%22%2C2592000%5D%22%3B%7D; advanced-frontend=o5lbi15b66g6q8him0ejmjvb77; _csrf-frontend=2baa5d6f1f5b5b7ed04f94dc3487fdfca6597a2edb41ad6d94fc2deac8eddf58a%3A2%3A%7Bi%3A0%3Bs%3A14%3A%22_csrf-frontend%22%3Bi%3A1%3Bs%3A32%3A%22Z0LZ5kyEoGcN18SfCHCRLULHehAGRwoG%22%3B%7D; _csrf-backend=319b23a394cc7b30b6e103301d35670f7f5759f821af35b7846e96429d15d963a%3A2%3A%7Bi%3A0%3Bs%3A13%3A%22_csrf-backend%22%3Bi%3A1%3Bs%3A32%3A%22A_wVpiWq6w5HO4U62J4kK4ZM-YpOk18q%22%3B%7D; advanced-backend=ahrugmq51e4vtudc82gvib1lkn'
    'PATH' => 'C:\\Program Files\\Common Files\\Oracle\\Java\\javapath;C:\\Program Files (x86)\\NVIDIA Corporation\\PhysX\\Common;C:\\WINDOWS\\system32;C:\\WINDOWS;C:\\WINDOWS\\System32\\Wbem;C:\\WINDOWS\\System32\\WindowsPowerShell\\v1.0\\;C:\\WINDOWS\\System32\\OpenSSH\\;C:\\msys64\\ucrt64\\bin;C:\\Program Files\\Microsoft SQL Server\\150\\Tools\\Binn\\;C:\\Program Files\\dotnet\\;C:\\Program Files\\Microsoft SQL Server\\Client SDK\\ODBC\\170\\Tools\\Binn\\;C:\\wamp64\\bin\\php\\php8.1.31;C:\\ProgramData\\ComposerSetup\\bin;C:\\Program Files\\Git\\cmd;C:\\WINDOWS\\system32\\config\\systemprofile\\AppData\\Local\\Microsoft\\WindowsApps'
    'SystemRoot' => 'C:\\WINDOWS'
    'COMSPEC' => 'C:\\WINDOWS\\system32\\cmd.exe'
    'PATHEXT' => '.COM;.EXE;.BAT;.CMD;.VBS;.VBE;.JS;.JSE;.WSF;.WSH;.MSC'
    'WINDIR' => 'C:\\WINDOWS'
    'SERVER_SIGNATURE' => '<address>Apache/2.4.62 (Win64) PHP/8.1.31 mod_fcgid/2.3.10-dev Server at localhost Port 80</address>
'
    'SERVER_SOFTWARE' => 'Apache/2.4.62 (Win64) PHP/8.1.31 mod_fcgid/2.3.10-dev'
    'SERVER_NAME' => 'localhost'
    'SERVER_ADDR' => '::1'
    'SERVER_PORT' => '80'
    'REMOTE_ADDR' => '::1'
    'DOCUMENT_ROOT' => 'C:/wamp64/www'
    'REQUEST_SCHEME' => 'http'
    'CONTEXT_PREFIX' => ''
    'CONTEXT_DOCUMENT_ROOT' => 'C:/wamp64/www'
    'SERVER_ADMIN' => 'wampserver@wampserver.invalid'
    'SCRIPT_FILENAME' => 'C:/wamp64/www/tripplan-web/tripplan/frontend/web/index.php'
    'REMOTE_PORT' => '63777'
    'REDIRECT_URL' => '/tripplan-web/tripplan/frontend/web/estadia/create'
    'GATEWAY_INTERFACE' => 'CGI/1.1'
    'SERVER_PROTOCOL' => 'HTTP/1.1'
    'REQUEST_METHOD' => 'GET'
    'QUERY_STRING' => ''
    'REQUEST_URI' => '/tripplan-web/tripplan/frontend/web/estadia/create'
    'SCRIPT_NAME' => '/tripplan-web/tripplan/frontend/web/index.php'
    'PHP_SELF' => '/tripplan-web/tripplan/frontend/web/index.php'
    'REQUEST_TIME_FLOAT' => 1767566869.4319
    'REQUEST_TIME' => 1767566869
]
2026-01-04 22:47:53 [::1][5][o5lbi15b66g6q8him0ejmjvb77][error][yii\web\HttpException:400] yii\web\BadRequestHttpException: Missing required parameters: destino_id in C:\wamp64\www\tripplan-web\tripplan\vendor\yiisoft\yii2\web\Controller.php:173
Stack trace:
#0 C:\wamp64\www\tripplan-web\tripplan\vendor\yiisoft\yii2\base\InlineAction.php(54): yii\web\Controller->bindActionParams(Object(yii\base\InlineAction), Array)
#1 C:\wamp64\www\tripplan-web\tripplan\vendor\yiisoft\yii2\base\Controller.php(184): yii\base\InlineAction->runWithParams(Array)
#2 C:\wamp64\www\tripplan-web\tripplan\vendor\yiisoft\yii2\base\Module.php(555): yii\base\Controller->runAction('create', Array)
#3 C:\wamp64\www\tripplan-web\tripplan\vendor\yiisoft\yii2\web\Application.php(103): yii\base\Module->runAction('estadia/create', Array)
#4 C:\wamp64\www\tripplan-web\tripplan\vendor\yiisoft\yii2\base\Application.php(387): yii\web\Application->handleRequest(Object(yii\web\Request))
#5 C:\wamp64\www\tripplan-web\tripplan\frontend\web\index.php(18): yii\base\Application->run()
#6 {main}
2026-01-04 22:47:53 [::1][5][o5lbi15b66g6q8him0ejmjvb77][info][application] $_GET = []

$_POST = []

$_FILES = []

$_COOKIE = [
    'Phpstorm-103aa988' => 'bf38dfb5-04b5-4849-a933-fbc4e7b3e27f'
    '_identity-backend' => '0056de632f8441a62c024e0c9bb0151a886f02adf425d5dba02a7dc6230a64f2a:2:{i:0;s:17:\"_identity-backend\";i:1;s:46:\"[8,\"F8iSIrBPc2WeseOIPDgZsgsdkTU2Ufqt\",2592000]\";}'
    'sidebar-collapse' => 'false'
    '_identity-frontend' => '01aebbe17af5cf269d57ad8fa9d7b0a3e66d6e5403c26ad0936cf8e478f1a3dca:2:{i:0;s:18:\"_identity-frontend\";i:1;s:46:\"[5,\"XtQljr3I7zzomKmcSywhu1fSRKmNTnWE\",2592000]\";}'
    'advanced-frontend' => 'o5lbi15b66g6q8him0ejmjvb77'
    '_csrf-frontend' => '2baa5d6f1f5b5b7ed04f94dc3487fdfca6597a2edb41ad6d94fc2deac8eddf58a:2:{i:0;s:14:\"_csrf-frontend\";i:1;s:32:\"Z0LZ5kyEoGcN18SfCHCRLULHehAGRwoG\";}'
    '_csrf-backend' => '319b23a394cc7b30b6e103301d35670f7f5759f821af35b7846e96429d15d963a:2:{i:0;s:13:\"_csrf-backend\";i:1;s:32:\"A_wVpiWq6w5HO4U62J4kK4ZM-YpOk18q\";}'
    'advanced-backend' => 'ahrugmq51e4vtudc82gvib1lkn'
]

$_SESSION = [
    '__flash' => [
        'success' => -1
    ]
    '__id' => 5
    '__authKey' => 'XtQljr3I7zzomKmcSywhu1fSRKmNTnWE'
    'success' => 'Removido dos Favoritos'
]

$_SERVER = [
    'REDIRECT_STATUS' => '200'
    'HTTP_HOST' => 'localhost'
    'HTTP_CONNECTION' => 'keep-alive'
    'HTTP_SEC_CH_UA' => '\"Google Chrome\";v=\"143\", \"Chromium\";v=\"143\", \"Not A(Brand\";v=\"24\"'
    'HTTP_SEC_CH_UA_MOBILE' => '?0'
    'HTTP_SEC_CH_UA_PLATFORM' => '\"Windows\"'
    'HTTP_UPGRADE_INSECURE_REQUESTS' => '1'
    'HTTP_USER_AGENT' => 'Mozilla/5.0 (Windows NT 10.0; Win64; x64) AppleWebKit/537.36 (KHTML, like Gecko) Chrome/143.0.0.0 Safari/537.36'
    'HTTP_ACCEPT' => 'text/html,application/xhtml+xml,application/xml;q=0.9,image/avif,image/webp,image/apng,*/*;q=0.8,application/signed-exchange;v=b3;q=0.7'
    'HTTP_SEC_FETCH_SITE' => 'same-origin'
    'HTTP_SEC_FETCH_MODE' => 'navigate'
    'HTTP_SEC_FETCH_USER' => '?1'
    'HTTP_SEC_FETCH_DEST' => 'document'
    'HTTP_REFERER' => 'http://localhost/tripplan-web/tripplan/frontend/web/estadia/index'
    'HTTP_ACCEPT_ENCODING' => 'gzip, deflate, br, zstd'
    'HTTP_ACCEPT_LANGUAGE' => 'pt-PT,pt;q=0.9,en-US;q=0.8,en;q=0.7'
    'HTTP_COOKIE' => 'Phpstorm-103aa988=bf38dfb5-04b5-4849-a933-fbc4e7b3e27f; _identity-backend=0056de632f8441a62c024e0c9bb0151a886f02adf425d5dba02a7dc6230a64f2a%3A2%3A%7Bi%3A0%3Bs%3A17%3A%22_identity-backend%22%3Bi%3A1%3Bs%3A46%3A%22%5B8%2C%22F8iSIrBPc2WeseOIPDgZsgsdkTU2Ufqt%22%2C2592000%5D%22%3B%7D; sidebar-collapse=false; _identity-frontend=01aebbe17af5cf269d57ad8fa9d7b0a3e66d6e5403c26ad0936cf8e478f1a3dca%3A2%3A%7Bi%3A0%3Bs%3A18%3A%22_identity-frontend%22%3Bi%3A1%3Bs%3A46%3A%22%5B5%2C%22XtQljr3I7zzomKmcSywhu1fSRKmNTnWE%22%2C2592000%5D%22%3B%7D; advanced-frontend=o5lbi15b66g6q8him0ejmjvb77; _csrf-frontend=2baa5d6f1f5b5b7ed04f94dc3487fdfca6597a2edb41ad6d94fc2deac8eddf58a%3A2%3A%7Bi%3A0%3Bs%3A14%3A%22_csrf-frontend%22%3Bi%3A1%3Bs%3A32%3A%22Z0LZ5kyEoGcN18SfCHCRLULHehAGRwoG%22%3B%7D; _csrf-backend=319b23a394cc7b30b6e103301d35670f7f5759f821af35b7846e96429d15d963a%3A2%3A%7Bi%3A0%3Bs%3A13%3A%22_csrf-backend%22%3Bi%3A1%3Bs%3A32%3A%22A_wVpiWq6w5HO4U62J4kK4ZM-YpOk18q%22%3B%7D; advanced-backend=ahrugmq51e4vtudc82gvib1lkn'
    'PATH' => 'C:\\Program Files\\Common Files\\Oracle\\Java\\javapath;C:\\Program Files (x86)\\NVIDIA Corporation\\PhysX\\Common;C:\\WINDOWS\\system32;C:\\WINDOWS;C:\\WINDOWS\\System32\\Wbem;C:\\WINDOWS\\System32\\WindowsPowerShell\\v1.0\\;C:\\WINDOWS\\System32\\OpenSSH\\;C:\\msys64\\ucrt64\\bin;C:\\Program Files\\Microsoft SQL Server\\150\\Tools\\Binn\\;C:\\Program Files\\dotnet\\;C:\\Program Files\\Microsoft SQL Server\\Client SDK\\ODBC\\170\\Tools\\Binn\\;C:\\wamp64\\bin\\php\\php8.1.31;C:\\ProgramData\\ComposerSetup\\bin;C:\\Program Files\\Git\\cmd;C:\\WINDOWS\\system32\\config\\systemprofile\\AppData\\Local\\Microsoft\\WindowsApps'
    'SystemRoot' => 'C:\\WINDOWS'
    'COMSPEC' => 'C:\\WINDOWS\\system32\\cmd.exe'
    'PATHEXT' => '.COM;.EXE;.BAT;.CMD;.VBS;.VBE;.JS;.JSE;.WSF;.WSH;.MSC'
    'WINDIR' => 'C:\\WINDOWS'
    'SERVER_SIGNATURE' => '<address>Apache/2.4.62 (Win64) PHP/8.1.31 mod_fcgid/2.3.10-dev Server at localhost Port 80</address>
'
    'SERVER_SOFTWARE' => 'Apache/2.4.62 (Win64) PHP/8.1.31 mod_fcgid/2.3.10-dev'
    'SERVER_NAME' => 'localhost'
    'SERVER_ADDR' => '::1'
    'SERVER_PORT' => '80'
    'REMOTE_ADDR' => '::1'
    'DOCUMENT_ROOT' => 'C:/wamp64/www'
    'REQUEST_SCHEME' => 'http'
    'CONTEXT_PREFIX' => ''
    'CONTEXT_DOCUMENT_ROOT' => 'C:/wamp64/www'
    'SERVER_ADMIN' => 'wampserver@wampserver.invalid'
    'SCRIPT_FILENAME' => 'C:/wamp64/www/tripplan-web/tripplan/frontend/web/index.php'
    'REMOTE_PORT' => '63785'
    'REDIRECT_URL' => '/tripplan-web/tripplan/frontend/web/estadia/create'
    'GATEWAY_INTERFACE' => 'CGI/1.1'
    'SERVER_PROTOCOL' => 'HTTP/1.1'
    'REQUEST_METHOD' => 'GET'
    'QUERY_STRING' => ''
    'REQUEST_URI' => '/tripplan-web/tripplan/frontend/web/estadia/create'
    'SCRIPT_NAME' => '/tripplan-web/tripplan/frontend/web/index.php'
    'PHP_SELF' => '/tripplan-web/tripplan/frontend/web/index.php'
    'REQUEST_TIME_FLOAT' => 1767566873.0622
    'REQUEST_TIME' => 1767566873
]
2026-01-04 22:54:26 [::1][5][o5lbi15b66g6q8him0ejmjvb77][error][yii\web\HttpException:400] yii\web\BadRequestHttpException: Missing required parameters: destino_id in C:\wamp64\www\tripplan-web\tripplan\vendor\yiisoft\yii2\web\Controller.php:173
Stack trace:
#0 C:\wamp64\www\tripplan-web\tripplan\vendor\yiisoft\yii2\base\InlineAction.php(54): yii\web\Controller->bindActionParams(Object(yii\base\InlineAction), Array)
#1 C:\wamp64\www\tripplan-web\tripplan\vendor\yiisoft\yii2\base\Controller.php(184): yii\base\InlineAction->runWithParams(Array)
#2 C:\wamp64\www\tripplan-web\tripplan\vendor\yiisoft\yii2\base\Module.php(555): yii\base\Controller->runAction('create', Array)
#3 C:\wamp64\www\tripplan-web\tripplan\vendor\yiisoft\yii2\web\Application.php(103): yii\base\Module->runAction('estadia/create', Array)
#4 C:\wamp64\www\tripplan-web\tripplan\vendor\yiisoft\yii2\base\Application.php(387): yii\web\Application->handleRequest(Object(yii\web\Request))
#5 C:\wamp64\www\tripplan-web\tripplan\frontend\web\index.php(18): yii\base\Application->run()
#6 {main}
2026-01-04 22:54:26 [::1][5][o5lbi15b66g6q8him0ejmjvb77][info][application] $_GET = []

$_POST = []

$_FILES = []

$_COOKIE = [
    'Phpstorm-103aa988' => 'bf38dfb5-04b5-4849-a933-fbc4e7b3e27f'
    '_identity-backend' => '0056de632f8441a62c024e0c9bb0151a886f02adf425d5dba02a7dc6230a64f2a:2:{i:0;s:17:\"_identity-backend\";i:1;s:46:\"[8,\"F8iSIrBPc2WeseOIPDgZsgsdkTU2Ufqt\",2592000]\";}'
    'sidebar-collapse' => 'false'
    '_identity-frontend' => '01aebbe17af5cf269d57ad8fa9d7b0a3e66d6e5403c26ad0936cf8e478f1a3dca:2:{i:0;s:18:\"_identity-frontend\";i:1;s:46:\"[5,\"XtQljr3I7zzomKmcSywhu1fSRKmNTnWE\",2592000]\";}'
    'advanced-frontend' => 'o5lbi15b66g6q8him0ejmjvb77'
    '_csrf-frontend' => '2baa5d6f1f5b5b7ed04f94dc3487fdfca6597a2edb41ad6d94fc2deac8eddf58a:2:{i:0;s:14:\"_csrf-frontend\";i:1;s:32:\"Z0LZ5kyEoGcN18SfCHCRLULHehAGRwoG\";}'
    '_csrf-backend' => '319b23a394cc7b30b6e103301d35670f7f5759f821af35b7846e96429d15d963a:2:{i:0;s:13:\"_csrf-backend\";i:1;s:32:\"A_wVpiWq6w5HO4U62J4kK4ZM-YpOk18q\";}'
    'advanced-backend' => 'ahrugmq51e4vtudc82gvib1lkn'
]

$_SESSION = [
    '__flash' => [
        'success' => -1
    ]
    '__id' => 5
    '__authKey' => 'XtQljr3I7zzomKmcSywhu1fSRKmNTnWE'
    'success' => 'Removido dos Favoritos'
]

$_SERVER = [
    'REDIRECT_STATUS' => '200'
    'HTTP_HOST' => 'localhost'
    'HTTP_CONNECTION' => 'keep-alive'
    'HTTP_SEC_CH_UA' => '\"Google Chrome\";v=\"143\", \"Chromium\";v=\"143\", \"Not A(Brand\";v=\"24\"'
    'HTTP_SEC_CH_UA_MOBILE' => '?0'
    'HTTP_SEC_CH_UA_PLATFORM' => '\"Windows\"'
    'HTTP_UPGRADE_INSECURE_REQUESTS' => '1'
    'HTTP_USER_AGENT' => 'Mozilla/5.0 (Windows NT 10.0; Win64; x64) AppleWebKit/537.36 (KHTML, like Gecko) Chrome/143.0.0.0 Safari/537.36'
    'HTTP_ACCEPT' => 'text/html,application/xhtml+xml,application/xml;q=0.9,image/avif,image/webp,image/apng,*/*;q=0.8,application/signed-exchange;v=b3;q=0.7'
    'HTTP_SEC_FETCH_SITE' => 'same-origin'
    'HTTP_SEC_FETCH_MODE' => 'navigate'
    'HTTP_SEC_FETCH_USER' => '?1'
    'HTTP_SEC_FETCH_DEST' => 'document'
    'HTTP_REFERER' => 'http://localhost/tripplan-web/tripplan/frontend/web/estadia/index'
    'HTTP_ACCEPT_ENCODING' => 'gzip, deflate, br, zstd'
    'HTTP_ACCEPT_LANGUAGE' => 'pt-PT,pt;q=0.9,en-US;q=0.8,en;q=0.7'
    'HTTP_COOKIE' => 'Phpstorm-103aa988=bf38dfb5-04b5-4849-a933-fbc4e7b3e27f; _identity-backend=0056de632f8441a62c024e0c9bb0151a886f02adf425d5dba02a7dc6230a64f2a%3A2%3A%7Bi%3A0%3Bs%3A17%3A%22_identity-backend%22%3Bi%3A1%3Bs%3A46%3A%22%5B8%2C%22F8iSIrBPc2WeseOIPDgZsgsdkTU2Ufqt%22%2C2592000%5D%22%3B%7D; sidebar-collapse=false; _identity-frontend=01aebbe17af5cf269d57ad8fa9d7b0a3e66d6e5403c26ad0936cf8e478f1a3dca%3A2%3A%7Bi%3A0%3Bs%3A18%3A%22_identity-frontend%22%3Bi%3A1%3Bs%3A46%3A%22%5B5%2C%22XtQljr3I7zzomKmcSywhu1fSRKmNTnWE%22%2C2592000%5D%22%3B%7D; advanced-frontend=o5lbi15b66g6q8him0ejmjvb77; _csrf-frontend=2baa5d6f1f5b5b7ed04f94dc3487fdfca6597a2edb41ad6d94fc2deac8eddf58a%3A2%3A%7Bi%3A0%3Bs%3A14%3A%22_csrf-frontend%22%3Bi%3A1%3Bs%3A32%3A%22Z0LZ5kyEoGcN18SfCHCRLULHehAGRwoG%22%3B%7D; _csrf-backend=319b23a394cc7b30b6e103301d35670f7f5759f821af35b7846e96429d15d963a%3A2%3A%7Bi%3A0%3Bs%3A13%3A%22_csrf-backend%22%3Bi%3A1%3Bs%3A32%3A%22A_wVpiWq6w5HO4U62J4kK4ZM-YpOk18q%22%3B%7D; advanced-backend=ahrugmq51e4vtudc82gvib1lkn'
    'PATH' => 'C:\\Program Files\\Common Files\\Oracle\\Java\\javapath;C:\\Program Files (x86)\\NVIDIA Corporation\\PhysX\\Common;C:\\WINDOWS\\system32;C:\\WINDOWS;C:\\WINDOWS\\System32\\Wbem;C:\\WINDOWS\\System32\\WindowsPowerShell\\v1.0\\;C:\\WINDOWS\\System32\\OpenSSH\\;C:\\msys64\\ucrt64\\bin;C:\\Program Files\\Microsoft SQL Server\\150\\Tools\\Binn\\;C:\\Program Files\\dotnet\\;C:\\Program Files\\Microsoft SQL Server\\Client SDK\\ODBC\\170\\Tools\\Binn\\;C:\\wamp64\\bin\\php\\php8.1.31;C:\\ProgramData\\ComposerSetup\\bin;C:\\Program Files\\Git\\cmd;C:\\WINDOWS\\system32\\config\\systemprofile\\AppData\\Local\\Microsoft\\WindowsApps'
    'SystemRoot' => 'C:\\WINDOWS'
    'COMSPEC' => 'C:\\WINDOWS\\system32\\cmd.exe'
    'PATHEXT' => '.COM;.EXE;.BAT;.CMD;.VBS;.VBE;.JS;.JSE;.WSF;.WSH;.MSC'
    'WINDIR' => 'C:\\WINDOWS'
    'SERVER_SIGNATURE' => '<address>Apache/2.4.62 (Win64) PHP/8.1.31 mod_fcgid/2.3.10-dev Server at localhost Port 80</address>
'
    'SERVER_SOFTWARE' => 'Apache/2.4.62 (Win64) PHP/8.1.31 mod_fcgid/2.3.10-dev'
    'SERVER_NAME' => 'localhost'
    'SERVER_ADDR' => '::1'
    'SERVER_PORT' => '80'
    'REMOTE_ADDR' => '::1'
    'DOCUMENT_ROOT' => 'C:/wamp64/www'
    'REQUEST_SCHEME' => 'http'
    'CONTEXT_PREFIX' => ''
    'CONTEXT_DOCUMENT_ROOT' => 'C:/wamp64/www'
    'SERVER_ADMIN' => 'wampserver@wampserver.invalid'
    'SCRIPT_FILENAME' => 'C:/wamp64/www/tripplan-web/tripplan/frontend/web/index.php'
    'REMOTE_PORT' => '63860'
    'REDIRECT_URL' => '/tripplan-web/tripplan/frontend/web/estadia/create'
    'GATEWAY_INTERFACE' => 'CGI/1.1'
    'SERVER_PROTOCOL' => 'HTTP/1.1'
    'REQUEST_METHOD' => 'GET'
    'QUERY_STRING' => ''
    'REQUEST_URI' => '/tripplan-web/tripplan/frontend/web/estadia/create'
    'SCRIPT_NAME' => '/tripplan-web/tripplan/frontend/web/index.php'
    'PHP_SELF' => '/tripplan-web/tripplan/frontend/web/index.php'
    'REQUEST_TIME_FLOAT' => 1767567266.6351
    'REQUEST_TIME' => 1767567266
]
2026-01-04 22:56:19 [::1][5][o5lbi15b66g6q8him0ejmjvb77][error][yii\web\HttpException:400] yii\web\BadRequestHttpException: Missing required parameters: destino_id in C:\wamp64\www\tripplan-web\tripplan\vendor\yiisoft\yii2\web\Controller.php:173
Stack trace:
#0 C:\wamp64\www\tripplan-web\tripplan\vendor\yiisoft\yii2\base\InlineAction.php(54): yii\web\Controller->bindActionParams(Object(yii\base\InlineAction), Array)
#1 C:\wamp64\www\tripplan-web\tripplan\vendor\yiisoft\yii2\base\Controller.php(184): yii\base\InlineAction->runWithParams(Array)
#2 C:\wamp64\www\tripplan-web\tripplan\vendor\yiisoft\yii2\base\Module.php(555): yii\base\Controller->runAction('create', Array)
#3 C:\wamp64\www\tripplan-web\tripplan\vendor\yiisoft\yii2\web\Application.php(103): yii\base\Module->runAction('estadia/create', Array)
#4 C:\wamp64\www\tripplan-web\tripplan\vendor\yiisoft\yii2\base\Application.php(387): yii\web\Application->handleRequest(Object(yii\web\Request))
#5 C:\wamp64\www\tripplan-web\tripplan\frontend\web\index.php(18): yii\base\Application->run()
#6 {main}
2026-01-04 22:56:19 [::1][5][o5lbi15b66g6q8him0ejmjvb77][info][application] $_GET = []

$_POST = []

$_FILES = []

$_COOKIE = [
    'Phpstorm-103aa988' => 'bf38dfb5-04b5-4849-a933-fbc4e7b3e27f'
    '_identity-backend' => '0056de632f8441a62c024e0c9bb0151a886f02adf425d5dba02a7dc6230a64f2a:2:{i:0;s:17:\"_identity-backend\";i:1;s:46:\"[8,\"F8iSIrBPc2WeseOIPDgZsgsdkTU2Ufqt\",2592000]\";}'
    'sidebar-collapse' => 'false'
    '_identity-frontend' => '01aebbe17af5cf269d57ad8fa9d7b0a3e66d6e5403c26ad0936cf8e478f1a3dca:2:{i:0;s:18:\"_identity-frontend\";i:1;s:46:\"[5,\"XtQljr3I7zzomKmcSywhu1fSRKmNTnWE\",2592000]\";}'
    'advanced-frontend' => 'o5lbi15b66g6q8him0ejmjvb77'
    '_csrf-frontend' => '2baa5d6f1f5b5b7ed04f94dc3487fdfca6597a2edb41ad6d94fc2deac8eddf58a:2:{i:0;s:14:\"_csrf-frontend\";i:1;s:32:\"Z0LZ5kyEoGcN18SfCHCRLULHehAGRwoG\";}'
    '_csrf-backend' => '319b23a394cc7b30b6e103301d35670f7f5759f821af35b7846e96429d15d963a:2:{i:0;s:13:\"_csrf-backend\";i:1;s:32:\"A_wVpiWq6w5HO4U62J4kK4ZM-YpOk18q\";}'
    'advanced-backend' => 'ahrugmq51e4vtudc82gvib1lkn'
]

$_SESSION = [
    '__flash' => [
        'success' => -1
    ]
    '__id' => 5
    '__authKey' => 'XtQljr3I7zzomKmcSywhu1fSRKmNTnWE'
    'success' => 'Removido dos Favoritos'
]

$_SERVER = [
    'REDIRECT_STATUS' => '200'
    'HTTP_HOST' => 'localhost'
    'HTTP_CONNECTION' => 'keep-alive'
    'HTTP_CACHE_CONTROL' => 'max-age=0'
    'HTTP_SEC_CH_UA' => '\"Google Chrome\";v=\"143\", \"Chromium\";v=\"143\", \"Not A(Brand\";v=\"24\"'
    'HTTP_SEC_CH_UA_MOBILE' => '?0'
    'HTTP_SEC_CH_UA_PLATFORM' => '\"Windows\"'
    'HTTP_UPGRADE_INSECURE_REQUESTS' => '1'
    'HTTP_USER_AGENT' => 'Mozilla/5.0 (Windows NT 10.0; Win64; x64) AppleWebKit/537.36 (KHTML, like Gecko) Chrome/143.0.0.0 Safari/537.36'
    'HTTP_ACCEPT' => 'text/html,application/xhtml+xml,application/xml;q=0.9,image/avif,image/webp,image/apng,*/*;q=0.8,application/signed-exchange;v=b3;q=0.7'
    'HTTP_SEC_FETCH_SITE' => 'same-origin'
    'HTTP_SEC_FETCH_MODE' => 'navigate'
    'HTTP_SEC_FETCH_USER' => '?1'
    'HTTP_SEC_FETCH_DEST' => 'document'
    'HTTP_REFERER' => 'http://localhost/tripplan-web/tripplan/frontend/web/estadia/index'
    'HTTP_ACCEPT_ENCODING' => 'gzip, deflate, br, zstd'
    'HTTP_ACCEPT_LANGUAGE' => 'pt-PT,pt;q=0.9,en-US;q=0.8,en;q=0.7'
    'HTTP_COOKIE' => 'Phpstorm-103aa988=bf38dfb5-04b5-4849-a933-fbc4e7b3e27f; _identity-backend=0056de632f8441a62c024e0c9bb0151a886f02adf425d5dba02a7dc6230a64f2a%3A2%3A%7Bi%3A0%3Bs%3A17%3A%22_identity-backend%22%3Bi%3A1%3Bs%3A46%3A%22%5B8%2C%22F8iSIrBPc2WeseOIPDgZsgsdkTU2Ufqt%22%2C2592000%5D%22%3B%7D; sidebar-collapse=false; _identity-frontend=01aebbe17af5cf269d57ad8fa9d7b0a3e66d6e5403c26ad0936cf8e478f1a3dca%3A2%3A%7Bi%3A0%3Bs%3A18%3A%22_identity-frontend%22%3Bi%3A1%3Bs%3A46%3A%22%5B5%2C%22XtQljr3I7zzomKmcSywhu1fSRKmNTnWE%22%2C2592000%5D%22%3B%7D; advanced-frontend=o5lbi15b66g6q8him0ejmjvb77; _csrf-frontend=2baa5d6f1f5b5b7ed04f94dc3487fdfca6597a2edb41ad6d94fc2deac8eddf58a%3A2%3A%7Bi%3A0%3Bs%3A14%3A%22_csrf-frontend%22%3Bi%3A1%3Bs%3A32%3A%22Z0LZ5kyEoGcN18SfCHCRLULHehAGRwoG%22%3B%7D; _csrf-backend=319b23a394cc7b30b6e103301d35670f7f5759f821af35b7846e96429d15d963a%3A2%3A%7Bi%3A0%3Bs%3A13%3A%22_csrf-backend%22%3Bi%3A1%3Bs%3A32%3A%22A_wVpiWq6w5HO4U62J4kK4ZM-YpOk18q%22%3B%7D; advanced-backend=ahrugmq51e4vtudc82gvib1lkn'
    'PATH' => 'C:\\Program Files\\Common Files\\Oracle\\Java\\javapath;C:\\Program Files (x86)\\NVIDIA Corporation\\PhysX\\Common;C:\\WINDOWS\\system32;C:\\WINDOWS;C:\\WINDOWS\\System32\\Wbem;C:\\WINDOWS\\System32\\WindowsPowerShell\\v1.0\\;C:\\WINDOWS\\System32\\OpenSSH\\;C:\\msys64\\ucrt64\\bin;C:\\Program Files\\Microsoft SQL Server\\150\\Tools\\Binn\\;C:\\Program Files\\dotnet\\;C:\\Program Files\\Microsoft SQL Server\\Client SDK\\ODBC\\170\\Tools\\Binn\\;C:\\wamp64\\bin\\php\\php8.1.31;C:\\ProgramData\\ComposerSetup\\bin;C:\\Program Files\\Git\\cmd;C:\\WINDOWS\\system32\\config\\systemprofile\\AppData\\Local\\Microsoft\\WindowsApps'
    'SystemRoot' => 'C:\\WINDOWS'
    'COMSPEC' => 'C:\\WINDOWS\\system32\\cmd.exe'
    'PATHEXT' => '.COM;.EXE;.BAT;.CMD;.VBS;.VBE;.JS;.JSE;.WSF;.WSH;.MSC'
    'WINDIR' => 'C:\\WINDOWS'
    'SERVER_SIGNATURE' => '<address>Apache/2.4.62 (Win64) PHP/8.1.31 mod_fcgid/2.3.10-dev Server at localhost Port 80</address>
'
    'SERVER_SOFTWARE' => 'Apache/2.4.62 (Win64) PHP/8.1.31 mod_fcgid/2.3.10-dev'
    'SERVER_NAME' => 'localhost'
    'SERVER_ADDR' => '::1'
    'SERVER_PORT' => '80'
    'REMOTE_ADDR' => '::1'
    'DOCUMENT_ROOT' => 'C:/wamp64/www'
    'REQUEST_SCHEME' => 'http'
    'CONTEXT_PREFIX' => ''
    'CONTEXT_DOCUMENT_ROOT' => 'C:/wamp64/www'
    'SERVER_ADMIN' => 'wampserver@wampserver.invalid'
    'SCRIPT_FILENAME' => 'C:/wamp64/www/tripplan-web/tripplan/frontend/web/index.php'
    'REMOTE_PORT' => '63892'
    'REDIRECT_URL' => '/tripplan-web/tripplan/frontend/web/estadia/create'
    'GATEWAY_INTERFACE' => 'CGI/1.1'
    'SERVER_PROTOCOL' => 'HTTP/1.1'
    'REQUEST_METHOD' => 'GET'
    'QUERY_STRING' => ''
    'REQUEST_URI' => '/tripplan-web/tripplan/frontend/web/estadia/create'
    'SCRIPT_NAME' => '/tripplan-web/tripplan/frontend/web/index.php'
    'PHP_SELF' => '/tripplan-web/tripplan/frontend/web/index.php'
    'REQUEST_TIME_FLOAT' => 1767567379.3081
    'REQUEST_TIME' => 1767567379
]
2026-01-04 22:56:20 [::1][5][o5lbi15b66g6q8him0ejmjvb77][error][yii\web\HttpException:400] yii\web\BadRequestHttpException: Missing required parameters: destino_id in C:\wamp64\www\tripplan-web\tripplan\vendor\yiisoft\yii2\web\Controller.php:173
Stack trace:
#0 C:\wamp64\www\tripplan-web\tripplan\vendor\yiisoft\yii2\base\InlineAction.php(54): yii\web\Controller->bindActionParams(Object(yii\base\InlineAction), Array)
#1 C:\wamp64\www\tripplan-web\tripplan\vendor\yiisoft\yii2\base\Controller.php(184): yii\base\InlineAction->runWithParams(Array)
#2 C:\wamp64\www\tripplan-web\tripplan\vendor\yiisoft\yii2\base\Module.php(555): yii\base\Controller->runAction('create', Array)
#3 C:\wamp64\www\tripplan-web\tripplan\vendor\yiisoft\yii2\web\Application.php(103): yii\base\Module->runAction('estadia/create', Array)
#4 C:\wamp64\www\tripplan-web\tripplan\vendor\yiisoft\yii2\base\Application.php(387): yii\web\Application->handleRequest(Object(yii\web\Request))
#5 C:\wamp64\www\tripplan-web\tripplan\frontend\web\index.php(18): yii\base\Application->run()
#6 {main}
2026-01-04 22:56:20 [::1][5][o5lbi15b66g6q8him0ejmjvb77][info][application] $_GET = []

$_POST = []

$_FILES = []

$_COOKIE = [
    'Phpstorm-103aa988' => 'bf38dfb5-04b5-4849-a933-fbc4e7b3e27f'
    '_identity-backend' => '0056de632f8441a62c024e0c9bb0151a886f02adf425d5dba02a7dc6230a64f2a:2:{i:0;s:17:\"_identity-backend\";i:1;s:46:\"[8,\"F8iSIrBPc2WeseOIPDgZsgsdkTU2Ufqt\",2592000]\";}'
    'sidebar-collapse' => 'false'
    '_identity-frontend' => '01aebbe17af5cf269d57ad8fa9d7b0a3e66d6e5403c26ad0936cf8e478f1a3dca:2:{i:0;s:18:\"_identity-frontend\";i:1;s:46:\"[5,\"XtQljr3I7zzomKmcSywhu1fSRKmNTnWE\",2592000]\";}'
    'advanced-frontend' => 'o5lbi15b66g6q8him0ejmjvb77'
    '_csrf-frontend' => '2baa5d6f1f5b5b7ed04f94dc3487fdfca6597a2edb41ad6d94fc2deac8eddf58a:2:{i:0;s:14:\"_csrf-frontend\";i:1;s:32:\"Z0LZ5kyEoGcN18SfCHCRLULHehAGRwoG\";}'
    '_csrf-backend' => '319b23a394cc7b30b6e103301d35670f7f5759f821af35b7846e96429d15d963a:2:{i:0;s:13:\"_csrf-backend\";i:1;s:32:\"A_wVpiWq6w5HO4U62J4kK4ZM-YpOk18q\";}'
    'advanced-backend' => 'ahrugmq51e4vtudc82gvib1lkn'
]

$_SESSION = [
    '__flash' => [
        'success' => -1
    ]
    '__id' => 5
    '__authKey' => 'XtQljr3I7zzomKmcSywhu1fSRKmNTnWE'
    'success' => 'Removido dos Favoritos'
]

$_SERVER = [
    'REDIRECT_STATUS' => '200'
    'HTTP_HOST' => 'localhost'
    'HTTP_CONNECTION' => 'keep-alive'
    'HTTP_CACHE_CONTROL' => 'max-age=0'
    'HTTP_SEC_CH_UA' => '\"Google Chrome\";v=\"143\", \"Chromium\";v=\"143\", \"Not A(Brand\";v=\"24\"'
    'HTTP_SEC_CH_UA_MOBILE' => '?0'
    'HTTP_SEC_CH_UA_PLATFORM' => '\"Windows\"'
    'HTTP_UPGRADE_INSECURE_REQUESTS' => '1'
    'HTTP_USER_AGENT' => 'Mozilla/5.0 (Windows NT 10.0; Win64; x64) AppleWebKit/537.36 (KHTML, like Gecko) Chrome/143.0.0.0 Safari/537.36'
    'HTTP_ACCEPT' => 'text/html,application/xhtml+xml,application/xml;q=0.9,image/avif,image/webp,image/apng,*/*;q=0.8,application/signed-exchange;v=b3;q=0.7'
    'HTTP_SEC_FETCH_SITE' => 'same-origin'
    'HTTP_SEC_FETCH_MODE' => 'navigate'
    'HTTP_SEC_FETCH_USER' => '?1'
    'HTTP_SEC_FETCH_DEST' => 'document'
    'HTTP_REFERER' => 'http://localhost/tripplan-web/tripplan/frontend/web/estadia/index'
    'HTTP_ACCEPT_ENCODING' => 'gzip, deflate, br, zstd'
    'HTTP_ACCEPT_LANGUAGE' => 'pt-PT,pt;q=0.9,en-US;q=0.8,en;q=0.7'
    'HTTP_COOKIE' => 'Phpstorm-103aa988=bf38dfb5-04b5-4849-a933-fbc4e7b3e27f; _identity-backend=0056de632f8441a62c024e0c9bb0151a886f02adf425d5dba02a7dc6230a64f2a%3A2%3A%7Bi%3A0%3Bs%3A17%3A%22_identity-backend%22%3Bi%3A1%3Bs%3A46%3A%22%5B8%2C%22F8iSIrBPc2WeseOIPDgZsgsdkTU2Ufqt%22%2C2592000%5D%22%3B%7D; sidebar-collapse=false; _identity-frontend=01aebbe17af5cf269d57ad8fa9d7b0a3e66d6e5403c26ad0936cf8e478f1a3dca%3A2%3A%7Bi%3A0%3Bs%3A18%3A%22_identity-frontend%22%3Bi%3A1%3Bs%3A46%3A%22%5B5%2C%22XtQljr3I7zzomKmcSywhu1fSRKmNTnWE%22%2C2592000%5D%22%3B%7D; advanced-frontend=o5lbi15b66g6q8him0ejmjvb77; _csrf-frontend=2baa5d6f1f5b5b7ed04f94dc3487fdfca6597a2edb41ad6d94fc2deac8eddf58a%3A2%3A%7Bi%3A0%3Bs%3A14%3A%22_csrf-frontend%22%3Bi%3A1%3Bs%3A32%3A%22Z0LZ5kyEoGcN18SfCHCRLULHehAGRwoG%22%3B%7D; _csrf-backend=319b23a394cc7b30b6e103301d35670f7f5759f821af35b7846e96429d15d963a%3A2%3A%7Bi%3A0%3Bs%3A13%3A%22_csrf-backend%22%3Bi%3A1%3Bs%3A32%3A%22A_wVpiWq6w5HO4U62J4kK4ZM-YpOk18q%22%3B%7D; advanced-backend=ahrugmq51e4vtudc82gvib1lkn'
    'PATH' => 'C:\\Program Files\\Common Files\\Oracle\\Java\\javapath;C:\\Program Files (x86)\\NVIDIA Corporation\\PhysX\\Common;C:\\WINDOWS\\system32;C:\\WINDOWS;C:\\WINDOWS\\System32\\Wbem;C:\\WINDOWS\\System32\\WindowsPowerShell\\v1.0\\;C:\\WINDOWS\\System32\\OpenSSH\\;C:\\msys64\\ucrt64\\bin;C:\\Program Files\\Microsoft SQL Server\\150\\Tools\\Binn\\;C:\\Program Files\\dotnet\\;C:\\Program Files\\Microsoft SQL Server\\Client SDK\\ODBC\\170\\Tools\\Binn\\;C:\\wamp64\\bin\\php\\php8.1.31;C:\\ProgramData\\ComposerSetup\\bin;C:\\Program Files\\Git\\cmd;C:\\WINDOWS\\system32\\config\\systemprofile\\AppData\\Local\\Microsoft\\WindowsApps'
    'SystemRoot' => 'C:\\WINDOWS'
    'COMSPEC' => 'C:\\WINDOWS\\system32\\cmd.exe'
    'PATHEXT' => '.COM;.EXE;.BAT;.CMD;.VBS;.VBE;.JS;.JSE;.WSF;.WSH;.MSC'
    'WINDIR' => 'C:\\WINDOWS'
    'SERVER_SIGNATURE' => '<address>Apache/2.4.62 (Win64) PHP/8.1.31 mod_fcgid/2.3.10-dev Server at localhost Port 80</address>
'
    'SERVER_SOFTWARE' => 'Apache/2.4.62 (Win64) PHP/8.1.31 mod_fcgid/2.3.10-dev'
    'SERVER_NAME' => 'localhost'
    'SERVER_ADDR' => '::1'
    'SERVER_PORT' => '80'
    'REMOTE_ADDR' => '::1'
    'DOCUMENT_ROOT' => 'C:/wamp64/www'
    'REQUEST_SCHEME' => 'http'
    'CONTEXT_PREFIX' => ''
    'CONTEXT_DOCUMENT_ROOT' => 'C:/wamp64/www'
    'SERVER_ADMIN' => 'wampserver@wampserver.invalid'
    'SCRIPT_FILENAME' => 'C:/wamp64/www/tripplan-web/tripplan/frontend/web/index.php'
    'REMOTE_PORT' => '63897'
    'REDIRECT_URL' => '/tripplan-web/tripplan/frontend/web/estadia/create'
    'GATEWAY_INTERFACE' => 'CGI/1.1'
    'SERVER_PROTOCOL' => 'HTTP/1.1'
    'REQUEST_METHOD' => 'GET'
    'QUERY_STRING' => ''
    'REQUEST_URI' => '/tripplan-web/tripplan/frontend/web/estadia/create'
    'SCRIPT_NAME' => '/tripplan-web/tripplan/frontend/web/index.php'
    'PHP_SELF' => '/tripplan-web/tripplan/frontend/web/index.php'
    'REQUEST_TIME_FLOAT' => 1767567380.9245
    'REQUEST_TIME' => 1767567380
]
2026-01-04 23:07:22 [::1][5][o5lbi15b66g6q8him0ejmjvb77][error][yii\web\HttpException:400] yii\web\BadRequestHttpException: Missing required parameters: destino_id in C:\wamp64\www\tripplan-web\tripplan\vendor\yiisoft\yii2\web\Controller.php:173
Stack trace:
#0 C:\wamp64\www\tripplan-web\tripplan\vendor\yiisoft\yii2\base\InlineAction.php(54): yii\web\Controller->bindActionParams(Object(yii\base\InlineAction), Array)
#1 C:\wamp64\www\tripplan-web\tripplan\vendor\yiisoft\yii2\base\Controller.php(184): yii\base\InlineAction->runWithParams(Array)
#2 C:\wamp64\www\tripplan-web\tripplan\vendor\yiisoft\yii2\base\Module.php(555): yii\base\Controller->runAction('create', Array)
#3 C:\wamp64\www\tripplan-web\tripplan\vendor\yiisoft\yii2\web\Application.php(103): yii\base\Module->runAction('estadia/create', Array)
#4 C:\wamp64\www\tripplan-web\tripplan\vendor\yiisoft\yii2\base\Application.php(387): yii\web\Application->handleRequest(Object(yii\web\Request))
#5 C:\wamp64\www\tripplan-web\tripplan\frontend\web\index.php(18): yii\base\Application->run()
#6 {main}
2026-01-04 23:07:22 [::1][5][o5lbi15b66g6q8him0ejmjvb77][info][application] $_GET = []

$_POST = []

$_FILES = []

$_COOKIE = [
    'Phpstorm-103aa988' => 'bf38dfb5-04b5-4849-a933-fbc4e7b3e27f'
    '_identity-backend' => '0056de632f8441a62c024e0c9bb0151a886f02adf425d5dba02a7dc6230a64f2a:2:{i:0;s:17:\"_identity-backend\";i:1;s:46:\"[8,\"F8iSIrBPc2WeseOIPDgZsgsdkTU2Ufqt\",2592000]\";}'
    'sidebar-collapse' => 'false'
    '_identity-frontend' => '01aebbe17af5cf269d57ad8fa9d7b0a3e66d6e5403c26ad0936cf8e478f1a3dca:2:{i:0;s:18:\"_identity-frontend\";i:1;s:46:\"[5,\"XtQljr3I7zzomKmcSywhu1fSRKmNTnWE\",2592000]\";}'
    'advanced-frontend' => 'o5lbi15b66g6q8him0ejmjvb77'
    '_csrf-frontend' => '2baa5d6f1f5b5b7ed04f94dc3487fdfca6597a2edb41ad6d94fc2deac8eddf58a:2:{i:0;s:14:\"_csrf-frontend\";i:1;s:32:\"Z0LZ5kyEoGcN18SfCHCRLULHehAGRwoG\";}'
    '_csrf-backend' => '319b23a394cc7b30b6e103301d35670f7f5759f821af35b7846e96429d15d963a:2:{i:0;s:13:\"_csrf-backend\";i:1;s:32:\"A_wVpiWq6w5HO4U62J4kK4ZM-YpOk18q\";}'
    'advanced-backend' => 'ahrugmq51e4vtudc82gvib1lkn'
]

$_SESSION = [
    '__flash' => [
        'success' => -1
    ]
    '__id' => 5
    '__authKey' => 'XtQljr3I7zzomKmcSywhu1fSRKmNTnWE'
    'success' => 'Removido dos Favoritos'
]

$_SERVER = [
    'REDIRECT_STATUS' => '200'
    'HTTP_HOST' => 'localhost'
    'HTTP_CONNECTION' => 'keep-alive'
    'HTTP_SEC_CH_UA' => '\"Google Chrome\";v=\"143\", \"Chromium\";v=\"143\", \"Not A(Brand\";v=\"24\"'
    'HTTP_SEC_CH_UA_MOBILE' => '?0'
    'HTTP_SEC_CH_UA_PLATFORM' => '\"Windows\"'
    'HTTP_UPGRADE_INSECURE_REQUESTS' => '1'
    'HTTP_USER_AGENT' => 'Mozilla/5.0 (Windows NT 10.0; Win64; x64) AppleWebKit/537.36 (KHTML, like Gecko) Chrome/143.0.0.0 Safari/537.36'
    'HTTP_ACCEPT' => 'text/html,application/xhtml+xml,application/xml;q=0.9,image/avif,image/webp,image/apng,*/*;q=0.8,application/signed-exchange;v=b3;q=0.7'
    'HTTP_SEC_FETCH_SITE' => 'same-origin'
    'HTTP_SEC_FETCH_MODE' => 'navigate'
    'HTTP_SEC_FETCH_USER' => '?1'
    'HTTP_SEC_FETCH_DEST' => 'document'
    'HTTP_REFERER' => 'http://localhost/tripplan-web/tripplan/frontend/web/estadia/index'
    'HTTP_ACCEPT_ENCODING' => 'gzip, deflate, br, zstd'
    'HTTP_ACCEPT_LANGUAGE' => 'pt-PT,pt;q=0.9,en-US;q=0.8,en;q=0.7'
    'HTTP_COOKIE' => 'Phpstorm-103aa988=bf38dfb5-04b5-4849-a933-fbc4e7b3e27f; _identity-backend=0056de632f8441a62c024e0c9bb0151a886f02adf425d5dba02a7dc6230a64f2a%3A2%3A%7Bi%3A0%3Bs%3A17%3A%22_identity-backend%22%3Bi%3A1%3Bs%3A46%3A%22%5B8%2C%22F8iSIrBPc2WeseOIPDgZsgsdkTU2Ufqt%22%2C2592000%5D%22%3B%7D; sidebar-collapse=false; _identity-frontend=01aebbe17af5cf269d57ad8fa9d7b0a3e66d6e5403c26ad0936cf8e478f1a3dca%3A2%3A%7Bi%3A0%3Bs%3A18%3A%22_identity-frontend%22%3Bi%3A1%3Bs%3A46%3A%22%5B5%2C%22XtQljr3I7zzomKmcSywhu1fSRKmNTnWE%22%2C2592000%5D%22%3B%7D; advanced-frontend=o5lbi15b66g6q8him0ejmjvb77; _csrf-frontend=2baa5d6f1f5b5b7ed04f94dc3487fdfca6597a2edb41ad6d94fc2deac8eddf58a%3A2%3A%7Bi%3A0%3Bs%3A14%3A%22_csrf-frontend%22%3Bi%3A1%3Bs%3A32%3A%22Z0LZ5kyEoGcN18SfCHCRLULHehAGRwoG%22%3B%7D; _csrf-backend=319b23a394cc7b30b6e103301d35670f7f5759f821af35b7846e96429d15d963a%3A2%3A%7Bi%3A0%3Bs%3A13%3A%22_csrf-backend%22%3Bi%3A1%3Bs%3A32%3A%22A_wVpiWq6w5HO4U62J4kK4ZM-YpOk18q%22%3B%7D; advanced-backend=ahrugmq51e4vtudc82gvib1lkn'
    'PATH' => 'C:\\Program Files\\Common Files\\Oracle\\Java\\javapath;C:\\Program Files (x86)\\NVIDIA Corporation\\PhysX\\Common;C:\\WINDOWS\\system32;C:\\WINDOWS;C:\\WINDOWS\\System32\\Wbem;C:\\WINDOWS\\System32\\WindowsPowerShell\\v1.0\\;C:\\WINDOWS\\System32\\OpenSSH\\;C:\\msys64\\ucrt64\\bin;C:\\Program Files\\Microsoft SQL Server\\150\\Tools\\Binn\\;C:\\Program Files\\dotnet\\;C:\\Program Files\\Microsoft SQL Server\\Client SDK\\ODBC\\170\\Tools\\Binn\\;C:\\wamp64\\bin\\php\\php8.1.31;C:\\ProgramData\\ComposerSetup\\bin;C:\\Program Files\\Git\\cmd;C:\\WINDOWS\\system32\\config\\systemprofile\\AppData\\Local\\Microsoft\\WindowsApps'
    'SystemRoot' => 'C:\\WINDOWS'
    'COMSPEC' => 'C:\\WINDOWS\\system32\\cmd.exe'
    'PATHEXT' => '.COM;.EXE;.BAT;.CMD;.VBS;.VBE;.JS;.JSE;.WSF;.WSH;.MSC'
    'WINDIR' => 'C:\\WINDOWS'
    'SERVER_SIGNATURE' => '<address>Apache/2.4.62 (Win64) PHP/8.1.31 mod_fcgid/2.3.10-dev Server at localhost Port 80</address>
'
    'SERVER_SOFTWARE' => 'Apache/2.4.62 (Win64) PHP/8.1.31 mod_fcgid/2.3.10-dev'
    'SERVER_NAME' => 'localhost'
    'SERVER_ADDR' => '::1'
    'SERVER_PORT' => '80'
    'REMOTE_ADDR' => '::1'
    'DOCUMENT_ROOT' => 'C:/wamp64/www'
    'REQUEST_SCHEME' => 'http'
    'CONTEXT_PREFIX' => ''
    'CONTEXT_DOCUMENT_ROOT' => 'C:/wamp64/www'
    'SERVER_ADMIN' => 'wampserver@wampserver.invalid'
    'SCRIPT_FILENAME' => 'C:/wamp64/www/tripplan-web/tripplan/frontend/web/index.php'
    'REMOTE_PORT' => '64037'
    'REDIRECT_URL' => '/tripplan-web/tripplan/frontend/web/estadia/create'
    'GATEWAY_INTERFACE' => 'CGI/1.1'
    'SERVER_PROTOCOL' => 'HTTP/1.1'
    'REQUEST_METHOD' => 'GET'
    'QUERY_STRING' => ''
    'REQUEST_URI' => '/tripplan-web/tripplan/frontend/web/estadia/create'
    'SCRIPT_NAME' => '/tripplan-web/tripplan/frontend/web/index.php'
    'PHP_SELF' => '/tripplan-web/tripplan/frontend/web/index.php'
    'REQUEST_TIME_FLOAT' => 1767568042.4009
    'REQUEST_TIME' => 1767568042
]
2026-01-04 23:08:22 [::1][5][o5lbi15b66g6q8him0ejmjvb77][error][yii\web\HttpException:400] yii\web\BadRequestHttpException: Missing required parameters: destino_id in C:\wamp64\www\tripplan-web\tripplan\vendor\yiisoft\yii2\web\Controller.php:173
Stack trace:
#0 C:\wamp64\www\tripplan-web\tripplan\vendor\yiisoft\yii2\base\InlineAction.php(54): yii\web\Controller->bindActionParams(Object(yii\base\InlineAction), Array)
#1 C:\wamp64\www\tripplan-web\tripplan\vendor\yiisoft\yii2\base\Controller.php(184): yii\base\InlineAction->runWithParams(Array)
#2 C:\wamp64\www\tripplan-web\tripplan\vendor\yiisoft\yii2\base\Module.php(555): yii\base\Controller->runAction('create', Array)
#3 C:\wamp64\www\tripplan-web\tripplan\vendor\yiisoft\yii2\web\Application.php(103): yii\base\Module->runAction('estadia/create', Array)
#4 C:\wamp64\www\tripplan-web\tripplan\vendor\yiisoft\yii2\base\Application.php(387): yii\web\Application->handleRequest(Object(yii\web\Request))
#5 C:\wamp64\www\tripplan-web\tripplan\frontend\web\index.php(18): yii\base\Application->run()
#6 {main}
2026-01-04 23:08:22 [::1][5][o5lbi15b66g6q8him0ejmjvb77][info][application] $_GET = []

$_POST = []

$_FILES = []

$_COOKIE = [
    'Phpstorm-103aa988' => 'bf38dfb5-04b5-4849-a933-fbc4e7b3e27f'
    '_identity-backend' => '0056de632f8441a62c024e0c9bb0151a886f02adf425d5dba02a7dc6230a64f2a:2:{i:0;s:17:\"_identity-backend\";i:1;s:46:\"[8,\"F8iSIrBPc2WeseOIPDgZsgsdkTU2Ufqt\",2592000]\";}'
    'sidebar-collapse' => 'false'
    '_identity-frontend' => '01aebbe17af5cf269d57ad8fa9d7b0a3e66d6e5403c26ad0936cf8e478f1a3dca:2:{i:0;s:18:\"_identity-frontend\";i:1;s:46:\"[5,\"XtQljr3I7zzomKmcSywhu1fSRKmNTnWE\",2592000]\";}'
    'advanced-frontend' => 'o5lbi15b66g6q8him0ejmjvb77'
    '_csrf-frontend' => '2baa5d6f1f5b5b7ed04f94dc3487fdfca6597a2edb41ad6d94fc2deac8eddf58a:2:{i:0;s:14:\"_csrf-frontend\";i:1;s:32:\"Z0LZ5kyEoGcN18SfCHCRLULHehAGRwoG\";}'
    '_csrf-backend' => '319b23a394cc7b30b6e103301d35670f7f5759f821af35b7846e96429d15d963a:2:{i:0;s:13:\"_csrf-backend\";i:1;s:32:\"A_wVpiWq6w5HO4U62J4kK4ZM-YpOk18q\";}'
    'advanced-backend' => 'ahrugmq51e4vtudc82gvib1lkn'
]

$_SESSION = [
    '__flash' => [
        'success' => -1
    ]
    '__id' => 5
    '__authKey' => 'XtQljr3I7zzomKmcSywhu1fSRKmNTnWE'
    'success' => 'Removido dos Favoritos'
]

$_SERVER = [
    'REDIRECT_STATUS' => '200'
    'HTTP_HOST' => 'localhost'
    'HTTP_CONNECTION' => 'keep-alive'
    'HTTP_CACHE_CONTROL' => 'max-age=0'
    'HTTP_SEC_CH_UA' => '\"Google Chrome\";v=\"143\", \"Chromium\";v=\"143\", \"Not A(Brand\";v=\"24\"'
    'HTTP_SEC_CH_UA_MOBILE' => '?0'
    'HTTP_SEC_CH_UA_PLATFORM' => '\"Windows\"'
    'HTTP_UPGRADE_INSECURE_REQUESTS' => '1'
    'HTTP_USER_AGENT' => 'Mozilla/5.0 (Windows NT 10.0; Win64; x64) AppleWebKit/537.36 (KHTML, like Gecko) Chrome/143.0.0.0 Safari/537.36'
    'HTTP_ACCEPT' => 'text/html,application/xhtml+xml,application/xml;q=0.9,image/avif,image/webp,image/apng,*/*;q=0.8,application/signed-exchange;v=b3;q=0.7'
    'HTTP_SEC_FETCH_SITE' => 'same-origin'
    'HTTP_SEC_FETCH_MODE' => 'navigate'
    'HTTP_SEC_FETCH_USER' => '?1'
    'HTTP_SEC_FETCH_DEST' => 'document'
    'HTTP_REFERER' => 'http://localhost/tripplan-web/tripplan/frontend/web/estadia/index'
    'HTTP_ACCEPT_ENCODING' => 'gzip, deflate, br, zstd'
    'HTTP_ACCEPT_LANGUAGE' => 'pt-PT,pt;q=0.9,en-US;q=0.8,en;q=0.7'
    'HTTP_COOKIE' => 'Phpstorm-103aa988=bf38dfb5-04b5-4849-a933-fbc4e7b3e27f; _identity-backend=0056de632f8441a62c024e0c9bb0151a886f02adf425d5dba02a7dc6230a64f2a%3A2%3A%7Bi%3A0%3Bs%3A17%3A%22_identity-backend%22%3Bi%3A1%3Bs%3A46%3A%22%5B8%2C%22F8iSIrBPc2WeseOIPDgZsgsdkTU2Ufqt%22%2C2592000%5D%22%3B%7D; sidebar-collapse=false; _identity-frontend=01aebbe17af5cf269d57ad8fa9d7b0a3e66d6e5403c26ad0936cf8e478f1a3dca%3A2%3A%7Bi%3A0%3Bs%3A18%3A%22_identity-frontend%22%3Bi%3A1%3Bs%3A46%3A%22%5B5%2C%22XtQljr3I7zzomKmcSywhu1fSRKmNTnWE%22%2C2592000%5D%22%3B%7D; advanced-frontend=o5lbi15b66g6q8him0ejmjvb77; _csrf-frontend=2baa5d6f1f5b5b7ed04f94dc3487fdfca6597a2edb41ad6d94fc2deac8eddf58a%3A2%3A%7Bi%3A0%3Bs%3A14%3A%22_csrf-frontend%22%3Bi%3A1%3Bs%3A32%3A%22Z0LZ5kyEoGcN18SfCHCRLULHehAGRwoG%22%3B%7D; _csrf-backend=319b23a394cc7b30b6e103301d35670f7f5759f821af35b7846e96429d15d963a%3A2%3A%7Bi%3A0%3Bs%3A13%3A%22_csrf-backend%22%3Bi%3A1%3Bs%3A32%3A%22A_wVpiWq6w5HO4U62J4kK4ZM-YpOk18q%22%3B%7D; advanced-backend=ahrugmq51e4vtudc82gvib1lkn'
    'PATH' => 'C:\\Program Files\\Common Files\\Oracle\\Java\\javapath;C:\\Program Files (x86)\\NVIDIA Corporation\\PhysX\\Common;C:\\WINDOWS\\system32;C:\\WINDOWS;C:\\WINDOWS\\System32\\Wbem;C:\\WINDOWS\\System32\\WindowsPowerShell\\v1.0\\;C:\\WINDOWS\\System32\\OpenSSH\\;C:\\msys64\\ucrt64\\bin;C:\\Program Files\\Microsoft SQL Server\\150\\Tools\\Binn\\;C:\\Program Files\\dotnet\\;C:\\Program Files\\Microsoft SQL Server\\Client SDK\\ODBC\\170\\Tools\\Binn\\;C:\\wamp64\\bin\\php\\php8.1.31;C:\\ProgramData\\ComposerSetup\\bin;C:\\Program Files\\Git\\cmd;C:\\WINDOWS\\system32\\config\\systemprofile\\AppData\\Local\\Microsoft\\WindowsApps'
    'SystemRoot' => 'C:\\WINDOWS'
    'COMSPEC' => 'C:\\WINDOWS\\system32\\cmd.exe'
    'PATHEXT' => '.COM;.EXE;.BAT;.CMD;.VBS;.VBE;.JS;.JSE;.WSF;.WSH;.MSC'
    'WINDIR' => 'C:\\WINDOWS'
    'SERVER_SIGNATURE' => '<address>Apache/2.4.62 (Win64) PHP/8.1.31 mod_fcgid/2.3.10-dev Server at localhost Port 80</address>
'
    'SERVER_SOFTWARE' => 'Apache/2.4.62 (Win64) PHP/8.1.31 mod_fcgid/2.3.10-dev'
    'SERVER_NAME' => 'localhost'
    'SERVER_ADDR' => '::1'
    'SERVER_PORT' => '80'
    'REMOTE_ADDR' => '::1'
    'DOCUMENT_ROOT' => 'C:/wamp64/www'
    'REQUEST_SCHEME' => 'http'
    'CONTEXT_PREFIX' => ''
    'CONTEXT_DOCUMENT_ROOT' => 'C:/wamp64/www'
    'SERVER_ADMIN' => 'wampserver@wampserver.invalid'
    'SCRIPT_FILENAME' => 'C:/wamp64/www/tripplan-web/tripplan/frontend/web/index.php'
    'REMOTE_PORT' => '64061'
    'REDIRECT_URL' => '/tripplan-web/tripplan/frontend/web/estadia/create'
    'GATEWAY_INTERFACE' => 'CGI/1.1'
    'SERVER_PROTOCOL' => 'HTTP/1.1'
    'REQUEST_METHOD' => 'GET'
    'QUERY_STRING' => ''
    'REQUEST_URI' => '/tripplan-web/tripplan/frontend/web/estadia/create'
    'SCRIPT_NAME' => '/tripplan-web/tripplan/frontend/web/index.php'
    'PHP_SELF' => '/tripplan-web/tripplan/frontend/web/index.php'
    'REQUEST_TIME_FLOAT' => 1767568102.3324
    'REQUEST_TIME' => 1767568102
]
2026-01-04 23:08:42 [::1][5][o5lbi15b66g6q8him0ejmjvb77][error][yii\base\UnknownPropertyException] yii\base\UnknownPropertyException: Setting unknown property: common\models\Estadia::cidade_aux in C:\wamp64\www\tripplan-web\tripplan\vendor\yiisoft\yii2\base\Component.php:221
Stack trace:
#0 C:\wamp64\www\tripplan-web\tripplan\vendor\yiisoft\yii2\db\BaseActiveRecord.php(322): yii\base\Component->__set('cidade_aux', 'Barcelona')
#1 C:\wamp64\www\tripplan-web\tripplan\frontend\views\plano-viagem\view.php(147): yii\db\BaseActiveRecord->__set('cidade_aux', 'Barcelona')
#2 C:\wamp64\www\tripplan-web\tripplan\vendor\yiisoft\yii2\base\View.php(348): require('C:\\wamp64\\www\\t...')
#3 C:\wamp64\www\tripplan-web\tripplan\vendor\yiisoft\yii2\base\View.php(258): yii\base\View->renderPhpFile('C:\\wamp64\\www\\t...', Array)
#4 C:\wamp64\www\tripplan-web\tripplan\vendor\yiisoft\yii2\base\View.php(157): yii\base\View->renderFile('C:\\wamp64\\www\\t...', Array, Object(frontend\controllers\PlanoViagemController))
#5 C:\wamp64\www\tripplan-web\tripplan\vendor\yiisoft\yii2\base\Controller.php(413): yii\base\View->render('view', Array, Object(frontend\controllers\PlanoViagemController))
#6 C:\wamp64\www\tripplan-web\tripplan\frontend\controllers\PlanoViagemController.php(92): yii\base\Controller->render('view', Array)
#7 [internal function]: frontend\controllers\PlanoViagemController->actionView('16')
#8 C:\wamp64\www\tripplan-web\tripplan\vendor\yiisoft\yii2\base\InlineAction.php(60): call_user_func_array(Array, Array)
#9 C:\wamp64\www\tripplan-web\tripplan\vendor\yiisoft\yii2\base\Controller.php(184): yii\base\InlineAction->runWithParams(Array)
#10 C:\wamp64\www\tripplan-web\tripplan\vendor\yiisoft\yii2\base\Module.php(555): yii\base\Controller->runAction('view', Array)
#11 C:\wamp64\www\tripplan-web\tripplan\vendor\yiisoft\yii2\web\Application.php(103): yii\base\Module->runAction('plano-viagem/vi...', Array)
#12 C:\wamp64\www\tripplan-web\tripplan\vendor\yiisoft\yii2\base\Application.php(387): yii\web\Application->handleRequest(Object(yii\web\Request))
#13 C:\wamp64\www\tripplan-web\tripplan\frontend\web\index.php(18): yii\base\Application->run()
#14 {main}
2026-01-04 23:08:42 [::1][5][o5lbi15b66g6q8him0ejmjvb77][info][application] $_GET = [
    'id' => '16'
]

$_POST = []

$_FILES = []

$_COOKIE = [
    'Phpstorm-103aa988' => 'bf38dfb5-04b5-4849-a933-fbc4e7b3e27f'
    '_identity-backend' => '0056de632f8441a62c024e0c9bb0151a886f02adf425d5dba02a7dc6230a64f2a:2:{i:0;s:17:\"_identity-backend\";i:1;s:46:\"[8,\"F8iSIrBPc2WeseOIPDgZsgsdkTU2Ufqt\",2592000]\";}'
    'sidebar-collapse' => 'false'
    '_identity-frontend' => '01aebbe17af5cf269d57ad8fa9d7b0a3e66d6e5403c26ad0936cf8e478f1a3dca:2:{i:0;s:18:\"_identity-frontend\";i:1;s:46:\"[5,\"XtQljr3I7zzomKmcSywhu1fSRKmNTnWE\",2592000]\";}'
    'advanced-frontend' => 'o5lbi15b66g6q8him0ejmjvb77'
    '_csrf-frontend' => '2baa5d6f1f5b5b7ed04f94dc3487fdfca6597a2edb41ad6d94fc2deac8eddf58a:2:{i:0;s:14:\"_csrf-frontend\";i:1;s:32:\"Z0LZ5kyEoGcN18SfCHCRLULHehAGRwoG\";}'
    '_csrf-backend' => '319b23a394cc7b30b6e103301d35670f7f5759f821af35b7846e96429d15d963a:2:{i:0;s:13:\"_csrf-backend\";i:1;s:32:\"A_wVpiWq6w5HO4U62J4kK4ZM-YpOk18q\";}'
    'advanced-backend' => 'ahrugmq51e4vtudc82gvib1lkn'
]

$_SESSION = [
    '__flash' => [
        'success' => -1
    ]
    '__id' => 5
    '__authKey' => 'XtQljr3I7zzomKmcSywhu1fSRKmNTnWE'
    'success' => 'Removido dos Favoritos'
]

$_SERVER = [
    'REDIRECT_STATUS' => '200'
    'HTTP_HOST' => 'localhost'
    'HTTP_CONNECTION' => 'keep-alive'
    'HTTP_SEC_CH_UA' => '\"Google Chrome\";v=\"143\", \"Chromium\";v=\"143\", \"Not A(Brand\";v=\"24\"'
    'HTTP_SEC_CH_UA_MOBILE' => '?0'
    'HTTP_SEC_CH_UA_PLATFORM' => '\"Windows\"'
    'HTTP_UPGRADE_INSECURE_REQUESTS' => '1'
    'HTTP_USER_AGENT' => 'Mozilla/5.0 (Windows NT 10.0; Win64; x64) AppleWebKit/537.36 (KHTML, like Gecko) Chrome/143.0.0.0 Safari/537.36'
    'HTTP_ACCEPT' => 'text/html,application/xhtml+xml,application/xml;q=0.9,image/avif,image/webp,image/apng,*/*;q=0.8,application/signed-exchange;v=b3;q=0.7'
    'HTTP_SEC_FETCH_SITE' => 'same-origin'
    'HTTP_SEC_FETCH_MODE' => 'navigate'
    'HTTP_SEC_FETCH_USER' => '?1'
    'HTTP_SEC_FETCH_DEST' => 'document'
    'HTTP_REFERER' => 'http://localhost/tripplan-web/tripplan/frontend/web/plano-viagem/index'
    'HTTP_ACCEPT_ENCODING' => 'gzip, deflate, br, zstd'
    'HTTP_ACCEPT_LANGUAGE' => 'pt-PT,pt;q=0.9,en-US;q=0.8,en;q=0.7'
    'HTTP_COOKIE' => 'Phpstorm-103aa988=bf38dfb5-04b5-4849-a933-fbc4e7b3e27f; _identity-backend=0056de632f8441a62c024e0c9bb0151a886f02adf425d5dba02a7dc6230a64f2a%3A2%3A%7Bi%3A0%3Bs%3A17%3A%22_identity-backend%22%3Bi%3A1%3Bs%3A46%3A%22%5B8%2C%22F8iSIrBPc2WeseOIPDgZsgsdkTU2Ufqt%22%2C2592000%5D%22%3B%7D; sidebar-collapse=false; _identity-frontend=01aebbe17af5cf269d57ad8fa9d7b0a3e66d6e5403c26ad0936cf8e478f1a3dca%3A2%3A%7Bi%3A0%3Bs%3A18%3A%22_identity-frontend%22%3Bi%3A1%3Bs%3A46%3A%22%5B5%2C%22XtQljr3I7zzomKmcSywhu1fSRKmNTnWE%22%2C2592000%5D%22%3B%7D; advanced-frontend=o5lbi15b66g6q8him0ejmjvb77; _csrf-frontend=2baa5d6f1f5b5b7ed04f94dc3487fdfca6597a2edb41ad6d94fc2deac8eddf58a%3A2%3A%7Bi%3A0%3Bs%3A14%3A%22_csrf-frontend%22%3Bi%3A1%3Bs%3A32%3A%22Z0LZ5kyEoGcN18SfCHCRLULHehAGRwoG%22%3B%7D; _csrf-backend=319b23a394cc7b30b6e103301d35670f7f5759f821af35b7846e96429d15d963a%3A2%3A%7Bi%3A0%3Bs%3A13%3A%22_csrf-backend%22%3Bi%3A1%3Bs%3A32%3A%22A_wVpiWq6w5HO4U62J4kK4ZM-YpOk18q%22%3B%7D; advanced-backend=ahrugmq51e4vtudc82gvib1lkn'
    'PATH' => 'C:\\Program Files\\Common Files\\Oracle\\Java\\javapath;C:\\Program Files (x86)\\NVIDIA Corporation\\PhysX\\Common;C:\\WINDOWS\\system32;C:\\WINDOWS;C:\\WINDOWS\\System32\\Wbem;C:\\WINDOWS\\System32\\WindowsPowerShell\\v1.0\\;C:\\WINDOWS\\System32\\OpenSSH\\;C:\\msys64\\ucrt64\\bin;C:\\Program Files\\Microsoft SQL Server\\150\\Tools\\Binn\\;C:\\Program Files\\dotnet\\;C:\\Program Files\\Microsoft SQL Server\\Client SDK\\ODBC\\170\\Tools\\Binn\\;C:\\wamp64\\bin\\php\\php8.1.31;C:\\ProgramData\\ComposerSetup\\bin;C:\\Program Files\\Git\\cmd;C:\\WINDOWS\\system32\\config\\systemprofile\\AppData\\Local\\Microsoft\\WindowsApps'
    'SystemRoot' => 'C:\\WINDOWS'
    'COMSPEC' => 'C:\\WINDOWS\\system32\\cmd.exe'
    'PATHEXT' => '.COM;.EXE;.BAT;.CMD;.VBS;.VBE;.JS;.JSE;.WSF;.WSH;.MSC'
    'WINDIR' => 'C:\\WINDOWS'
    'SERVER_SIGNATURE' => '<address>Apache/2.4.62 (Win64) PHP/8.1.31 mod_fcgid/2.3.10-dev Server at localhost Port 80</address>
'
    'SERVER_SOFTWARE' => 'Apache/2.4.62 (Win64) PHP/8.1.31 mod_fcgid/2.3.10-dev'
    'SERVER_NAME' => 'localhost'
    'SERVER_ADDR' => '::1'
    'SERVER_PORT' => '80'
    'REMOTE_ADDR' => '::1'
    'DOCUMENT_ROOT' => 'C:/wamp64/www'
    'REQUEST_SCHEME' => 'http'
    'CONTEXT_PREFIX' => ''
    'CONTEXT_DOCUMENT_ROOT' => 'C:/wamp64/www'
    'SERVER_ADMIN' => 'wampserver@wampserver.invalid'
    'SCRIPT_FILENAME' => 'C:/wamp64/www/tripplan-web/tripplan/frontend/web/index.php'
    'REMOTE_PORT' => '64074'
    'REDIRECT_URL' => '/tripplan-web/tripplan/frontend/web/plano-viagem/view'
    'REDIRECT_QUERY_STRING' => 'id=16'
    'GATEWAY_INTERFACE' => 'CGI/1.1'
    'SERVER_PROTOCOL' => 'HTTP/1.1'
    'REQUEST_METHOD' => 'GET'
    'QUERY_STRING' => 'id=16'
    'REQUEST_URI' => '/tripplan-web/tripplan/frontend/web/plano-viagem/view?id=16'
    'SCRIPT_NAME' => '/tripplan-web/tripplan/frontend/web/index.php'
    'PHP_SELF' => '/tripplan-web/tripplan/frontend/web/index.php'
    'REQUEST_TIME_FLOAT' => 1767568122.6938
    'REQUEST_TIME' => 1767568122
]
2026-01-04 23:08:52 [::1][5][o5lbi15b66g6q8him0ejmjvb77][error][yii\base\UnknownPropertyException] yii\base\UnknownPropertyException: Setting unknown property: common\models\Estadia::cidade_aux in C:\wamp64\www\tripplan-web\tripplan\vendor\yiisoft\yii2\base\Component.php:221
Stack trace:
#0 C:\wamp64\www\tripplan-web\tripplan\vendor\yiisoft\yii2\db\BaseActiveRecord.php(322): yii\base\Component->__set('cidade_aux', 'Barcelona')
#1 C:\wamp64\www\tripplan-web\tripplan\frontend\views\plano-viagem\view.php(139): yii\db\BaseActiveRecord->__set('cidade_aux', 'Barcelona')
#2 C:\wamp64\www\tripplan-web\tripplan\vendor\yiisoft\yii2\base\View.php(348): require('C:\\wamp64\\www\\t...')
#3 C:\wamp64\www\tripplan-web\tripplan\vendor\yiisoft\yii2\base\View.php(258): yii\base\View->renderPhpFile('C:\\wamp64\\www\\t...', Array)
#4 C:\wamp64\www\tripplan-web\tripplan\vendor\yiisoft\yii2\base\View.php(157): yii\base\View->renderFile('C:\\wamp64\\www\\t...', Array, Object(frontend\controllers\PlanoViagemController))
#5 C:\wamp64\www\tripplan-web\tripplan\vendor\yiisoft\yii2\base\Controller.php(413): yii\base\View->render('view', Array, Object(frontend\controllers\PlanoViagemController))
#6 C:\wamp64\www\tripplan-web\tripplan\frontend\controllers\PlanoViagemController.php(92): yii\base\Controller->render('view', Array)
#7 [internal function]: frontend\controllers\PlanoViagemController->actionView('16')
#8 C:\wamp64\www\tripplan-web\tripplan\vendor\yiisoft\yii2\base\InlineAction.php(60): call_user_func_array(Array, Array)
#9 C:\wamp64\www\tripplan-web\tripplan\vendor\yiisoft\yii2\base\Controller.php(184): yii\base\InlineAction->runWithParams(Array)
#10 C:\wamp64\www\tripplan-web\tripplan\vendor\yiisoft\yii2\base\Module.php(555): yii\base\Controller->runAction('view', Array)
#11 C:\wamp64\www\tripplan-web\tripplan\vendor\yiisoft\yii2\web\Application.php(103): yii\base\Module->runAction('plano-viagem/vi...', Array)
#12 C:\wamp64\www\tripplan-web\tripplan\vendor\yiisoft\yii2\base\Application.php(387): yii\web\Application->handleRequest(Object(yii\web\Request))
#13 C:\wamp64\www\tripplan-web\tripplan\frontend\web\index.php(18): yii\base\Application->run()
#14 {main}
2026-01-04 23:08:52 [::1][5][o5lbi15b66g6q8him0ejmjvb77][info][application] $_GET = [
    'id' => '16'
]

$_POST = []

$_FILES = []

$_COOKIE = [
    'Phpstorm-103aa988' => 'bf38dfb5-04b5-4849-a933-fbc4e7b3e27f'
    '_identity-backend' => '0056de632f8441a62c024e0c9bb0151a886f02adf425d5dba02a7dc6230a64f2a:2:{i:0;s:17:\"_identity-backend\";i:1;s:46:\"[8,\"F8iSIrBPc2WeseOIPDgZsgsdkTU2Ufqt\",2592000]\";}'
    'sidebar-collapse' => 'false'
    '_identity-frontend' => '01aebbe17af5cf269d57ad8fa9d7b0a3e66d6e5403c26ad0936cf8e478f1a3dca:2:{i:0;s:18:\"_identity-frontend\";i:1;s:46:\"[5,\"XtQljr3I7zzomKmcSywhu1fSRKmNTnWE\",2592000]\";}'
    'advanced-frontend' => 'o5lbi15b66g6q8him0ejmjvb77'
    '_csrf-frontend' => '2baa5d6f1f5b5b7ed04f94dc3487fdfca6597a2edb41ad6d94fc2deac8eddf58a:2:{i:0;s:14:\"_csrf-frontend\";i:1;s:32:\"Z0LZ5kyEoGcN18SfCHCRLULHehAGRwoG\";}'
    '_csrf-backend' => '319b23a394cc7b30b6e103301d35670f7f5759f821af35b7846e96429d15d963a:2:{i:0;s:13:\"_csrf-backend\";i:1;s:32:\"A_wVpiWq6w5HO4U62J4kK4ZM-YpOk18q\";}'
    'advanced-backend' => 'ahrugmq51e4vtudc82gvib1lkn'
]

$_SESSION = [
    '__flash' => [
        'success' => -1
    ]
    '__id' => 5
    '__authKey' => 'XtQljr3I7zzomKmcSywhu1fSRKmNTnWE'
    'success' => 'Removido dos Favoritos'
]

$_SERVER = [
    'REDIRECT_STATUS' => '200'
    'HTTP_HOST' => 'localhost'
    'HTTP_CONNECTION' => 'keep-alive'
    'HTTP_SEC_CH_UA' => '\"Google Chrome\";v=\"143\", \"Chromium\";v=\"143\", \"Not A(Brand\";v=\"24\"'
    'HTTP_SEC_CH_UA_MOBILE' => '?0'
    'HTTP_SEC_CH_UA_PLATFORM' => '\"Windows\"'
    'HTTP_UPGRADE_INSECURE_REQUESTS' => '1'
    'HTTP_USER_AGENT' => 'Mozilla/5.0 (Windows NT 10.0; Win64; x64) AppleWebKit/537.36 (KHTML, like Gecko) Chrome/143.0.0.0 Safari/537.36'
    'HTTP_ACCEPT' => 'text/html,application/xhtml+xml,application/xml;q=0.9,image/avif,image/webp,image/apng,*/*;q=0.8,application/signed-exchange;v=b3;q=0.7'
    'HTTP_SEC_FETCH_SITE' => 'same-origin'
    'HTTP_SEC_FETCH_MODE' => 'navigate'
    'HTTP_SEC_FETCH_USER' => '?1'
    'HTTP_SEC_FETCH_DEST' => 'document'
    'HTTP_REFERER' => 'http://localhost/tripplan-web/tripplan/frontend/web/plano-viagem/index'
    'HTTP_ACCEPT_ENCODING' => 'gzip, deflate, br, zstd'
    'HTTP_ACCEPT_LANGUAGE' => 'pt-PT,pt;q=0.9,en-US;q=0.8,en;q=0.7'
    'HTTP_COOKIE' => 'Phpstorm-103aa988=bf38dfb5-04b5-4849-a933-fbc4e7b3e27f; _identity-backend=0056de632f8441a62c024e0c9bb0151a886f02adf425d5dba02a7dc6230a64f2a%3A2%3A%7Bi%3A0%3Bs%3A17%3A%22_identity-backend%22%3Bi%3A1%3Bs%3A46%3A%22%5B8%2C%22F8iSIrBPc2WeseOIPDgZsgsdkTU2Ufqt%22%2C2592000%5D%22%3B%7D; sidebar-collapse=false; _identity-frontend=01aebbe17af5cf269d57ad8fa9d7b0a3e66d6e5403c26ad0936cf8e478f1a3dca%3A2%3A%7Bi%3A0%3Bs%3A18%3A%22_identity-frontend%22%3Bi%3A1%3Bs%3A46%3A%22%5B5%2C%22XtQljr3I7zzomKmcSywhu1fSRKmNTnWE%22%2C2592000%5D%22%3B%7D; advanced-frontend=o5lbi15b66g6q8him0ejmjvb77; _csrf-frontend=2baa5d6f1f5b5b7ed04f94dc3487fdfca6597a2edb41ad6d94fc2deac8eddf58a%3A2%3A%7Bi%3A0%3Bs%3A14%3A%22_csrf-frontend%22%3Bi%3A1%3Bs%3A32%3A%22Z0LZ5kyEoGcN18SfCHCRLULHehAGRwoG%22%3B%7D; _csrf-backend=319b23a394cc7b30b6e103301d35670f7f5759f821af35b7846e96429d15d963a%3A2%3A%7Bi%3A0%3Bs%3A13%3A%22_csrf-backend%22%3Bi%3A1%3Bs%3A32%3A%22A_wVpiWq6w5HO4U62J4kK4ZM-YpOk18q%22%3B%7D; advanced-backend=ahrugmq51e4vtudc82gvib1lkn'
    'PATH' => 'C:\\Program Files\\Common Files\\Oracle\\Java\\javapath;C:\\Program Files (x86)\\NVIDIA Corporation\\PhysX\\Common;C:\\WINDOWS\\system32;C:\\WINDOWS;C:\\WINDOWS\\System32\\Wbem;C:\\WINDOWS\\System32\\WindowsPowerShell\\v1.0\\;C:\\WINDOWS\\System32\\OpenSSH\\;C:\\msys64\\ucrt64\\bin;C:\\Program Files\\Microsoft SQL Server\\150\\Tools\\Binn\\;C:\\Program Files\\dotnet\\;C:\\Program Files\\Microsoft SQL Server\\Client SDK\\ODBC\\170\\Tools\\Binn\\;C:\\wamp64\\bin\\php\\php8.1.31;C:\\ProgramData\\ComposerSetup\\bin;C:\\Program Files\\Git\\cmd;C:\\WINDOWS\\system32\\config\\systemprofile\\AppData\\Local\\Microsoft\\WindowsApps'
    'SystemRoot' => 'C:\\WINDOWS'
    'COMSPEC' => 'C:\\WINDOWS\\system32\\cmd.exe'
    'PATHEXT' => '.COM;.EXE;.BAT;.CMD;.VBS;.VBE;.JS;.JSE;.WSF;.WSH;.MSC'
    'WINDIR' => 'C:\\WINDOWS'
    'SERVER_SIGNATURE' => '<address>Apache/2.4.62 (Win64) PHP/8.1.31 mod_fcgid/2.3.10-dev Server at localhost Port 80</address>
'
    'SERVER_SOFTWARE' => 'Apache/2.4.62 (Win64) PHP/8.1.31 mod_fcgid/2.3.10-dev'
    'SERVER_NAME' => 'localhost'
    'SERVER_ADDR' => '::1'
    'SERVER_PORT' => '80'
    'REMOTE_ADDR' => '::1'
    'DOCUMENT_ROOT' => 'C:/wamp64/www'
    'REQUEST_SCHEME' => 'http'
    'CONTEXT_PREFIX' => ''
    'CONTEXT_DOCUMENT_ROOT' => 'C:/wamp64/www'
    'SERVER_ADMIN' => 'wampserver@wampserver.invalid'
    'SCRIPT_FILENAME' => 'C:/wamp64/www/tripplan-web/tripplan/frontend/web/index.php'
    'REMOTE_PORT' => '64088'
    'REDIRECT_URL' => '/tripplan-web/tripplan/frontend/web/plano-viagem/view'
    'REDIRECT_QUERY_STRING' => 'id=16'
    'GATEWAY_INTERFACE' => 'CGI/1.1'
    'SERVER_PROTOCOL' => 'HTTP/1.1'
    'REQUEST_METHOD' => 'GET'
    'QUERY_STRING' => 'id=16'
    'REQUEST_URI' => '/tripplan-web/tripplan/frontend/web/plano-viagem/view?id=16'
    'SCRIPT_NAME' => '/tripplan-web/tripplan/frontend/web/index.php'
    'PHP_SELF' => '/tripplan-web/tripplan/frontend/web/index.php'
    'REQUEST_TIME_FLOAT' => 1767568132.4785
    'REQUEST_TIME' => 1767568132
]
2026-01-04 23:09:12 [::1][5][o5lbi15b66g6q8him0ejmjvb77][error][yii\base\UnknownPropertyException] yii\base\UnknownPropertyException: Setting unknown property: common\models\Estadia::cidade_aux in C:\wamp64\www\tripplan-web\tripplan\vendor\yiisoft\yii2\base\Component.php:221
Stack trace:
#0 C:\wamp64\www\tripplan-web\tripplan\vendor\yiisoft\yii2\db\BaseActiveRecord.php(322): yii\base\Component->__set('cidade_aux', 'Barcelona')
#1 C:\wamp64\www\tripplan-web\tripplan\frontend\views\plano-viagem\view.php(139): yii\db\BaseActiveRecord->__set('cidade_aux', 'Barcelona')
#2 C:\wamp64\www\tripplan-web\tripplan\vendor\yiisoft\yii2\base\View.php(348): require('C:\\wamp64\\www\\t...')
#3 C:\wamp64\www\tripplan-web\tripplan\vendor\yiisoft\yii2\base\View.php(258): yii\base\View->renderPhpFile('C:\\wamp64\\www\\t...', Array)
#4 C:\wamp64\www\tripplan-web\tripplan\vendor\yiisoft\yii2\base\View.php(157): yii\base\View->renderFile('C:\\wamp64\\www\\t...', Array, Object(frontend\controllers\PlanoViagemController))
#5 C:\wamp64\www\tripplan-web\tripplan\vendor\yiisoft\yii2\base\Controller.php(413): yii\base\View->render('view', Array, Object(frontend\controllers\PlanoViagemController))
#6 C:\wamp64\www\tripplan-web\tripplan\frontend\controllers\PlanoViagemController.php(92): yii\base\Controller->render('view', Array)
#7 [internal function]: frontend\controllers\PlanoViagemController->actionView('16')
#8 C:\wamp64\www\tripplan-web\tripplan\vendor\yiisoft\yii2\base\InlineAction.php(60): call_user_func_array(Array, Array)
#9 C:\wamp64\www\tripplan-web\tripplan\vendor\yiisoft\yii2\base\Controller.php(184): yii\base\InlineAction->runWithParams(Array)
#10 C:\wamp64\www\tripplan-web\tripplan\vendor\yiisoft\yii2\base\Module.php(555): yii\base\Controller->runAction('view', Array)
#11 C:\wamp64\www\tripplan-web\tripplan\vendor\yiisoft\yii2\web\Application.php(103): yii\base\Module->runAction('plano-viagem/vi...', Array)
#12 C:\wamp64\www\tripplan-web\tripplan\vendor\yiisoft\yii2\base\Application.php(387): yii\web\Application->handleRequest(Object(yii\web\Request))
#13 C:\wamp64\www\tripplan-web\tripplan\frontend\web\index.php(18): yii\base\Application->run()
#14 {main}
2026-01-04 23:09:12 [::1][5][o5lbi15b66g6q8him0ejmjvb77][info][application] $_GET = [
    'id' => '16'
]

$_POST = []

$_FILES = []

$_COOKIE = [
    'Phpstorm-103aa988' => 'bf38dfb5-04b5-4849-a933-fbc4e7b3e27f'
    '_identity-backend' => '0056de632f8441a62c024e0c9bb0151a886f02adf425d5dba02a7dc6230a64f2a:2:{i:0;s:17:\"_identity-backend\";i:1;s:46:\"[8,\"F8iSIrBPc2WeseOIPDgZsgsdkTU2Ufqt\",2592000]\";}'
    'sidebar-collapse' => 'false'
    '_identity-frontend' => '01aebbe17af5cf269d57ad8fa9d7b0a3e66d6e5403c26ad0936cf8e478f1a3dca:2:{i:0;s:18:\"_identity-frontend\";i:1;s:46:\"[5,\"XtQljr3I7zzomKmcSywhu1fSRKmNTnWE\",2592000]\";}'
    'advanced-frontend' => 'o5lbi15b66g6q8him0ejmjvb77'
    '_csrf-frontend' => '2baa5d6f1f5b5b7ed04f94dc3487fdfca6597a2edb41ad6d94fc2deac8eddf58a:2:{i:0;s:14:\"_csrf-frontend\";i:1;s:32:\"Z0LZ5kyEoGcN18SfCHCRLULHehAGRwoG\";}'
    '_csrf-backend' => '319b23a394cc7b30b6e103301d35670f7f5759f821af35b7846e96429d15d963a:2:{i:0;s:13:\"_csrf-backend\";i:1;s:32:\"A_wVpiWq6w5HO4U62J4kK4ZM-YpOk18q\";}'
    'advanced-backend' => 'ahrugmq51e4vtudc82gvib1lkn'
]

$_SESSION = [
    '__flash' => [
        'success' => -1
    ]
    '__id' => 5
    '__authKey' => 'XtQljr3I7zzomKmcSywhu1fSRKmNTnWE'
    'success' => 'Removido dos Favoritos'
]

$_SERVER = [
    'REDIRECT_STATUS' => '200'
    'HTTP_HOST' => 'localhost'
    'HTTP_CONNECTION' => 'keep-alive'
    'HTTP_CACHE_CONTROL' => 'max-age=0'
    'HTTP_SEC_CH_UA' => '\"Google Chrome\";v=\"143\", \"Chromium\";v=\"143\", \"Not A(Brand\";v=\"24\"'
    'HTTP_SEC_CH_UA_MOBILE' => '?0'
    'HTTP_SEC_CH_UA_PLATFORM' => '\"Windows\"'
    'HTTP_UPGRADE_INSECURE_REQUESTS' => '1'
    'HTTP_USER_AGENT' => 'Mozilla/5.0 (Windows NT 10.0; Win64; x64) AppleWebKit/537.36 (KHTML, like Gecko) Chrome/143.0.0.0 Safari/537.36'
    'HTTP_ACCEPT' => 'text/html,application/xhtml+xml,application/xml;q=0.9,image/avif,image/webp,image/apng,*/*;q=0.8,application/signed-exchange;v=b3;q=0.7'
    'HTTP_SEC_FETCH_SITE' => 'same-origin'
    'HTTP_SEC_FETCH_MODE' => 'navigate'
    'HTTP_SEC_FETCH_USER' => '?1'
    'HTTP_SEC_FETCH_DEST' => 'document'
    'HTTP_REFERER' => 'http://localhost/tripplan-web/tripplan/frontend/web/plano-viagem/index'
    'HTTP_ACCEPT_ENCODING' => 'gzip, deflate, br, zstd'
    'HTTP_ACCEPT_LANGUAGE' => 'pt-PT,pt;q=0.9,en-US;q=0.8,en;q=0.7'
    'HTTP_COOKIE' => 'Phpstorm-103aa988=bf38dfb5-04b5-4849-a933-fbc4e7b3e27f; _identity-backend=0056de632f8441a62c024e0c9bb0151a886f02adf425d5dba02a7dc6230a64f2a%3A2%3A%7Bi%3A0%3Bs%3A17%3A%22_identity-backend%22%3Bi%3A1%3Bs%3A46%3A%22%5B8%2C%22F8iSIrBPc2WeseOIPDgZsgsdkTU2Ufqt%22%2C2592000%5D%22%3B%7D; sidebar-collapse=false; _identity-frontend=01aebbe17af5cf269d57ad8fa9d7b0a3e66d6e5403c26ad0936cf8e478f1a3dca%3A2%3A%7Bi%3A0%3Bs%3A18%3A%22_identity-frontend%22%3Bi%3A1%3Bs%3A46%3A%22%5B5%2C%22XtQljr3I7zzomKmcSywhu1fSRKmNTnWE%22%2C2592000%5D%22%3B%7D; advanced-frontend=o5lbi15b66g6q8him0ejmjvb77; _csrf-frontend=2baa5d6f1f5b5b7ed04f94dc3487fdfca6597a2edb41ad6d94fc2deac8eddf58a%3A2%3A%7Bi%3A0%3Bs%3A14%3A%22_csrf-frontend%22%3Bi%3A1%3Bs%3A32%3A%22Z0LZ5kyEoGcN18SfCHCRLULHehAGRwoG%22%3B%7D; _csrf-backend=319b23a394cc7b30b6e103301d35670f7f5759f821af35b7846e96429d15d963a%3A2%3A%7Bi%3A0%3Bs%3A13%3A%22_csrf-backend%22%3Bi%3A1%3Bs%3A32%3A%22A_wVpiWq6w5HO4U62J4kK4ZM-YpOk18q%22%3B%7D; advanced-backend=ahrugmq51e4vtudc82gvib1lkn'
    'PATH' => 'C:\\Program Files\\Common Files\\Oracle\\Java\\javapath;C:\\Program Files (x86)\\NVIDIA Corporation\\PhysX\\Common;C:\\WINDOWS\\system32;C:\\WINDOWS;C:\\WINDOWS\\System32\\Wbem;C:\\WINDOWS\\System32\\WindowsPowerShell\\v1.0\\;C:\\WINDOWS\\System32\\OpenSSH\\;C:\\msys64\\ucrt64\\bin;C:\\Program Files\\Microsoft SQL Server\\150\\Tools\\Binn\\;C:\\Program Files\\dotnet\\;C:\\Program Files\\Microsoft SQL Server\\Client SDK\\ODBC\\170\\Tools\\Binn\\;C:\\wamp64\\bin\\php\\php8.1.31;C:\\ProgramData\\ComposerSetup\\bin;C:\\Program Files\\Git\\cmd;C:\\WINDOWS\\system32\\config\\systemprofile\\AppData\\Local\\Microsoft\\WindowsApps'
    'SystemRoot' => 'C:\\WINDOWS'
    'COMSPEC' => 'C:\\WINDOWS\\system32\\cmd.exe'
    'PATHEXT' => '.COM;.EXE;.BAT;.CMD;.VBS;.VBE;.JS;.JSE;.WSF;.WSH;.MSC'
    'WINDIR' => 'C:\\WINDOWS'
    'SERVER_SIGNATURE' => '<address>Apache/2.4.62 (Win64) PHP/8.1.31 mod_fcgid/2.3.10-dev Server at localhost Port 80</address>
'
    'SERVER_SOFTWARE' => 'Apache/2.4.62 (Win64) PHP/8.1.31 mod_fcgid/2.3.10-dev'
    'SERVER_NAME' => 'localhost'
    'SERVER_ADDR' => '::1'
    'SERVER_PORT' => '80'
    'REMOTE_ADDR' => '::1'
    'DOCUMENT_ROOT' => 'C:/wamp64/www'
    'REQUEST_SCHEME' => 'http'
    'CONTEXT_PREFIX' => ''
    'CONTEXT_DOCUMENT_ROOT' => 'C:/wamp64/www'
    'SERVER_ADMIN' => 'wampserver@wampserver.invalid'
    'SCRIPT_FILENAME' => 'C:/wamp64/www/tripplan-web/tripplan/frontend/web/index.php'
    'REMOTE_PORT' => '64101'
    'REDIRECT_URL' => '/tripplan-web/tripplan/frontend/web/plano-viagem/view'
    'REDIRECT_QUERY_STRING' => 'id=16'
    'GATEWAY_INTERFACE' => 'CGI/1.1'
    'SERVER_PROTOCOL' => 'HTTP/1.1'
    'REQUEST_METHOD' => 'GET'
    'QUERY_STRING' => 'id=16'
    'REQUEST_URI' => '/tripplan-web/tripplan/frontend/web/plano-viagem/view?id=16'
    'SCRIPT_NAME' => '/tripplan-web/tripplan/frontend/web/index.php'
    'PHP_SELF' => '/tripplan-web/tripplan/frontend/web/index.php'
    'REQUEST_TIME_FLOAT' => 1767568152.5779
    'REQUEST_TIME' => 1767568152
]
2026-01-04 23:09:41 [::1][5][o5lbi15b66g6q8him0ejmjvb77][error][yii\base\UnknownPropertyException] yii\base\UnknownPropertyException: Setting unknown property: common\models\Estadia::cidade_aux in C:\wamp64\www\tripplan-web\tripplan\vendor\yiisoft\yii2\base\Component.php:221
Stack trace:
#0 C:\wamp64\www\tripplan-web\tripplan\vendor\yiisoft\yii2\db\BaseActiveRecord.php(322): yii\base\Component->__set('cidade_aux', 'Barcelona')
#1 C:\wamp64\www\tripplan-web\tripplan\frontend\views\plano-viagem\view.php(139): yii\db\BaseActiveRecord->__set('cidade_aux', 'Barcelona')
#2 C:\wamp64\www\tripplan-web\tripplan\vendor\yiisoft\yii2\base\View.php(348): require('C:\\wamp64\\www\\t...')
#3 C:\wamp64\www\tripplan-web\tripplan\vendor\yiisoft\yii2\base\View.php(258): yii\base\View->renderPhpFile('C:\\wamp64\\www\\t...', Array)
#4 C:\wamp64\www\tripplan-web\tripplan\vendor\yiisoft\yii2\base\View.php(157): yii\base\View->renderFile('C:\\wamp64\\www\\t...', Array, Object(frontend\controllers\PlanoViagemController))
#5 C:\wamp64\www\tripplan-web\tripplan\vendor\yiisoft\yii2\base\Controller.php(413): yii\base\View->render('view', Array, Object(frontend\controllers\PlanoViagemController))
#6 C:\wamp64\www\tripplan-web\tripplan\frontend\controllers\PlanoViagemController.php(92): yii\base\Controller->render('view', Array)
#7 [internal function]: frontend\controllers\PlanoViagemController->actionView('16')
#8 C:\wamp64\www\tripplan-web\tripplan\vendor\yiisoft\yii2\base\InlineAction.php(60): call_user_func_array(Array, Array)
#9 C:\wamp64\www\tripplan-web\tripplan\vendor\yiisoft\yii2\base\Controller.php(184): yii\base\InlineAction->runWithParams(Array)
#10 C:\wamp64\www\tripplan-web\tripplan\vendor\yiisoft\yii2\base\Module.php(555): yii\base\Controller->runAction('view', Array)
#11 C:\wamp64\www\tripplan-web\tripplan\vendor\yiisoft\yii2\web\Application.php(103): yii\base\Module->runAction('plano-viagem/vi...', Array)
#12 C:\wamp64\www\tripplan-web\tripplan\vendor\yiisoft\yii2\base\Application.php(387): yii\web\Application->handleRequest(Object(yii\web\Request))
#13 C:\wamp64\www\tripplan-web\tripplan\frontend\web\index.php(18): yii\base\Application->run()
#14 {main}
2026-01-04 23:09:41 [::1][5][o5lbi15b66g6q8him0ejmjvb77][info][application] $_GET = [
    'id' => '16'
]

$_POST = []

$_FILES = []

$_COOKIE = [
    'Phpstorm-103aa988' => 'bf38dfb5-04b5-4849-a933-fbc4e7b3e27f'
    '_identity-backend' => '0056de632f8441a62c024e0c9bb0151a886f02adf425d5dba02a7dc6230a64f2a:2:{i:0;s:17:\"_identity-backend\";i:1;s:46:\"[8,\"F8iSIrBPc2WeseOIPDgZsgsdkTU2Ufqt\",2592000]\";}'
    'sidebar-collapse' => 'false'
    '_identity-frontend' => '01aebbe17af5cf269d57ad8fa9d7b0a3e66d6e5403c26ad0936cf8e478f1a3dca:2:{i:0;s:18:\"_identity-frontend\";i:1;s:46:\"[5,\"XtQljr3I7zzomKmcSywhu1fSRKmNTnWE\",2592000]\";}'
    'advanced-frontend' => 'o5lbi15b66g6q8him0ejmjvb77'
    '_csrf-frontend' => '2baa5d6f1f5b5b7ed04f94dc3487fdfca6597a2edb41ad6d94fc2deac8eddf58a:2:{i:0;s:14:\"_csrf-frontend\";i:1;s:32:\"Z0LZ5kyEoGcN18SfCHCRLULHehAGRwoG\";}'
    '_csrf-backend' => '319b23a394cc7b30b6e103301d35670f7f5759f821af35b7846e96429d15d963a:2:{i:0;s:13:\"_csrf-backend\";i:1;s:32:\"A_wVpiWq6w5HO4U62J4kK4ZM-YpOk18q\";}'
    'advanced-backend' => 'ahrugmq51e4vtudc82gvib1lkn'
]

$_SESSION = [
    '__flash' => [
        'success' => -1
    ]
    '__id' => 5
    '__authKey' => 'XtQljr3I7zzomKmcSywhu1fSRKmNTnWE'
    'success' => 'Removido dos Favoritos'
]

$_SERVER = [
    'REDIRECT_STATUS' => '200'
    'HTTP_HOST' => 'localhost'
    'HTTP_CONNECTION' => 'keep-alive'
    'HTTP_CACHE_CONTROL' => 'max-age=0'
    'HTTP_SEC_CH_UA' => '\"Google Chrome\";v=\"143\", \"Chromium\";v=\"143\", \"Not A(Brand\";v=\"24\"'
    'HTTP_SEC_CH_UA_MOBILE' => '?0'
    'HTTP_SEC_CH_UA_PLATFORM' => '\"Windows\"'
    'HTTP_UPGRADE_INSECURE_REQUESTS' => '1'
    'HTTP_USER_AGENT' => 'Mozilla/5.0 (Windows NT 10.0; Win64; x64) AppleWebKit/537.36 (KHTML, like Gecko) Chrome/143.0.0.0 Safari/537.36'
    'HTTP_ACCEPT' => 'text/html,application/xhtml+xml,application/xml;q=0.9,image/avif,image/webp,image/apng,*/*;q=0.8,application/signed-exchange;v=b3;q=0.7'
    'HTTP_SEC_FETCH_SITE' => 'same-origin'
    'HTTP_SEC_FETCH_MODE' => 'navigate'
    'HTTP_SEC_FETCH_USER' => '?1'
    'HTTP_SEC_FETCH_DEST' => 'document'
    'HTTP_REFERER' => 'http://localhost/tripplan-web/tripplan/frontend/web/plano-viagem/index'
    'HTTP_ACCEPT_ENCODING' => 'gzip, deflate, br, zstd'
    'HTTP_ACCEPT_LANGUAGE' => 'pt-PT,pt;q=0.9,en-US;q=0.8,en;q=0.7'
    'HTTP_COOKIE' => 'Phpstorm-103aa988=bf38dfb5-04b5-4849-a933-fbc4e7b3e27f; _identity-backend=0056de632f8441a62c024e0c9bb0151a886f02adf425d5dba02a7dc6230a64f2a%3A2%3A%7Bi%3A0%3Bs%3A17%3A%22_identity-backend%22%3Bi%3A1%3Bs%3A46%3A%22%5B8%2C%22F8iSIrBPc2WeseOIPDgZsgsdkTU2Ufqt%22%2C2592000%5D%22%3B%7D; sidebar-collapse=false; _identity-frontend=01aebbe17af5cf269d57ad8fa9d7b0a3e66d6e5403c26ad0936cf8e478f1a3dca%3A2%3A%7Bi%3A0%3Bs%3A18%3A%22_identity-frontend%22%3Bi%3A1%3Bs%3A46%3A%22%5B5%2C%22XtQljr3I7zzomKmcSywhu1fSRKmNTnWE%22%2C2592000%5D%22%3B%7D; advanced-frontend=o5lbi15b66g6q8him0ejmjvb77; _csrf-frontend=2baa5d6f1f5b5b7ed04f94dc3487fdfca6597a2edb41ad6d94fc2deac8eddf58a%3A2%3A%7Bi%3A0%3Bs%3A14%3A%22_csrf-frontend%22%3Bi%3A1%3Bs%3A32%3A%22Z0LZ5kyEoGcN18SfCHCRLULHehAGRwoG%22%3B%7D; _csrf-backend=319b23a394cc7b30b6e103301d35670f7f5759f821af35b7846e96429d15d963a%3A2%3A%7Bi%3A0%3Bs%3A13%3A%22_csrf-backend%22%3Bi%3A1%3Bs%3A32%3A%22A_wVpiWq6w5HO4U62J4kK4ZM-YpOk18q%22%3B%7D; advanced-backend=ahrugmq51e4vtudc82gvib1lkn'
    'PATH' => 'C:\\Program Files\\Common Files\\Oracle\\Java\\javapath;C:\\Program Files (x86)\\NVIDIA Corporation\\PhysX\\Common;C:\\WINDOWS\\system32;C:\\WINDOWS;C:\\WINDOWS\\System32\\Wbem;C:\\WINDOWS\\System32\\WindowsPowerShell\\v1.0\\;C:\\WINDOWS\\System32\\OpenSSH\\;C:\\msys64\\ucrt64\\bin;C:\\Program Files\\Microsoft SQL Server\\150\\Tools\\Binn\\;C:\\Program Files\\dotnet\\;C:\\Program Files\\Microsoft SQL Server\\Client SDK\\ODBC\\170\\Tools\\Binn\\;C:\\wamp64\\bin\\php\\php8.1.31;C:\\ProgramData\\ComposerSetup\\bin;C:\\Program Files\\Git\\cmd;C:\\WINDOWS\\system32\\config\\systemprofile\\AppData\\Local\\Microsoft\\WindowsApps'
    'SystemRoot' => 'C:\\WINDOWS'
    'COMSPEC' => 'C:\\WINDOWS\\system32\\cmd.exe'
    'PATHEXT' => '.COM;.EXE;.BAT;.CMD;.VBS;.VBE;.JS;.JSE;.WSF;.WSH;.MSC'
    'WINDIR' => 'C:\\WINDOWS'
    'SERVER_SIGNATURE' => '<address>Apache/2.4.62 (Win64) PHP/8.1.31 mod_fcgid/2.3.10-dev Server at localhost Port 80</address>
'
    'SERVER_SOFTWARE' => 'Apache/2.4.62 (Win64) PHP/8.1.31 mod_fcgid/2.3.10-dev'
    'SERVER_NAME' => 'localhost'
    'SERVER_ADDR' => '::1'
    'SERVER_PORT' => '80'
    'REMOTE_ADDR' => '::1'
    'DOCUMENT_ROOT' => 'C:/wamp64/www'
    'REQUEST_SCHEME' => 'http'
    'CONTEXT_PREFIX' => ''
    'CONTEXT_DOCUMENT_ROOT' => 'C:/wamp64/www'
    'SERVER_ADMIN' => 'wampserver@wampserver.invalid'
    'SCRIPT_FILENAME' => 'C:/wamp64/www/tripplan-web/tripplan/frontend/web/index.php'
    'REMOTE_PORT' => '64107'
    'REDIRECT_URL' => '/tripplan-web/tripplan/frontend/web/plano-viagem/view'
    'REDIRECT_QUERY_STRING' => 'id=16'
    'GATEWAY_INTERFACE' => 'CGI/1.1'
    'SERVER_PROTOCOL' => 'HTTP/1.1'
    'REQUEST_METHOD' => 'GET'
    'QUERY_STRING' => 'id=16'
    'REQUEST_URI' => '/tripplan-web/tripplan/frontend/web/plano-viagem/view?id=16'
    'SCRIPT_NAME' => '/tripplan-web/tripplan/frontend/web/index.php'
    'PHP_SELF' => '/tripplan-web/tripplan/frontend/web/index.php'
    'REQUEST_TIME_FLOAT' => 1767568181.8272
    'REQUEST_TIME' => 1767568181
]
2026-01-04 23:10:00 [::1][5][o5lbi15b66g6q8him0ejmjvb77][error][yii\web\HttpException:400] yii\web\BadRequestHttpException: Missing required parameters: destino_id in C:\wamp64\www\tripplan-web\tripplan\vendor\yiisoft\yii2\web\Controller.php:173
Stack trace:
#0 C:\wamp64\www\tripplan-web\tripplan\vendor\yiisoft\yii2\base\InlineAction.php(54): yii\web\Controller->bindActionParams(Object(yii\base\InlineAction), Array)
#1 C:\wamp64\www\tripplan-web\tripplan\vendor\yiisoft\yii2\base\Controller.php(184): yii\base\InlineAction->runWithParams(Array)
#2 C:\wamp64\www\tripplan-web\tripplan\vendor\yiisoft\yii2\base\Module.php(555): yii\base\Controller->runAction('create', Array)
#3 C:\wamp64\www\tripplan-web\tripplan\vendor\yiisoft\yii2\web\Application.php(103): yii\base\Module->runAction('estadia/create', Array)
#4 C:\wamp64\www\tripplan-web\tripplan\vendor\yiisoft\yii2\base\Application.php(387): yii\web\Application->handleRequest(Object(yii\web\Request))
#5 C:\wamp64\www\tripplan-web\tripplan\frontend\web\index.php(18): yii\base\Application->run()
#6 {main}
2026-01-04 23:10:00 [::1][5][o5lbi15b66g6q8him0ejmjvb77][info][application] $_GET = []

$_POST = []

$_FILES = []

$_COOKIE = [
    'Phpstorm-103aa988' => 'bf38dfb5-04b5-4849-a933-fbc4e7b3e27f'
    '_identity-backend' => '0056de632f8441a62c024e0c9bb0151a886f02adf425d5dba02a7dc6230a64f2a:2:{i:0;s:17:\"_identity-backend\";i:1;s:46:\"[8,\"F8iSIrBPc2WeseOIPDgZsgsdkTU2Ufqt\",2592000]\";}'
    'sidebar-collapse' => 'false'
    '_identity-frontend' => '01aebbe17af5cf269d57ad8fa9d7b0a3e66d6e5403c26ad0936cf8e478f1a3dca:2:{i:0;s:18:\"_identity-frontend\";i:1;s:46:\"[5,\"XtQljr3I7zzomKmcSywhu1fSRKmNTnWE\",2592000]\";}'
    'advanced-frontend' => 'o5lbi15b66g6q8him0ejmjvb77'
    '_csrf-frontend' => '2baa5d6f1f5b5b7ed04f94dc3487fdfca6597a2edb41ad6d94fc2deac8eddf58a:2:{i:0;s:14:\"_csrf-frontend\";i:1;s:32:\"Z0LZ5kyEoGcN18SfCHCRLULHehAGRwoG\";}'
    '_csrf-backend' => '319b23a394cc7b30b6e103301d35670f7f5759f821af35b7846e96429d15d963a:2:{i:0;s:13:\"_csrf-backend\";i:1;s:32:\"A_wVpiWq6w5HO4U62J4kK4ZM-YpOk18q\";}'
    'advanced-backend' => 'ahrugmq51e4vtudc82gvib1lkn'
]

$_SESSION = [
    '__flash' => [
        'success' => -1
    ]
    '__id' => 5
    '__authKey' => 'XtQljr3I7zzomKmcSywhu1fSRKmNTnWE'
    'success' => 'Removido dos Favoritos'
]

$_SERVER = [
    'REDIRECT_STATUS' => '200'
    'HTTP_HOST' => 'localhost'
    'HTTP_CONNECTION' => 'keep-alive'
    'HTTP_SEC_CH_UA' => '\"Google Chrome\";v=\"143\", \"Chromium\";v=\"143\", \"Not A(Brand\";v=\"24\"'
    'HTTP_SEC_CH_UA_MOBILE' => '?0'
    'HTTP_SEC_CH_UA_PLATFORM' => '\"Windows\"'
    'HTTP_UPGRADE_INSECURE_REQUESTS' => '1'
    'HTTP_USER_AGENT' => 'Mozilla/5.0 (Windows NT 10.0; Win64; x64) AppleWebKit/537.36 (KHTML, like Gecko) Chrome/143.0.0.0 Safari/537.36'
    'HTTP_ACCEPT' => 'text/html,application/xhtml+xml,application/xml;q=0.9,image/avif,image/webp,image/apng,*/*;q=0.8,application/signed-exchange;v=b3;q=0.7'
    'HTTP_SEC_FETCH_SITE' => 'same-origin'
    'HTTP_SEC_FETCH_MODE' => 'navigate'
    'HTTP_SEC_FETCH_USER' => '?1'
    'HTTP_SEC_FETCH_DEST' => 'document'
    'HTTP_REFERER' => 'http://localhost/tripplan-web/tripplan/frontend/web/estadia/index'
    'HTTP_ACCEPT_ENCODING' => 'gzip, deflate, br, zstd'
    'HTTP_ACCEPT_LANGUAGE' => 'pt-PT,pt;q=0.9,en-US;q=0.8,en;q=0.7'
    'HTTP_COOKIE' => 'Phpstorm-103aa988=bf38dfb5-04b5-4849-a933-fbc4e7b3e27f; _identity-backend=0056de632f8441a62c024e0c9bb0151a886f02adf425d5dba02a7dc6230a64f2a%3A2%3A%7Bi%3A0%3Bs%3A17%3A%22_identity-backend%22%3Bi%3A1%3Bs%3A46%3A%22%5B8%2C%22F8iSIrBPc2WeseOIPDgZsgsdkTU2Ufqt%22%2C2592000%5D%22%3B%7D; sidebar-collapse=false; _identity-frontend=01aebbe17af5cf269d57ad8fa9d7b0a3e66d6e5403c26ad0936cf8e478f1a3dca%3A2%3A%7Bi%3A0%3Bs%3A18%3A%22_identity-frontend%22%3Bi%3A1%3Bs%3A46%3A%22%5B5%2C%22XtQljr3I7zzomKmcSywhu1fSRKmNTnWE%22%2C2592000%5D%22%3B%7D; advanced-frontend=o5lbi15b66g6q8him0ejmjvb77; _csrf-frontend=2baa5d6f1f5b5b7ed04f94dc3487fdfca6597a2edb41ad6d94fc2deac8eddf58a%3A2%3A%7Bi%3A0%3Bs%3A14%3A%22_csrf-frontend%22%3Bi%3A1%3Bs%3A32%3A%22Z0LZ5kyEoGcN18SfCHCRLULHehAGRwoG%22%3B%7D; _csrf-backend=319b23a394cc7b30b6e103301d35670f7f5759f821af35b7846e96429d15d963a%3A2%3A%7Bi%3A0%3Bs%3A13%3A%22_csrf-backend%22%3Bi%3A1%3Bs%3A32%3A%22A_wVpiWq6w5HO4U62J4kK4ZM-YpOk18q%22%3B%7D; advanced-backend=ahrugmq51e4vtudc82gvib1lkn'
    'PATH' => 'C:\\Program Files\\Common Files\\Oracle\\Java\\javapath;C:\\Program Files (x86)\\NVIDIA Corporation\\PhysX\\Common;C:\\WINDOWS\\system32;C:\\WINDOWS;C:\\WINDOWS\\System32\\Wbem;C:\\WINDOWS\\System32\\WindowsPowerShell\\v1.0\\;C:\\WINDOWS\\System32\\OpenSSH\\;C:\\msys64\\ucrt64\\bin;C:\\Program Files\\Microsoft SQL Server\\150\\Tools\\Binn\\;C:\\Program Files\\dotnet\\;C:\\Program Files\\Microsoft SQL Server\\Client SDK\\ODBC\\170\\Tools\\Binn\\;C:\\wamp64\\bin\\php\\php8.1.31;C:\\ProgramData\\ComposerSetup\\bin;C:\\Program Files\\Git\\cmd;C:\\WINDOWS\\system32\\config\\systemprofile\\AppData\\Local\\Microsoft\\WindowsApps'
    'SystemRoot' => 'C:\\WINDOWS'
    'COMSPEC' => 'C:\\WINDOWS\\system32\\cmd.exe'
    'PATHEXT' => '.COM;.EXE;.BAT;.CMD;.VBS;.VBE;.JS;.JSE;.WSF;.WSH;.MSC'
    'WINDIR' => 'C:\\WINDOWS'
    'SERVER_SIGNATURE' => '<address>Apache/2.4.62 (Win64) PHP/8.1.31 mod_fcgid/2.3.10-dev Server at localhost Port 80</address>
'
    'SERVER_SOFTWARE' => 'Apache/2.4.62 (Win64) PHP/8.1.31 mod_fcgid/2.3.10-dev'
    'SERVER_NAME' => 'localhost'
    'SERVER_ADDR' => '::1'
    'SERVER_PORT' => '80'
    'REMOTE_ADDR' => '::1'
    'DOCUMENT_ROOT' => 'C:/wamp64/www'
    'REQUEST_SCHEME' => 'http'
    'CONTEXT_PREFIX' => ''
    'CONTEXT_DOCUMENT_ROOT' => 'C:/wamp64/www'
    'SERVER_ADMIN' => 'wampserver@wampserver.invalid'
    'SCRIPT_FILENAME' => 'C:/wamp64/www/tripplan-web/tripplan/frontend/web/index.php'
    'REMOTE_PORT' => '64123'
    'REDIRECT_URL' => '/tripplan-web/tripplan/frontend/web/estadia/create'
    'GATEWAY_INTERFACE' => 'CGI/1.1'
    'SERVER_PROTOCOL' => 'HTTP/1.1'
    'REQUEST_METHOD' => 'GET'
    'QUERY_STRING' => ''
    'REQUEST_URI' => '/tripplan-web/tripplan/frontend/web/estadia/create'
    'SCRIPT_NAME' => '/tripplan-web/tripplan/frontend/web/index.php'
    'PHP_SELF' => '/tripplan-web/tripplan/frontend/web/index.php'
    'REQUEST_TIME_FLOAT' => 1767568200.9358
    'REQUEST_TIME' => 1767568200
]
2026-01-04 23:10:33 [::1][5][o5lbi15b66g6q8him0ejmjvb77][error][yii\base\UnknownPropertyException] yii\base\UnknownPropertyException: Setting unknown property: common\models\Estadia::cidade_aux in C:\wamp64\www\tripplan-web\tripplan\vendor\yiisoft\yii2\base\Component.php:221
Stack trace:
#0 C:\wamp64\www\tripplan-web\tripplan\vendor\yiisoft\yii2\db\BaseActiveRecord.php(322): yii\base\Component->__set('cidade_aux', 'Barcelona')
#1 C:\wamp64\www\tripplan-web\tripplan\frontend\views\plano-viagem\view.php(139): yii\db\BaseActiveRecord->__set('cidade_aux', 'Barcelona')
#2 C:\wamp64\www\tripplan-web\tripplan\vendor\yiisoft\yii2\base\View.php(348): require('C:\\wamp64\\www\\t...')
#3 C:\wamp64\www\tripplan-web\tripplan\vendor\yiisoft\yii2\base\View.php(258): yii\base\View->renderPhpFile('C:\\wamp64\\www\\t...', Array)
#4 C:\wamp64\www\tripplan-web\tripplan\vendor\yiisoft\yii2\base\View.php(157): yii\base\View->renderFile('C:\\wamp64\\www\\t...', Array, Object(frontend\controllers\PlanoViagemController))
#5 C:\wamp64\www\tripplan-web\tripplan\vendor\yiisoft\yii2\base\Controller.php(413): yii\base\View->render('view', Array, Object(frontend\controllers\PlanoViagemController))
#6 C:\wamp64\www\tripplan-web\tripplan\frontend\controllers\PlanoViagemController.php(92): yii\base\Controller->render('view', Array)
#7 [internal function]: frontend\controllers\PlanoViagemController->actionView('16')
#8 C:\wamp64\www\tripplan-web\tripplan\vendor\yiisoft\yii2\base\InlineAction.php(60): call_user_func_array(Array, Array)
#9 C:\wamp64\www\tripplan-web\tripplan\vendor\yiisoft\yii2\base\Controller.php(184): yii\base\InlineAction->runWithParams(Array)
#10 C:\wamp64\www\tripplan-web\tripplan\vendor\yiisoft\yii2\base\Module.php(555): yii\base\Controller->runAction('view', Array)
#11 C:\wamp64\www\tripplan-web\tripplan\vendor\yiisoft\yii2\web\Application.php(103): yii\base\Module->runAction('plano-viagem/vi...', Array)
#12 C:\wamp64\www\tripplan-web\tripplan\vendor\yiisoft\yii2\base\Application.php(387): yii\web\Application->handleRequest(Object(yii\web\Request))
#13 C:\wamp64\www\tripplan-web\tripplan\frontend\web\index.php(18): yii\base\Application->run()
#14 {main}
2026-01-04 23:10:33 [::1][5][o5lbi15b66g6q8him0ejmjvb77][info][application] $_GET = [
    'id' => '16'
]

$_POST = []

$_FILES = []

$_COOKIE = [
    'Phpstorm-103aa988' => 'bf38dfb5-04b5-4849-a933-fbc4e7b3e27f'
    '_identity-backend' => '0056de632f8441a62c024e0c9bb0151a886f02adf425d5dba02a7dc6230a64f2a:2:{i:0;s:17:\"_identity-backend\";i:1;s:46:\"[8,\"F8iSIrBPc2WeseOIPDgZsgsdkTU2Ufqt\",2592000]\";}'
    'sidebar-collapse' => 'false'
    '_identity-frontend' => '01aebbe17af5cf269d57ad8fa9d7b0a3e66d6e5403c26ad0936cf8e478f1a3dca:2:{i:0;s:18:\"_identity-frontend\";i:1;s:46:\"[5,\"XtQljr3I7zzomKmcSywhu1fSRKmNTnWE\",2592000]\";}'
    'advanced-frontend' => 'o5lbi15b66g6q8him0ejmjvb77'
    '_csrf-frontend' => '2baa5d6f1f5b5b7ed04f94dc3487fdfca6597a2edb41ad6d94fc2deac8eddf58a:2:{i:0;s:14:\"_csrf-frontend\";i:1;s:32:\"Z0LZ5kyEoGcN18SfCHCRLULHehAGRwoG\";}'
    '_csrf-backend' => '319b23a394cc7b30b6e103301d35670f7f5759f821af35b7846e96429d15d963a:2:{i:0;s:13:\"_csrf-backend\";i:1;s:32:\"A_wVpiWq6w5HO4U62J4kK4ZM-YpOk18q\";}'
    'advanced-backend' => 'ahrugmq51e4vtudc82gvib1lkn'
]

$_SESSION = [
    '__flash' => [
        'success' => -1
    ]
    '__id' => 5
    '__authKey' => 'XtQljr3I7zzomKmcSywhu1fSRKmNTnWE'
    'success' => 'Removido dos Favoritos'
]

$_SERVER = [
    'REDIRECT_STATUS' => '200'
    'HTTP_HOST' => 'localhost'
    'HTTP_CONNECTION' => 'keep-alive'
    'HTTP_SEC_CH_UA' => '\"Google Chrome\";v=\"143\", \"Chromium\";v=\"143\", \"Not A(Brand\";v=\"24\"'
    'HTTP_SEC_CH_UA_MOBILE' => '?0'
    'HTTP_SEC_CH_UA_PLATFORM' => '\"Windows\"'
    'HTTP_UPGRADE_INSECURE_REQUESTS' => '1'
    'HTTP_USER_AGENT' => 'Mozilla/5.0 (Windows NT 10.0; Win64; x64) AppleWebKit/537.36 (KHTML, like Gecko) Chrome/143.0.0.0 Safari/537.36'
    'HTTP_ACCEPT' => 'text/html,application/xhtml+xml,application/xml;q=0.9,image/avif,image/webp,image/apng,*/*;q=0.8,application/signed-exchange;v=b3;q=0.7'
    'HTTP_SEC_FETCH_SITE' => 'same-origin'
    'HTTP_SEC_FETCH_MODE' => 'navigate'
    'HTTP_SEC_FETCH_USER' => '?1'
    'HTTP_SEC_FETCH_DEST' => 'document'
    'HTTP_REFERER' => 'http://localhost/tripplan-web/tripplan/frontend/web/plano-viagem/index'
    'HTTP_ACCEPT_ENCODING' => 'gzip, deflate, br, zstd'
    'HTTP_ACCEPT_LANGUAGE' => 'pt-PT,pt;q=0.9,en-US;q=0.8,en;q=0.7'
    'HTTP_COOKIE' => 'Phpstorm-103aa988=bf38dfb5-04b5-4849-a933-fbc4e7b3e27f; _identity-backend=0056de632f8441a62c024e0c9bb0151a886f02adf425d5dba02a7dc6230a64f2a%3A2%3A%7Bi%3A0%3Bs%3A17%3A%22_identity-backend%22%3Bi%3A1%3Bs%3A46%3A%22%5B8%2C%22F8iSIrBPc2WeseOIPDgZsgsdkTU2Ufqt%22%2C2592000%5D%22%3B%7D; sidebar-collapse=false; _identity-frontend=01aebbe17af5cf269d57ad8fa9d7b0a3e66d6e5403c26ad0936cf8e478f1a3dca%3A2%3A%7Bi%3A0%3Bs%3A18%3A%22_identity-frontend%22%3Bi%3A1%3Bs%3A46%3A%22%5B5%2C%22XtQljr3I7zzomKmcSywhu1fSRKmNTnWE%22%2C2592000%5D%22%3B%7D; advanced-frontend=o5lbi15b66g6q8him0ejmjvb77; _csrf-frontend=2baa5d6f1f5b5b7ed04f94dc3487fdfca6597a2edb41ad6d94fc2deac8eddf58a%3A2%3A%7Bi%3A0%3Bs%3A14%3A%22_csrf-frontend%22%3Bi%3A1%3Bs%3A32%3A%22Z0LZ5kyEoGcN18SfCHCRLULHehAGRwoG%22%3B%7D; _csrf-backend=319b23a394cc7b30b6e103301d35670f7f5759f821af35b7846e96429d15d963a%3A2%3A%7Bi%3A0%3Bs%3A13%3A%22_csrf-backend%22%3Bi%3A1%3Bs%3A32%3A%22A_wVpiWq6w5HO4U62J4kK4ZM-YpOk18q%22%3B%7D; advanced-backend=ahrugmq51e4vtudc82gvib1lkn'
    'PATH' => 'C:\\Program Files\\Common Files\\Oracle\\Java\\javapath;C:\\Program Files (x86)\\NVIDIA Corporation\\PhysX\\Common;C:\\WINDOWS\\system32;C:\\WINDOWS;C:\\WINDOWS\\System32\\Wbem;C:\\WINDOWS\\System32\\WindowsPowerShell\\v1.0\\;C:\\WINDOWS\\System32\\OpenSSH\\;C:\\msys64\\ucrt64\\bin;C:\\Program Files\\Microsoft SQL Server\\150\\Tools\\Binn\\;C:\\Program Files\\dotnet\\;C:\\Program Files\\Microsoft SQL Server\\Client SDK\\ODBC\\170\\Tools\\Binn\\;C:\\wamp64\\bin\\php\\php8.1.31;C:\\ProgramData\\ComposerSetup\\bin;C:\\Program Files\\Git\\cmd;C:\\WINDOWS\\system32\\config\\systemprofile\\AppData\\Local\\Microsoft\\WindowsApps'
    'SystemRoot' => 'C:\\WINDOWS'
    'COMSPEC' => 'C:\\WINDOWS\\system32\\cmd.exe'
    'PATHEXT' => '.COM;.EXE;.BAT;.CMD;.VBS;.VBE;.JS;.JSE;.WSF;.WSH;.MSC'
    'WINDIR' => 'C:\\WINDOWS'
    'SERVER_SIGNATURE' => '<address>Apache/2.4.62 (Win64) PHP/8.1.31 mod_fcgid/2.3.10-dev Server at localhost Port 80</address>
'
    'SERVER_SOFTWARE' => 'Apache/2.4.62 (Win64) PHP/8.1.31 mod_fcgid/2.3.10-dev'
    'SERVER_NAME' => 'localhost'
    'SERVER_ADDR' => '::1'
    'SERVER_PORT' => '80'
    'REMOTE_ADDR' => '::1'
    'DOCUMENT_ROOT' => 'C:/wamp64/www'
    'REQUEST_SCHEME' => 'http'
    'CONTEXT_PREFIX' => ''
    'CONTEXT_DOCUMENT_ROOT' => 'C:/wamp64/www'
    'SERVER_ADMIN' => 'wampserver@wampserver.invalid'
    'SCRIPT_FILENAME' => 'C:/wamp64/www/tripplan-web/tripplan/frontend/web/index.php'
    'REMOTE_PORT' => '64139'
    'REDIRECT_URL' => '/tripplan-web/tripplan/frontend/web/plano-viagem/view'
    'REDIRECT_QUERY_STRING' => 'id=16'
    'GATEWAY_INTERFACE' => 'CGI/1.1'
    'SERVER_PROTOCOL' => 'HTTP/1.1'
    'REQUEST_METHOD' => 'GET'
    'QUERY_STRING' => 'id=16'
    'REQUEST_URI' => '/tripplan-web/tripplan/frontend/web/plano-viagem/view?id=16'
    'SCRIPT_NAME' => '/tripplan-web/tripplan/frontend/web/index.php'
    'PHP_SELF' => '/tripplan-web/tripplan/frontend/web/index.php'
    'REQUEST_TIME_FLOAT' => 1767568233.6901
    'REQUEST_TIME' => 1767568233
]
2026-01-04 23:29:12 [::1][5][o5lbi15b66g6q8him0ejmjvb77][error][yii\web\HttpException:400] yii\web\BadRequestHttpException: Missing required parameters: destino_id in C:\wamp64\www\tripplan-web\tripplan\vendor\yiisoft\yii2\web\Controller.php:173
Stack trace:
#0 C:\wamp64\www\tripplan-web\tripplan\vendor\yiisoft\yii2\base\InlineAction.php(54): yii\web\Controller->bindActionParams(Object(yii\base\InlineAction), Array)
#1 C:\wamp64\www\tripplan-web\tripplan\vendor\yiisoft\yii2\base\Controller.php(184): yii\base\InlineAction->runWithParams(Array)
#2 C:\wamp64\www\tripplan-web\tripplan\vendor\yiisoft\yii2\base\Module.php(555): yii\base\Controller->runAction('create', Array)
#3 C:\wamp64\www\tripplan-web\tripplan\vendor\yiisoft\yii2\web\Application.php(103): yii\base\Module->runAction('estadia/create', Array)
#4 C:\wamp64\www\tripplan-web\tripplan\vendor\yiisoft\yii2\base\Application.php(387): yii\web\Application->handleRequest(Object(yii\web\Request))
#5 C:\wamp64\www\tripplan-web\tripplan\frontend\web\index.php(18): yii\base\Application->run()
#6 {main}
2026-01-04 23:29:12 [::1][5][o5lbi15b66g6q8him0ejmjvb77][info][application] $_GET = []

$_POST = []

$_FILES = []

$_COOKIE = [
    'Phpstorm-103aa988' => 'bf38dfb5-04b5-4849-a933-fbc4e7b3e27f'
    '_identity-backend' => '0056de632f8441a62c024e0c9bb0151a886f02adf425d5dba02a7dc6230a64f2a:2:{i:0;s:17:\"_identity-backend\";i:1;s:46:\"[8,\"F8iSIrBPc2WeseOIPDgZsgsdkTU2Ufqt\",2592000]\";}'
    'sidebar-collapse' => 'false'
    '_identity-frontend' => '01aebbe17af5cf269d57ad8fa9d7b0a3e66d6e5403c26ad0936cf8e478f1a3dca:2:{i:0;s:18:\"_identity-frontend\";i:1;s:46:\"[5,\"XtQljr3I7zzomKmcSywhu1fSRKmNTnWE\",2592000]\";}'
    'advanced-frontend' => 'o5lbi15b66g6q8him0ejmjvb77'
    '_csrf-frontend' => '2baa5d6f1f5b5b7ed04f94dc3487fdfca6597a2edb41ad6d94fc2deac8eddf58a:2:{i:0;s:14:\"_csrf-frontend\";i:1;s:32:\"Z0LZ5kyEoGcN18SfCHCRLULHehAGRwoG\";}'
    '_csrf-backend' => '319b23a394cc7b30b6e103301d35670f7f5759f821af35b7846e96429d15d963a:2:{i:0;s:13:\"_csrf-backend\";i:1;s:32:\"A_wVpiWq6w5HO4U62J4kK4ZM-YpOk18q\";}'
    'advanced-backend' => 'ahrugmq51e4vtudc82gvib1lkn'
]

$_SESSION = [
    '__flash' => [
        'success' => -1
    ]
    '__id' => 5
    '__authKey' => 'XtQljr3I7zzomKmcSywhu1fSRKmNTnWE'
    'success' => 'Adicionado aos Favoritos'
]

$_SERVER = [
    'REDIRECT_STATUS' => '200'
    'HTTP_HOST' => 'localhost'
    'HTTP_CONNECTION' => 'keep-alive'
    'HTTP_SEC_CH_UA' => '\"Google Chrome\";v=\"143\", \"Chromium\";v=\"143\", \"Not A(Brand\";v=\"24\"'
    'HTTP_SEC_CH_UA_MOBILE' => '?0'
    'HTTP_SEC_CH_UA_PLATFORM' => '\"Windows\"'
    'HTTP_UPGRADE_INSECURE_REQUESTS' => '1'
    'HTTP_USER_AGENT' => 'Mozilla/5.0 (Windows NT 10.0; Win64; x64) AppleWebKit/537.36 (KHTML, like Gecko) Chrome/143.0.0.0 Safari/537.36'
    'HTTP_ACCEPT' => 'text/html,application/xhtml+xml,application/xml;q=0.9,image/avif,image/webp,image/apng,*/*;q=0.8,application/signed-exchange;v=b3;q=0.7'
    'HTTP_SEC_FETCH_SITE' => 'same-origin'
    'HTTP_SEC_FETCH_MODE' => 'navigate'
    'HTTP_SEC_FETCH_USER' => '?1'
    'HTTP_SEC_FETCH_DEST' => 'document'
    'HTTP_REFERER' => 'http://localhost/tripplan-web/tripplan/frontend/web/estadia/index'
    'HTTP_ACCEPT_ENCODING' => 'gzip, deflate, br, zstd'
    'HTTP_ACCEPT_LANGUAGE' => 'pt-PT,pt;q=0.9,en-US;q=0.8,en;q=0.7'
    'HTTP_COOKIE' => 'Phpstorm-103aa988=bf38dfb5-04b5-4849-a933-fbc4e7b3e27f; _identity-backend=0056de632f8441a62c024e0c9bb0151a886f02adf425d5dba02a7dc6230a64f2a%3A2%3A%7Bi%3A0%3Bs%3A17%3A%22_identity-backend%22%3Bi%3A1%3Bs%3A46%3A%22%5B8%2C%22F8iSIrBPc2WeseOIPDgZsgsdkTU2Ufqt%22%2C2592000%5D%22%3B%7D; sidebar-collapse=false; _identity-frontend=01aebbe17af5cf269d57ad8fa9d7b0a3e66d6e5403c26ad0936cf8e478f1a3dca%3A2%3A%7Bi%3A0%3Bs%3A18%3A%22_identity-frontend%22%3Bi%3A1%3Bs%3A46%3A%22%5B5%2C%22XtQljr3I7zzomKmcSywhu1fSRKmNTnWE%22%2C2592000%5D%22%3B%7D; advanced-frontend=o5lbi15b66g6q8him0ejmjvb77; _csrf-frontend=2baa5d6f1f5b5b7ed04f94dc3487fdfca6597a2edb41ad6d94fc2deac8eddf58a%3A2%3A%7Bi%3A0%3Bs%3A14%3A%22_csrf-frontend%22%3Bi%3A1%3Bs%3A32%3A%22Z0LZ5kyEoGcN18SfCHCRLULHehAGRwoG%22%3B%7D; _csrf-backend=319b23a394cc7b30b6e103301d35670f7f5759f821af35b7846e96429d15d963a%3A2%3A%7Bi%3A0%3Bs%3A13%3A%22_csrf-backend%22%3Bi%3A1%3Bs%3A32%3A%22A_wVpiWq6w5HO4U62J4kK4ZM-YpOk18q%22%3B%7D; advanced-backend=ahrugmq51e4vtudc82gvib1lkn'
    'PATH' => 'C:\\Program Files\\Common Files\\Oracle\\Java\\javapath;C:\\Program Files (x86)\\NVIDIA Corporation\\PhysX\\Common;C:\\WINDOWS\\system32;C:\\WINDOWS;C:\\WINDOWS\\System32\\Wbem;C:\\WINDOWS\\System32\\WindowsPowerShell\\v1.0\\;C:\\WINDOWS\\System32\\OpenSSH\\;C:\\msys64\\ucrt64\\bin;C:\\Program Files\\Microsoft SQL Server\\150\\Tools\\Binn\\;C:\\Program Files\\dotnet\\;C:\\Program Files\\Microsoft SQL Server\\Client SDK\\ODBC\\170\\Tools\\Binn\\;C:\\wamp64\\bin\\php\\php8.1.31;C:\\ProgramData\\ComposerSetup\\bin;C:\\Program Files\\Git\\cmd;C:\\WINDOWS\\system32\\config\\systemprofile\\AppData\\Local\\Microsoft\\WindowsApps'
    'SystemRoot' => 'C:\\WINDOWS'
    'COMSPEC' => 'C:\\WINDOWS\\system32\\cmd.exe'
    'PATHEXT' => '.COM;.EXE;.BAT;.CMD;.VBS;.VBE;.JS;.JSE;.WSF;.WSH;.MSC'
    'WINDIR' => 'C:\\WINDOWS'
    'SERVER_SIGNATURE' => '<address>Apache/2.4.62 (Win64) PHP/8.1.31 mod_fcgid/2.3.10-dev Server at localhost Port 80</address>
'
    'SERVER_SOFTWARE' => 'Apache/2.4.62 (Win64) PHP/8.1.31 mod_fcgid/2.3.10-dev'
    'SERVER_NAME' => 'localhost'
    'SERVER_ADDR' => '::1'
    'SERVER_PORT' => '80'
    'REMOTE_ADDR' => '::1'
    'DOCUMENT_ROOT' => 'C:/wamp64/www'
    'REQUEST_SCHEME' => 'http'
    'CONTEXT_PREFIX' => ''
    'CONTEXT_DOCUMENT_ROOT' => 'C:/wamp64/www'
    'SERVER_ADMIN' => 'wampserver@wampserver.invalid'
    'SCRIPT_FILENAME' => 'C:/wamp64/www/tripplan-web/tripplan/frontend/web/index.php'
    'REMOTE_PORT' => '64441'
    'REDIRECT_URL' => '/tripplan-web/tripplan/frontend/web/estadia/create'
    'GATEWAY_INTERFACE' => 'CGI/1.1'
    'SERVER_PROTOCOL' => 'HTTP/1.1'
    'REQUEST_METHOD' => 'GET'
    'QUERY_STRING' => ''
    'REQUEST_URI' => '/tripplan-web/tripplan/frontend/web/estadia/create'
    'SCRIPT_NAME' => '/tripplan-web/tripplan/frontend/web/index.php'
    'PHP_SELF' => '/tripplan-web/tripplan/frontend/web/index.php'
    'REQUEST_TIME_FLOAT' => 1767569352.0708
    'REQUEST_TIME' => 1767569352
]
2026-01-04 23:29:23 [::1][5][o5lbi15b66g6q8him0ejmjvb77][error][yii\web\HttpException:400] yii\web\BadRequestHttpException: Missing required parameters: destino_id in C:\wamp64\www\tripplan-web\tripplan\vendor\yiisoft\yii2\web\Controller.php:173
Stack trace:
#0 C:\wamp64\www\tripplan-web\tripplan\vendor\yiisoft\yii2\base\InlineAction.php(54): yii\web\Controller->bindActionParams(Object(yii\base\InlineAction), Array)
#1 C:\wamp64\www\tripplan-web\tripplan\vendor\yiisoft\yii2\base\Controller.php(184): yii\base\InlineAction->runWithParams(Array)
#2 C:\wamp64\www\tripplan-web\tripplan\vendor\yiisoft\yii2\base\Module.php(555): yii\base\Controller->runAction('create', Array)
#3 C:\wamp64\www\tripplan-web\tripplan\vendor\yiisoft\yii2\web\Application.php(103): yii\base\Module->runAction('estadia/create', Array)
#4 C:\wamp64\www\tripplan-web\tripplan\vendor\yiisoft\yii2\base\Application.php(387): yii\web\Application->handleRequest(Object(yii\web\Request))
#5 C:\wamp64\www\tripplan-web\tripplan\frontend\web\index.php(18): yii\base\Application->run()
#6 {main}
2026-01-04 23:29:23 [::1][5][o5lbi15b66g6q8him0ejmjvb77][info][application] $_GET = []

$_POST = []

$_FILES = []

$_COOKIE = [
    'Phpstorm-103aa988' => 'bf38dfb5-04b5-4849-a933-fbc4e7b3e27f'
    '_identity-backend' => '0056de632f8441a62c024e0c9bb0151a886f02adf425d5dba02a7dc6230a64f2a:2:{i:0;s:17:\"_identity-backend\";i:1;s:46:\"[8,\"F8iSIrBPc2WeseOIPDgZsgsdkTU2Ufqt\",2592000]\";}'
    'sidebar-collapse' => 'false'
    '_identity-frontend' => '01aebbe17af5cf269d57ad8fa9d7b0a3e66d6e5403c26ad0936cf8e478f1a3dca:2:{i:0;s:18:\"_identity-frontend\";i:1;s:46:\"[5,\"XtQljr3I7zzomKmcSywhu1fSRKmNTnWE\",2592000]\";}'
    'advanced-frontend' => 'o5lbi15b66g6q8him0ejmjvb77'
    '_csrf-frontend' => '2baa5d6f1f5b5b7ed04f94dc3487fdfca6597a2edb41ad6d94fc2deac8eddf58a:2:{i:0;s:14:\"_csrf-frontend\";i:1;s:32:\"Z0LZ5kyEoGcN18SfCHCRLULHehAGRwoG\";}'
    '_csrf-backend' => '319b23a394cc7b30b6e103301d35670f7f5759f821af35b7846e96429d15d963a:2:{i:0;s:13:\"_csrf-backend\";i:1;s:32:\"A_wVpiWq6w5HO4U62J4kK4ZM-YpOk18q\";}'
    'advanced-backend' => 'ahrugmq51e4vtudc82gvib1lkn'
]

$_SESSION = [
    '__flash' => [
        'success' => -1
    ]
    '__id' => 5
    '__authKey' => 'XtQljr3I7zzomKmcSywhu1fSRKmNTnWE'
    'success' => 'Adicionado aos Favoritos'
]

$_SERVER = [
    'REDIRECT_STATUS' => '200'
    'HTTP_HOST' => 'localhost'
    'HTTP_CONNECTION' => 'keep-alive'
    'HTTP_SEC_CH_UA' => '\"Google Chrome\";v=\"143\", \"Chromium\";v=\"143\", \"Not A(Brand\";v=\"24\"'
    'HTTP_SEC_CH_UA_MOBILE' => '?0'
    'HTTP_SEC_CH_UA_PLATFORM' => '\"Windows\"'
    'HTTP_UPGRADE_INSECURE_REQUESTS' => '1'
    'HTTP_USER_AGENT' => 'Mozilla/5.0 (Windows NT 10.0; Win64; x64) AppleWebKit/537.36 (KHTML, like Gecko) Chrome/143.0.0.0 Safari/537.36'
    'HTTP_ACCEPT' => 'text/html,application/xhtml+xml,application/xml;q=0.9,image/avif,image/webp,image/apng,*/*;q=0.8,application/signed-exchange;v=b3;q=0.7'
    'HTTP_SEC_FETCH_SITE' => 'same-origin'
    'HTTP_SEC_FETCH_MODE' => 'navigate'
    'HTTP_SEC_FETCH_USER' => '?1'
    'HTTP_SEC_FETCH_DEST' => 'document'
    'HTTP_REFERER' => 'http://localhost/tripplan-web/tripplan/frontend/web/estadia/index'
    'HTTP_ACCEPT_ENCODING' => 'gzip, deflate, br, zstd'
    'HTTP_ACCEPT_LANGUAGE' => 'pt-PT,pt;q=0.9,en-US;q=0.8,en;q=0.7'
    'HTTP_COOKIE' => 'Phpstorm-103aa988=bf38dfb5-04b5-4849-a933-fbc4e7b3e27f; _identity-backend=0056de632f8441a62c024e0c9bb0151a886f02adf425d5dba02a7dc6230a64f2a%3A2%3A%7Bi%3A0%3Bs%3A17%3A%22_identity-backend%22%3Bi%3A1%3Bs%3A46%3A%22%5B8%2C%22F8iSIrBPc2WeseOIPDgZsgsdkTU2Ufqt%22%2C2592000%5D%22%3B%7D; sidebar-collapse=false; _identity-frontend=01aebbe17af5cf269d57ad8fa9d7b0a3e66d6e5403c26ad0936cf8e478f1a3dca%3A2%3A%7Bi%3A0%3Bs%3A18%3A%22_identity-frontend%22%3Bi%3A1%3Bs%3A46%3A%22%5B5%2C%22XtQljr3I7zzomKmcSywhu1fSRKmNTnWE%22%2C2592000%5D%22%3B%7D; advanced-frontend=o5lbi15b66g6q8him0ejmjvb77; _csrf-frontend=2baa5d6f1f5b5b7ed04f94dc3487fdfca6597a2edb41ad6d94fc2deac8eddf58a%3A2%3A%7Bi%3A0%3Bs%3A14%3A%22_csrf-frontend%22%3Bi%3A1%3Bs%3A32%3A%22Z0LZ5kyEoGcN18SfCHCRLULHehAGRwoG%22%3B%7D; _csrf-backend=319b23a394cc7b30b6e103301d35670f7f5759f821af35b7846e96429d15d963a%3A2%3A%7Bi%3A0%3Bs%3A13%3A%22_csrf-backend%22%3Bi%3A1%3Bs%3A32%3A%22A_wVpiWq6w5HO4U62J4kK4ZM-YpOk18q%22%3B%7D; advanced-backend=ahrugmq51e4vtudc82gvib1lkn'
    'PATH' => 'C:\\Program Files\\Common Files\\Oracle\\Java\\javapath;C:\\Program Files (x86)\\NVIDIA Corporation\\PhysX\\Common;C:\\WINDOWS\\system32;C:\\WINDOWS;C:\\WINDOWS\\System32\\Wbem;C:\\WINDOWS\\System32\\WindowsPowerShell\\v1.0\\;C:\\WINDOWS\\System32\\OpenSSH\\;C:\\msys64\\ucrt64\\bin;C:\\Program Files\\Microsoft SQL Server\\150\\Tools\\Binn\\;C:\\Program Files\\dotnet\\;C:\\Program Files\\Microsoft SQL Server\\Client SDK\\ODBC\\170\\Tools\\Binn\\;C:\\wamp64\\bin\\php\\php8.1.31;C:\\ProgramData\\ComposerSetup\\bin;C:\\Program Files\\Git\\cmd;C:\\WINDOWS\\system32\\config\\systemprofile\\AppData\\Local\\Microsoft\\WindowsApps'
    'SystemRoot' => 'C:\\WINDOWS'
    'COMSPEC' => 'C:\\WINDOWS\\system32\\cmd.exe'
    'PATHEXT' => '.COM;.EXE;.BAT;.CMD;.VBS;.VBE;.JS;.JSE;.WSF;.WSH;.MSC'
    'WINDIR' => 'C:\\WINDOWS'
    'SERVER_SIGNATURE' => '<address>Apache/2.4.62 (Win64) PHP/8.1.31 mod_fcgid/2.3.10-dev Server at localhost Port 80</address>
'
    'SERVER_SOFTWARE' => 'Apache/2.4.62 (Win64) PHP/8.1.31 mod_fcgid/2.3.10-dev'
    'SERVER_NAME' => 'localhost'
    'SERVER_ADDR' => '::1'
    'SERVER_PORT' => '80'
    'REMOTE_ADDR' => '::1'
    'DOCUMENT_ROOT' => 'C:/wamp64/www'
    'REQUEST_SCHEME' => 'http'
    'CONTEXT_PREFIX' => ''
    'CONTEXT_DOCUMENT_ROOT' => 'C:/wamp64/www'
    'SERVER_ADMIN' => 'wampserver@wampserver.invalid'
    'SCRIPT_FILENAME' => 'C:/wamp64/www/tripplan-web/tripplan/frontend/web/index.php'
    'REMOTE_PORT' => '64455'
    'REDIRECT_URL' => '/tripplan-web/tripplan/frontend/web/estadia/create'
    'GATEWAY_INTERFACE' => 'CGI/1.1'
    'SERVER_PROTOCOL' => 'HTTP/1.1'
    'REQUEST_METHOD' => 'GET'
    'QUERY_STRING' => ''
    'REQUEST_URI' => '/tripplan-web/tripplan/frontend/web/estadia/create'
    'SCRIPT_NAME' => '/tripplan-web/tripplan/frontend/web/index.php'
    'PHP_SELF' => '/tripplan-web/tripplan/frontend/web/index.php'
    'REQUEST_TIME_FLOAT' => 1767569363.35
    'REQUEST_TIME' => 1767569363
]
2026-01-04 23:32:53 [::1][5][o5lbi15b66g6q8him0ejmjvb77][error][yii\web\HttpException:404] yii\web\NotFoundHttpException: Página não encontrada ou sem permissão. in C:\wamp64\www\tripplan-web\tripplan\frontend\controllers\PlanoViagemController.php:213
Stack trace:
#0 C:\wamp64\www\tripplan-web\tripplan\frontend\controllers\PlanoViagemController.php(78): frontend\controllers\PlanoViagemController->findModel('26')
#1 [internal function]: frontend\controllers\PlanoViagemController->actionView('26')
#2 C:\wamp64\www\tripplan-web\tripplan\vendor\yiisoft\yii2\base\InlineAction.php(60): call_user_func_array(Array, Array)
#3 C:\wamp64\www\tripplan-web\tripplan\vendor\yiisoft\yii2\base\Controller.php(184): yii\base\InlineAction->runWithParams(Array)
#4 C:\wamp64\www\tripplan-web\tripplan\vendor\yiisoft\yii2\base\Module.php(555): yii\base\Controller->runAction('view', Array)
#5 C:\wamp64\www\tripplan-web\tripplan\vendor\yiisoft\yii2\web\Application.php(103): yii\base\Module->runAction('plano-viagem/vi...', Array)
#6 C:\wamp64\www\tripplan-web\tripplan\vendor\yiisoft\yii2\base\Application.php(387): yii\web\Application->handleRequest(Object(yii\web\Request))
#7 C:\wamp64\www\tripplan-web\tripplan\frontend\web\index.php(18): yii\base\Application->run()
#8 {main}
2026-01-04 23:32:52 [::1][5][o5lbi15b66g6q8him0ejmjvb77][info][application] $_GET = [
    'id' => '26'
]

$_POST = []

$_FILES = []

$_COOKIE = [
    'Phpstorm-103aa988' => 'bf38dfb5-04b5-4849-a933-fbc4e7b3e27f'
    '_identity-backend' => '0056de632f8441a62c024e0c9bb0151a886f02adf425d5dba02a7dc6230a64f2a:2:{i:0;s:17:\"_identity-backend\";i:1;s:46:\"[8,\"F8iSIrBPc2WeseOIPDgZsgsdkTU2Ufqt\",2592000]\";}'
    'sidebar-collapse' => 'false'
    '_identity-frontend' => '01aebbe17af5cf269d57ad8fa9d7b0a3e66d6e5403c26ad0936cf8e478f1a3dca:2:{i:0;s:18:\"_identity-frontend\";i:1;s:46:\"[5,\"XtQljr3I7zzomKmcSywhu1fSRKmNTnWE\",2592000]\";}'
    'advanced-frontend' => 'o5lbi15b66g6q8him0ejmjvb77'
    '_csrf-frontend' => '2baa5d6f1f5b5b7ed04f94dc3487fdfca6597a2edb41ad6d94fc2deac8eddf58a:2:{i:0;s:14:\"_csrf-frontend\";i:1;s:32:\"Z0LZ5kyEoGcN18SfCHCRLULHehAGRwoG\";}'
    '_csrf-backend' => '319b23a394cc7b30b6e103301d35670f7f5759f821af35b7846e96429d15d963a:2:{i:0;s:13:\"_csrf-backend\";i:1;s:32:\"A_wVpiWq6w5HO4U62J4kK4ZM-YpOk18q\";}'
    'advanced-backend' => 'ahrugmq51e4vtudc82gvib1lkn'
]

$_SESSION = [
    '__flash' => [
        'success' => -1
    ]
    '__id' => 5
    '__authKey' => 'XtQljr3I7zzomKmcSywhu1fSRKmNTnWE'
    'success' => 'Adicionado aos Favoritos'
]

$_SERVER = [
    'REDIRECT_STATUS' => '200'
    'HTTP_HOST' => 'localhost'
    'HTTP_CONNECTION' => 'keep-alive'
    'HTTP_SEC_CH_UA' => '\"Google Chrome\";v=\"143\", \"Chromium\";v=\"143\", \"Not A(Brand\";v=\"24\"'
    'HTTP_SEC_CH_UA_MOBILE' => '?0'
    'HTTP_SEC_CH_UA_PLATFORM' => '\"Windows\"'
    'HTTP_UPGRADE_INSECURE_REQUESTS' => '1'
    'HTTP_USER_AGENT' => 'Mozilla/5.0 (Windows NT 10.0; Win64; x64) AppleWebKit/537.36 (KHTML, like Gecko) Chrome/143.0.0.0 Safari/537.36'
    'HTTP_ACCEPT' => 'text/html,application/xhtml+xml,application/xml;q=0.9,image/avif,image/webp,image/apng,*/*;q=0.8,application/signed-exchange;v=b3;q=0.7'
    'HTTP_SEC_FETCH_SITE' => 'same-origin'
    'HTTP_SEC_FETCH_MODE' => 'navigate'
    'HTTP_SEC_FETCH_USER' => '?1'
    'HTTP_SEC_FETCH_DEST' => 'document'
    'HTTP_REFERER' => 'http://localhost/tripplan-web/tripplan/frontend/web/destino/view?id=49'
    'HTTP_ACCEPT_ENCODING' => 'gzip, deflate, br, zstd'
    'HTTP_ACCEPT_LANGUAGE' => 'pt-PT,pt;q=0.9,en-US;q=0.8,en;q=0.7'
    'HTTP_COOKIE' => 'Phpstorm-103aa988=bf38dfb5-04b5-4849-a933-fbc4e7b3e27f; _identity-backend=0056de632f8441a62c024e0c9bb0151a886f02adf425d5dba02a7dc6230a64f2a%3A2%3A%7Bi%3A0%3Bs%3A17%3A%22_identity-backend%22%3Bi%3A1%3Bs%3A46%3A%22%5B8%2C%22F8iSIrBPc2WeseOIPDgZsgsdkTU2Ufqt%22%2C2592000%5D%22%3B%7D; sidebar-collapse=false; _identity-frontend=01aebbe17af5cf269d57ad8fa9d7b0a3e66d6e5403c26ad0936cf8e478f1a3dca%3A2%3A%7Bi%3A0%3Bs%3A18%3A%22_identity-frontend%22%3Bi%3A1%3Bs%3A46%3A%22%5B5%2C%22XtQljr3I7zzomKmcSywhu1fSRKmNTnWE%22%2C2592000%5D%22%3B%7D; advanced-frontend=o5lbi15b66g6q8him0ejmjvb77; _csrf-frontend=2baa5d6f1f5b5b7ed04f94dc3487fdfca6597a2edb41ad6d94fc2deac8eddf58a%3A2%3A%7Bi%3A0%3Bs%3A14%3A%22_csrf-frontend%22%3Bi%3A1%3Bs%3A32%3A%22Z0LZ5kyEoGcN18SfCHCRLULHehAGRwoG%22%3B%7D; _csrf-backend=319b23a394cc7b30b6e103301d35670f7f5759f821af35b7846e96429d15d963a%3A2%3A%7Bi%3A0%3Bs%3A13%3A%22_csrf-backend%22%3Bi%3A1%3Bs%3A32%3A%22A_wVpiWq6w5HO4U62J4kK4ZM-YpOk18q%22%3B%7D; advanced-backend=ahrugmq51e4vtudc82gvib1lkn'
    'PATH' => 'C:\\Program Files\\Common Files\\Oracle\\Java\\javapath;C:\\Program Files (x86)\\NVIDIA Corporation\\PhysX\\Common;C:\\WINDOWS\\system32;C:\\WINDOWS;C:\\WINDOWS\\System32\\Wbem;C:\\WINDOWS\\System32\\WindowsPowerShell\\v1.0\\;C:\\WINDOWS\\System32\\OpenSSH\\;C:\\msys64\\ucrt64\\bin;C:\\Program Files\\Microsoft SQL Server\\150\\Tools\\Binn\\;C:\\Program Files\\dotnet\\;C:\\Program Files\\Microsoft SQL Server\\Client SDK\\ODBC\\170\\Tools\\Binn\\;C:\\wamp64\\bin\\php\\php8.1.31;C:\\ProgramData\\ComposerSetup\\bin;C:\\Program Files\\Git\\cmd;C:\\WINDOWS\\system32\\config\\systemprofile\\AppData\\Local\\Microsoft\\WindowsApps'
    'SystemRoot' => 'C:\\WINDOWS'
    'COMSPEC' => 'C:\\WINDOWS\\system32\\cmd.exe'
    'PATHEXT' => '.COM;.EXE;.BAT;.CMD;.VBS;.VBE;.JS;.JSE;.WSF;.WSH;.MSC'
    'WINDIR' => 'C:\\WINDOWS'
    'SERVER_SIGNATURE' => '<address>Apache/2.4.62 (Win64) PHP/8.1.31 mod_fcgid/2.3.10-dev Server at localhost Port 80</address>
'
    'SERVER_SOFTWARE' => 'Apache/2.4.62 (Win64) PHP/8.1.31 mod_fcgid/2.3.10-dev'
    'SERVER_NAME' => 'localhost'
    'SERVER_ADDR' => '::1'
    'SERVER_PORT' => '80'
    'REMOTE_ADDR' => '::1'
    'DOCUMENT_ROOT' => 'C:/wamp64/www'
    'REQUEST_SCHEME' => 'http'
    'CONTEXT_PREFIX' => ''
    'CONTEXT_DOCUMENT_ROOT' => 'C:/wamp64/www'
    'SERVER_ADMIN' => 'wampserver@wampserver.invalid'
    'SCRIPT_FILENAME' => 'C:/wamp64/www/tripplan-web/tripplan/frontend/web/index.php'
    'REMOTE_PORT' => '64519'
    'REDIRECT_URL' => '/tripplan-web/tripplan/frontend/web/plano-viagem/view'
    'REDIRECT_QUERY_STRING' => 'id=26'
    'GATEWAY_INTERFACE' => 'CGI/1.1'
    'SERVER_PROTOCOL' => 'HTTP/1.1'
    'REQUEST_METHOD' => 'GET'
    'QUERY_STRING' => 'id=26'
    'REQUEST_URI' => '/tripplan-web/tripplan/frontend/web/plano-viagem/view?id=26'
    'SCRIPT_NAME' => '/tripplan-web/tripplan/frontend/web/index.php'
    'PHP_SELF' => '/tripplan-web/tripplan/frontend/web/index.php'
    'REQUEST_TIME_FLOAT' => 1767569572.8239
    'REQUEST_TIME' => 1767569572
]
2026-01-04 23:33:08 [::1][5][o5lbi15b66g6q8him0ejmjvb77][error][yii\base\UnknownPropertyException] yii\base\UnknownPropertyException: Getting unknown property: common\models\Atividade::plano_viagem_id in C:\wamp64\www\tripplan-web\tripplan\vendor\yiisoft\yii2\base\Component.php:154
Stack trace:
#0 C:\wamp64\www\tripplan-web\tripplan\vendor\yiisoft\yii2\db\BaseActiveRecord.php(296): yii\base\Component->__get('plano_viagem_id')
#1 C:\wamp64\www\tripplan-web\tripplan\frontend\views\atividade\_form.php(21): yii\db\BaseActiveRecord->__get('plano_viagem_id')
#2 C:\wamp64\www\tripplan-web\tripplan\vendor\yiisoft\yii2\base\View.php(348): require('C:\\wamp64\\www\\t...')
#3 C:\wamp64\www\tripplan-web\tripplan\vendor\yiisoft\yii2\base\View.php(258): yii\base\View->renderPhpFile('C:\\wamp64\\www\\t...', Array)
#4 C:\wamp64\www\tripplan-web\tripplan\vendor\yiisoft\yii2\base\View.php(157): yii\base\View->renderFile('C:\\wamp64\\www\\t...', Array, NULL)
#5 C:\wamp64\www\tripplan-web\tripplan\frontend\views\atividade\create.php(17): yii\base\View->render('_form', Array)
#6 C:\wamp64\www\tripplan-web\tripplan\vendor\yiisoft\yii2\base\View.php(348): require('C:\\wamp64\\www\\t...')
#7 C:\wamp64\www\tripplan-web\tripplan\vendor\yiisoft\yii2\base\View.php(258): yii\base\View->renderPhpFile('C:\\wamp64\\www\\t...', Array)
#8 C:\wamp64\www\tripplan-web\tripplan\vendor\yiisoft\yii2\base\View.php(157): yii\base\View->renderFile('C:\\wamp64\\www\\t...', Array, Object(frontend\controllers\AtividadeController))
#9 C:\wamp64\www\tripplan-web\tripplan\vendor\yiisoft\yii2\base\Controller.php(413): yii\base\View->render('create', Array, Object(frontend\controllers\AtividadeController))
#10 C:\wamp64\www\tripplan-web\tripplan\frontend\controllers\AtividadeController.php(88): yii\base\Controller->render('create', Array)
#11 [internal function]: frontend\controllers\AtividadeController->actionCreate(NULL)
#12 C:\wamp64\www\tripplan-web\tripplan\vendor\yiisoft\yii2\base\InlineAction.php(60): call_user_func_array(Array, Array)
#13 C:\wamp64\www\tripplan-web\tripplan\vendor\yiisoft\yii2\base\Controller.php(184): yii\base\InlineAction->runWithParams(Array)
#14 C:\wamp64\www\tripplan-web\tripplan\vendor\yiisoft\yii2\base\Module.php(555): yii\base\Controller->runAction('create', Array)
#15 C:\wamp64\www\tripplan-web\tripplan\vendor\yiisoft\yii2\web\Application.php(103): yii\base\Module->runAction('atividade/creat...', Array)
#16 C:\wamp64\www\tripplan-web\tripplan\vendor\yiisoft\yii2\base\Application.php(387): yii\web\Application->handleRequest(Object(yii\web\Request))
#17 C:\wamp64\www\tripplan-web\tripplan\frontend\web\index.php(18): yii\base\Application->run()
#18 {main}
2026-01-04 23:33:08 [::1][5][o5lbi15b66g6q8him0ejmjvb77][info][application] $_GET = []

$_POST = []

$_FILES = []

$_COOKIE = [
    'Phpstorm-103aa988' => 'bf38dfb5-04b5-4849-a933-fbc4e7b3e27f'
    '_identity-backend' => '0056de632f8441a62c024e0c9bb0151a886f02adf425d5dba02a7dc6230a64f2a:2:{i:0;s:17:\"_identity-backend\";i:1;s:46:\"[8,\"F8iSIrBPc2WeseOIPDgZsgsdkTU2Ufqt\",2592000]\";}'
    'sidebar-collapse' => 'false'
    '_identity-frontend' => '01aebbe17af5cf269d57ad8fa9d7b0a3e66d6e5403c26ad0936cf8e478f1a3dca:2:{i:0;s:18:\"_identity-frontend\";i:1;s:46:\"[5,\"XtQljr3I7zzomKmcSywhu1fSRKmNTnWE\",2592000]\";}'
    'advanced-frontend' => 'o5lbi15b66g6q8him0ejmjvb77'
    '_csrf-frontend' => '2baa5d6f1f5b5b7ed04f94dc3487fdfca6597a2edb41ad6d94fc2deac8eddf58a:2:{i:0;s:14:\"_csrf-frontend\";i:1;s:32:\"Z0LZ5kyEoGcN18SfCHCRLULHehAGRwoG\";}'
    '_csrf-backend' => '319b23a394cc7b30b6e103301d35670f7f5759f821af35b7846e96429d15d963a:2:{i:0;s:13:\"_csrf-backend\";i:1;s:32:\"A_wVpiWq6w5HO4U62J4kK4ZM-YpOk18q\";}'
    'advanced-backend' => 'ahrugmq51e4vtudc82gvib1lkn'
]

$_SESSION = [
    '__flash' => [
        'success' => -1
    ]
    '__id' => 5
    '__authKey' => 'XtQljr3I7zzomKmcSywhu1fSRKmNTnWE'
    'success' => 'Adicionado aos Favoritos'
]

$_SERVER = [
    'REDIRECT_STATUS' => '200'
    'HTTP_HOST' => 'localhost'
    'HTTP_CONNECTION' => 'keep-alive'
    'HTTP_SEC_CH_UA' => '\"Google Chrome\";v=\"143\", \"Chromium\";v=\"143\", \"Not A(Brand\";v=\"24\"'
    'HTTP_SEC_CH_UA_MOBILE' => '?0'
    'HTTP_SEC_CH_UA_PLATFORM' => '\"Windows\"'
    'HTTP_UPGRADE_INSECURE_REQUESTS' => '1'
    'HTTP_USER_AGENT' => 'Mozilla/5.0 (Windows NT 10.0; Win64; x64) AppleWebKit/537.36 (KHTML, like Gecko) Chrome/143.0.0.0 Safari/537.36'
    'HTTP_ACCEPT' => 'text/html,application/xhtml+xml,application/xml;q=0.9,image/avif,image/webp,image/apng,*/*;q=0.8,application/signed-exchange;v=b3;q=0.7'
    'HTTP_SEC_FETCH_SITE' => 'same-origin'
    'HTTP_SEC_FETCH_MODE' => 'navigate'
    'HTTP_SEC_FETCH_USER' => '?1'
    'HTTP_SEC_FETCH_DEST' => 'document'
    'HTTP_REFERER' => 'http://localhost/tripplan-web/tripplan/frontend/web/atividade/index'
    'HTTP_ACCEPT_ENCODING' => 'gzip, deflate, br, zstd'
    'HTTP_ACCEPT_LANGUAGE' => 'pt-PT,pt;q=0.9,en-US;q=0.8,en;q=0.7'
    'HTTP_COOKIE' => 'Phpstorm-103aa988=bf38dfb5-04b5-4849-a933-fbc4e7b3e27f; _identity-backend=0056de632f8441a62c024e0c9bb0151a886f02adf425d5dba02a7dc6230a64f2a%3A2%3A%7Bi%3A0%3Bs%3A17%3A%22_identity-backend%22%3Bi%3A1%3Bs%3A46%3A%22%5B8%2C%22F8iSIrBPc2WeseOIPDgZsgsdkTU2Ufqt%22%2C2592000%5D%22%3B%7D; sidebar-collapse=false; _identity-frontend=01aebbe17af5cf269d57ad8fa9d7b0a3e66d6e5403c26ad0936cf8e478f1a3dca%3A2%3A%7Bi%3A0%3Bs%3A18%3A%22_identity-frontend%22%3Bi%3A1%3Bs%3A46%3A%22%5B5%2C%22XtQljr3I7zzomKmcSywhu1fSRKmNTnWE%22%2C2592000%5D%22%3B%7D; advanced-frontend=o5lbi15b66g6q8him0ejmjvb77; _csrf-frontend=2baa5d6f1f5b5b7ed04f94dc3487fdfca6597a2edb41ad6d94fc2deac8eddf58a%3A2%3A%7Bi%3A0%3Bs%3A14%3A%22_csrf-frontend%22%3Bi%3A1%3Bs%3A32%3A%22Z0LZ5kyEoGcN18SfCHCRLULHehAGRwoG%22%3B%7D; _csrf-backend=319b23a394cc7b30b6e103301d35670f7f5759f821af35b7846e96429d15d963a%3A2%3A%7Bi%3A0%3Bs%3A13%3A%22_csrf-backend%22%3Bi%3A1%3Bs%3A32%3A%22A_wVpiWq6w5HO4U62J4kK4ZM-YpOk18q%22%3B%7D; advanced-backend=ahrugmq51e4vtudc82gvib1lkn'
    'PATH' => 'C:\\Program Files\\Common Files\\Oracle\\Java\\javapath;C:\\Program Files (x86)\\NVIDIA Corporation\\PhysX\\Common;C:\\WINDOWS\\system32;C:\\WINDOWS;C:\\WINDOWS\\System32\\Wbem;C:\\WINDOWS\\System32\\WindowsPowerShell\\v1.0\\;C:\\WINDOWS\\System32\\OpenSSH\\;C:\\msys64\\ucrt64\\bin;C:\\Program Files\\Microsoft SQL Server\\150\\Tools\\Binn\\;C:\\Program Files\\dotnet\\;C:\\Program Files\\Microsoft SQL Server\\Client SDK\\ODBC\\170\\Tools\\Binn\\;C:\\wamp64\\bin\\php\\php8.1.31;C:\\ProgramData\\ComposerSetup\\bin;C:\\Program Files\\Git\\cmd;C:\\WINDOWS\\system32\\config\\systemprofile\\AppData\\Local\\Microsoft\\WindowsApps'
    'SystemRoot' => 'C:\\WINDOWS'
    'COMSPEC' => 'C:\\WINDOWS\\system32\\cmd.exe'
    'PATHEXT' => '.COM;.EXE;.BAT;.CMD;.VBS;.VBE;.JS;.JSE;.WSF;.WSH;.MSC'
    'WINDIR' => 'C:\\WINDOWS'
    'SERVER_SIGNATURE' => '<address>Apache/2.4.62 (Win64) PHP/8.1.31 mod_fcgid/2.3.10-dev Server at localhost Port 80</address>
'
    'SERVER_SOFTWARE' => 'Apache/2.4.62 (Win64) PHP/8.1.31 mod_fcgid/2.3.10-dev'
    'SERVER_NAME' => 'localhost'
    'SERVER_ADDR' => '::1'
    'SERVER_PORT' => '80'
    'REMOTE_ADDR' => '::1'
    'DOCUMENT_ROOT' => 'C:/wamp64/www'
    'REQUEST_SCHEME' => 'http'
    'CONTEXT_PREFIX' => ''
    'CONTEXT_DOCUMENT_ROOT' => 'C:/wamp64/www'
    'SERVER_ADMIN' => 'wampserver@wampserver.invalid'
    'SCRIPT_FILENAME' => 'C:/wamp64/www/tripplan-web/tripplan/frontend/web/index.php'
    'REMOTE_PORT' => '64545'
    'REDIRECT_URL' => '/tripplan-web/tripplan/frontend/web/atividade/create'
    'GATEWAY_INTERFACE' => 'CGI/1.1'
    'SERVER_PROTOCOL' => 'HTTP/1.1'
    'REQUEST_METHOD' => 'GET'
    'QUERY_STRING' => ''
    'REQUEST_URI' => '/tripplan-web/tripplan/frontend/web/atividade/create'
    'SCRIPT_NAME' => '/tripplan-web/tripplan/frontend/web/index.php'
    'PHP_SELF' => '/tripplan-web/tripplan/frontend/web/index.php'
    'REQUEST_TIME_FLOAT' => 1767569588.1649
    'REQUEST_TIME' => 1767569588
]
2026-01-04 23:34:51 [::1][5][o5lbi15b66g6q8him0ejmjvb77][error][yii\web\HttpException:400] yii\web\BadRequestHttpException: Missing required parameters: plano_viagem_id in C:\wamp64\www\tripplan-web\tripplan\vendor\yiisoft\yii2\web\Controller.php:173
Stack trace:
#0 C:\wamp64\www\tripplan-web\tripplan\vendor\yiisoft\yii2\base\InlineAction.php(54): yii\web\Controller->bindActionParams(Object(yii\base\InlineAction), Array)
#1 C:\wamp64\www\tripplan-web\tripplan\vendor\yiisoft\yii2\base\Controller.php(184): yii\base\InlineAction->runWithParams(Array)
#2 C:\wamp64\www\tripplan-web\tripplan\vendor\yiisoft\yii2\base\Module.php(555): yii\base\Controller->runAction('create', Array)
#3 C:\wamp64\www\tripplan-web\tripplan\vendor\yiisoft\yii2\web\Application.php(103): yii\base\Module->runAction('transporte/crea...', Array)
#4 C:\wamp64\www\tripplan-web\tripplan\vendor\yiisoft\yii2\base\Application.php(387): yii\web\Application->handleRequest(Object(yii\web\Request))
#5 C:\wamp64\www\tripplan-web\tripplan\frontend\web\index.php(18): yii\base\Application->run()
#6 {main}
2026-01-04 23:34:51 [::1][5][o5lbi15b66g6q8him0ejmjvb77][info][application] $_GET = []

$_POST = []

$_FILES = []

$_COOKIE = [
    'Phpstorm-103aa988' => 'bf38dfb5-04b5-4849-a933-fbc4e7b3e27f'
    '_identity-backend' => '0056de632f8441a62c024e0c9bb0151a886f02adf425d5dba02a7dc6230a64f2a:2:{i:0;s:17:\"_identity-backend\";i:1;s:46:\"[8,\"F8iSIrBPc2WeseOIPDgZsgsdkTU2Ufqt\",2592000]\";}'
    'sidebar-collapse' => 'false'
    '_identity-frontend' => '01aebbe17af5cf269d57ad8fa9d7b0a3e66d6e5403c26ad0936cf8e478f1a3dca:2:{i:0;s:18:\"_identity-frontend\";i:1;s:46:\"[5,\"XtQljr3I7zzomKmcSywhu1fSRKmNTnWE\",2592000]\";}'
    'advanced-frontend' => 'o5lbi15b66g6q8him0ejmjvb77'
    '_csrf-frontend' => '2baa5d6f1f5b5b7ed04f94dc3487fdfca6597a2edb41ad6d94fc2deac8eddf58a:2:{i:0;s:14:\"_csrf-frontend\";i:1;s:32:\"Z0LZ5kyEoGcN18SfCHCRLULHehAGRwoG\";}'
    '_csrf-backend' => '319b23a394cc7b30b6e103301d35670f7f5759f821af35b7846e96429d15d963a:2:{i:0;s:13:\"_csrf-backend\";i:1;s:32:\"A_wVpiWq6w5HO4U62J4kK4ZM-YpOk18q\";}'
    'advanced-backend' => 'ahrugmq51e4vtudc82gvib1lkn'
]

$_SESSION = [
    '__flash' => [
        'success' => -1
    ]
    '__id' => 5
    '__authKey' => 'XtQljr3I7zzomKmcSywhu1fSRKmNTnWE'
    'success' => 'Adicionado aos Favoritos'
]

$_SERVER = [
    'REDIRECT_STATUS' => '200'
    'HTTP_HOST' => 'localhost'
    'HTTP_CONNECTION' => 'keep-alive'
    'HTTP_SEC_CH_UA' => '\"Google Chrome\";v=\"143\", \"Chromium\";v=\"143\", \"Not A(Brand\";v=\"24\"'
    'HTTP_SEC_CH_UA_MOBILE' => '?0'
    'HTTP_SEC_CH_UA_PLATFORM' => '\"Windows\"'
    'HTTP_UPGRADE_INSECURE_REQUESTS' => '1'
    'HTTP_USER_AGENT' => 'Mozilla/5.0 (Windows NT 10.0; Win64; x64) AppleWebKit/537.36 (KHTML, like Gecko) Chrome/143.0.0.0 Safari/537.36'
    'HTTP_ACCEPT' => 'text/html,application/xhtml+xml,application/xml;q=0.9,image/avif,image/webp,image/apng,*/*;q=0.8,application/signed-exchange;v=b3;q=0.7'
    'HTTP_SEC_FETCH_SITE' => 'same-origin'
    'HTTP_SEC_FETCH_MODE' => 'navigate'
    'HTTP_SEC_FETCH_USER' => '?1'
    'HTTP_SEC_FETCH_DEST' => 'document'
    'HTTP_REFERER' => 'http://localhost/tripplan-web/tripplan/frontend/web/transporte/index'
    'HTTP_ACCEPT_ENCODING' => 'gzip, deflate, br, zstd'
    'HTTP_ACCEPT_LANGUAGE' => 'pt-PT,pt;q=0.9,en-US;q=0.8,en;q=0.7'
    'HTTP_COOKIE' => 'Phpstorm-103aa988=bf38dfb5-04b5-4849-a933-fbc4e7b3e27f; _identity-backend=0056de632f8441a62c024e0c9bb0151a886f02adf425d5dba02a7dc6230a64f2a%3A2%3A%7Bi%3A0%3Bs%3A17%3A%22_identity-backend%22%3Bi%3A1%3Bs%3A46%3A%22%5B8%2C%22F8iSIrBPc2WeseOIPDgZsgsdkTU2Ufqt%22%2C2592000%5D%22%3B%7D; sidebar-collapse=false; _identity-frontend=01aebbe17af5cf269d57ad8fa9d7b0a3e66d6e5403c26ad0936cf8e478f1a3dca%3A2%3A%7Bi%3A0%3Bs%3A18%3A%22_identity-frontend%22%3Bi%3A1%3Bs%3A46%3A%22%5B5%2C%22XtQljr3I7zzomKmcSywhu1fSRKmNTnWE%22%2C2592000%5D%22%3B%7D; advanced-frontend=o5lbi15b66g6q8him0ejmjvb77; _csrf-frontend=2baa5d6f1f5b5b7ed04f94dc3487fdfca6597a2edb41ad6d94fc2deac8eddf58a%3A2%3A%7Bi%3A0%3Bs%3A14%3A%22_csrf-frontend%22%3Bi%3A1%3Bs%3A32%3A%22Z0LZ5kyEoGcN18SfCHCRLULHehAGRwoG%22%3B%7D; _csrf-backend=319b23a394cc7b30b6e103301d35670f7f5759f821af35b7846e96429d15d963a%3A2%3A%7Bi%3A0%3Bs%3A13%3A%22_csrf-backend%22%3Bi%3A1%3Bs%3A32%3A%22A_wVpiWq6w5HO4U62J4kK4ZM-YpOk18q%22%3B%7D; advanced-backend=ahrugmq51e4vtudc82gvib1lkn'
    'PATH' => 'C:\\Program Files\\Common Files\\Oracle\\Java\\javapath;C:\\Program Files (x86)\\NVIDIA Corporation\\PhysX\\Common;C:\\WINDOWS\\system32;C:\\WINDOWS;C:\\WINDOWS\\System32\\Wbem;C:\\WINDOWS\\System32\\WindowsPowerShell\\v1.0\\;C:\\WINDOWS\\System32\\OpenSSH\\;C:\\msys64\\ucrt64\\bin;C:\\Program Files\\Microsoft SQL Server\\150\\Tools\\Binn\\;C:\\Program Files\\dotnet\\;C:\\Program Files\\Microsoft SQL Server\\Client SDK\\ODBC\\170\\Tools\\Binn\\;C:\\wamp64\\bin\\php\\php8.1.31;C:\\ProgramData\\ComposerSetup\\bin;C:\\Program Files\\Git\\cmd;C:\\WINDOWS\\system32\\config\\systemprofile\\AppData\\Local\\Microsoft\\WindowsApps'
    'SystemRoot' => 'C:\\WINDOWS'
    'COMSPEC' => 'C:\\WINDOWS\\system32\\cmd.exe'
    'PATHEXT' => '.COM;.EXE;.BAT;.CMD;.VBS;.VBE;.JS;.JSE;.WSF;.WSH;.MSC'
    'WINDIR' => 'C:\\WINDOWS'
    'SERVER_SIGNATURE' => '<address>Apache/2.4.62 (Win64) PHP/8.1.31 mod_fcgid/2.3.10-dev Server at localhost Port 80</address>
'
    'SERVER_SOFTWARE' => 'Apache/2.4.62 (Win64) PHP/8.1.31 mod_fcgid/2.3.10-dev'
    'SERVER_NAME' => 'localhost'
    'SERVER_ADDR' => '::1'
    'SERVER_PORT' => '80'
    'REMOTE_ADDR' => '::1'
    'DOCUMENT_ROOT' => 'C:/wamp64/www'
    'REQUEST_SCHEME' => 'http'
    'CONTEXT_PREFIX' => ''
    'CONTEXT_DOCUMENT_ROOT' => 'C:/wamp64/www'
    'SERVER_ADMIN' => 'wampserver@wampserver.invalid'
    'SCRIPT_FILENAME' => 'C:/wamp64/www/tripplan-web/tripplan/frontend/web/index.php'
    'REMOTE_PORT' => '64598'
    'REDIRECT_URL' => '/tripplan-web/tripplan/frontend/web/transporte/create'
    'GATEWAY_INTERFACE' => 'CGI/1.1'
    'SERVER_PROTOCOL' => 'HTTP/1.1'
    'REQUEST_METHOD' => 'GET'
    'QUERY_STRING' => ''
    'REQUEST_URI' => '/tripplan-web/tripplan/frontend/web/transporte/create'
    'SCRIPT_NAME' => '/tripplan-web/tripplan/frontend/web/index.php'
    'PHP_SELF' => '/tripplan-web/tripplan/frontend/web/index.php'
    'REQUEST_TIME_FLOAT' => 1767569691.0976
    'REQUEST_TIME' => 1767569691
]
2026-01-04 23:37:53 [::1][5][o5lbi15b66g6q8him0ejmjvb77][error][yii\base\UnknownPropertyException] yii\base\UnknownPropertyException: Getting unknown property: common\models\Atividade::plano_viagem_id in C:\wamp64\www\tripplan-web\tripplan\vendor\yiisoft\yii2\base\Component.php:154
Stack trace:
#0 C:\wamp64\www\tripplan-web\tripplan\vendor\yiisoft\yii2\db\BaseActiveRecord.php(296): yii\base\Component->__get('plano_viagem_id')
#1 C:\wamp64\www\tripplan-web\tripplan\frontend\views\atividade\_form.php(21): yii\db\BaseActiveRecord->__get('plano_viagem_id')
#2 C:\wamp64\www\tripplan-web\tripplan\vendor\yiisoft\yii2\base\View.php(348): require('C:\\wamp64\\www\\t...')
#3 C:\wamp64\www\tripplan-web\tripplan\vendor\yiisoft\yii2\base\View.php(258): yii\base\View->renderPhpFile('C:\\wamp64\\www\\t...', Array)
#4 C:\wamp64\www\tripplan-web\tripplan\vendor\yiisoft\yii2\base\View.php(157): yii\base\View->renderFile('C:\\wamp64\\www\\t...', Array, NULL)
#5 C:\wamp64\www\tripplan-web\tripplan\frontend\views\atividade\create.php(17): yii\base\View->render('_form', Array)
#6 C:\wamp64\www\tripplan-web\tripplan\vendor\yiisoft\yii2\base\View.php(348): require('C:\\wamp64\\www\\t...')
#7 C:\wamp64\www\tripplan-web\tripplan\vendor\yiisoft\yii2\base\View.php(258): yii\base\View->renderPhpFile('C:\\wamp64\\www\\t...', Array)
#8 C:\wamp64\www\tripplan-web\tripplan\vendor\yiisoft\yii2\base\View.php(157): yii\base\View->renderFile('C:\\wamp64\\www\\t...', Array, Object(frontend\controllers\AtividadeController))
#9 C:\wamp64\www\tripplan-web\tripplan\vendor\yiisoft\yii2\base\Controller.php(413): yii\base\View->render('create', Array, Object(frontend\controllers\AtividadeController))
#10 C:\wamp64\www\tripplan-web\tripplan\frontend\controllers\AtividadeController.php(88): yii\base\Controller->render('create', Array)
#11 [internal function]: frontend\controllers\AtividadeController->actionCreate(NULL)
#12 C:\wamp64\www\tripplan-web\tripplan\vendor\yiisoft\yii2\base\InlineAction.php(60): call_user_func_array(Array, Array)
#13 C:\wamp64\www\tripplan-web\tripplan\vendor\yiisoft\yii2\base\Controller.php(184): yii\base\InlineAction->runWithParams(Array)
#14 C:\wamp64\www\tripplan-web\tripplan\vendor\yiisoft\yii2\base\Module.php(555): yii\base\Controller->runAction('create', Array)
#15 C:\wamp64\www\tripplan-web\tripplan\vendor\yiisoft\yii2\web\Application.php(103): yii\base\Module->runAction('atividade/creat...', Array)
#16 C:\wamp64\www\tripplan-web\tripplan\vendor\yiisoft\yii2\base\Application.php(387): yii\web\Application->handleRequest(Object(yii\web\Request))
#17 C:\wamp64\www\tripplan-web\tripplan\frontend\web\index.php(18): yii\base\Application->run()
#18 {main}
2026-01-04 23:37:53 [::1][5][o5lbi15b66g6q8him0ejmjvb77][info][application] $_GET = [
    'destino_id' => '48'
]

$_POST = []

$_FILES = []

$_COOKIE = [
    'Phpstorm-103aa988' => 'bf38dfb5-04b5-4849-a933-fbc4e7b3e27f'
    '_identity-backend' => '0056de632f8441a62c024e0c9bb0151a886f02adf425d5dba02a7dc6230a64f2a:2:{i:0;s:17:\"_identity-backend\";i:1;s:46:\"[8,\"F8iSIrBPc2WeseOIPDgZsgsdkTU2Ufqt\",2592000]\";}'
    'sidebar-collapse' => 'false'
    '_identity-frontend' => '01aebbe17af5cf269d57ad8fa9d7b0a3e66d6e5403c26ad0936cf8e478f1a3dca:2:{i:0;s:18:\"_identity-frontend\";i:1;s:46:\"[5,\"XtQljr3I7zzomKmcSywhu1fSRKmNTnWE\",2592000]\";}'
    'advanced-frontend' => 'o5lbi15b66g6q8him0ejmjvb77'
    '_csrf-frontend' => '2baa5d6f1f5b5b7ed04f94dc3487fdfca6597a2edb41ad6d94fc2deac8eddf58a:2:{i:0;s:14:\"_csrf-frontend\";i:1;s:32:\"Z0LZ5kyEoGcN18SfCHCRLULHehAGRwoG\";}'
    '_csrf-backend' => '319b23a394cc7b30b6e103301d35670f7f5759f821af35b7846e96429d15d963a:2:{i:0;s:13:\"_csrf-backend\";i:1;s:32:\"A_wVpiWq6w5HO4U62J4kK4ZM-YpOk18q\";}'
    'advanced-backend' => 'ahrugmq51e4vtudc82gvib1lkn'
]

$_SESSION = [
    '__flash' => [
        'success' => -1
    ]
    '__id' => 5
    '__authKey' => 'XtQljr3I7zzomKmcSywhu1fSRKmNTnWE'
    'success' => 'Adicionado aos Favoritos'
]

$_SERVER = [
    'REDIRECT_STATUS' => '200'
    'HTTP_HOST' => 'localhost'
    'HTTP_CONNECTION' => 'keep-alive'
    'HTTP_SEC_CH_UA' => '\"Google Chrome\";v=\"143\", \"Chromium\";v=\"143\", \"Not A(Brand\";v=\"24\"'
    'HTTP_SEC_CH_UA_MOBILE' => '?0'
    'HTTP_SEC_CH_UA_PLATFORM' => '\"Windows\"'
    'HTTP_UPGRADE_INSECURE_REQUESTS' => '1'
    'HTTP_USER_AGENT' => 'Mozilla/5.0 (Windows NT 10.0; Win64; x64) AppleWebKit/537.36 (KHTML, like Gecko) Chrome/143.0.0.0 Safari/537.36'
    'HTTP_ACCEPT' => 'text/html,application/xhtml+xml,application/xml;q=0.9,image/avif,image/webp,image/apng,*/*;q=0.8,application/signed-exchange;v=b3;q=0.7'
    'HTTP_SEC_FETCH_SITE' => 'same-origin'
    'HTTP_SEC_FETCH_MODE' => 'navigate'
    'HTTP_SEC_FETCH_USER' => '?1'
    'HTTP_SEC_FETCH_DEST' => 'document'
    'HTTP_REFERER' => 'http://localhost/tripplan-web/tripplan/frontend/web/plano-viagem/view?id=16'
    'HTTP_ACCEPT_ENCODING' => 'gzip, deflate, br, zstd'
    'HTTP_ACCEPT_LANGUAGE' => 'pt-PT,pt;q=0.9,en-US;q=0.8,en;q=0.7'
    'HTTP_COOKIE' => 'Phpstorm-103aa988=bf38dfb5-04b5-4849-a933-fbc4e7b3e27f; _identity-backend=0056de632f8441a62c024e0c9bb0151a886f02adf425d5dba02a7dc6230a64f2a%3A2%3A%7Bi%3A0%3Bs%3A17%3A%22_identity-backend%22%3Bi%3A1%3Bs%3A46%3A%22%5B8%2C%22F8iSIrBPc2WeseOIPDgZsgsdkTU2Ufqt%22%2C2592000%5D%22%3B%7D; sidebar-collapse=false; _identity-frontend=01aebbe17af5cf269d57ad8fa9d7b0a3e66d6e5403c26ad0936cf8e478f1a3dca%3A2%3A%7Bi%3A0%3Bs%3A18%3A%22_identity-frontend%22%3Bi%3A1%3Bs%3A46%3A%22%5B5%2C%22XtQljr3I7zzomKmcSywhu1fSRKmNTnWE%22%2C2592000%5D%22%3B%7D; advanced-frontend=o5lbi15b66g6q8him0ejmjvb77; _csrf-frontend=2baa5d6f1f5b5b7ed04f94dc3487fdfca6597a2edb41ad6d94fc2deac8eddf58a%3A2%3A%7Bi%3A0%3Bs%3A14%3A%22_csrf-frontend%22%3Bi%3A1%3Bs%3A32%3A%22Z0LZ5kyEoGcN18SfCHCRLULHehAGRwoG%22%3B%7D; _csrf-backend=319b23a394cc7b30b6e103301d35670f7f5759f821af35b7846e96429d15d963a%3A2%3A%7Bi%3A0%3Bs%3A13%3A%22_csrf-backend%22%3Bi%3A1%3Bs%3A32%3A%22A_wVpiWq6w5HO4U62J4kK4ZM-YpOk18q%22%3B%7D; advanced-backend=ahrugmq51e4vtudc82gvib1lkn'
    'PATH' => 'C:\\Program Files\\Common Files\\Oracle\\Java\\javapath;C:\\Program Files (x86)\\NVIDIA Corporation\\PhysX\\Common;C:\\WINDOWS\\system32;C:\\WINDOWS;C:\\WINDOWS\\System32\\Wbem;C:\\WINDOWS\\System32\\WindowsPowerShell\\v1.0\\;C:\\WINDOWS\\System32\\OpenSSH\\;C:\\msys64\\ucrt64\\bin;C:\\Program Files\\Microsoft SQL Server\\150\\Tools\\Binn\\;C:\\Program Files\\dotnet\\;C:\\Program Files\\Microsoft SQL Server\\Client SDK\\ODBC\\170\\Tools\\Binn\\;C:\\wamp64\\bin\\php\\php8.1.31;C:\\ProgramData\\ComposerSetup\\bin;C:\\Program Files\\Git\\cmd;C:\\WINDOWS\\system32\\config\\systemprofile\\AppData\\Local\\Microsoft\\WindowsApps'
    'SystemRoot' => 'C:\\WINDOWS'
    'COMSPEC' => 'C:\\WINDOWS\\system32\\cmd.exe'
    'PATHEXT' => '.COM;.EXE;.BAT;.CMD;.VBS;.VBE;.JS;.JSE;.WSF;.WSH;.MSC'
    'WINDIR' => 'C:\\WINDOWS'
    'SERVER_SIGNATURE' => '<address>Apache/2.4.62 (Win64) PHP/8.1.31 mod_fcgid/2.3.10-dev Server at localhost Port 80</address>
'
    'SERVER_SOFTWARE' => 'Apache/2.4.62 (Win64) PHP/8.1.31 mod_fcgid/2.3.10-dev'
    'SERVER_NAME' => 'localhost'
    'SERVER_ADDR' => '::1'
    'SERVER_PORT' => '80'
    'REMOTE_ADDR' => '::1'
    'DOCUMENT_ROOT' => 'C:/wamp64/www'
    'REQUEST_SCHEME' => 'http'
    'CONTEXT_PREFIX' => ''
    'CONTEXT_DOCUMENT_ROOT' => 'C:/wamp64/www'
    'SERVER_ADMIN' => 'wampserver@wampserver.invalid'
    'SCRIPT_FILENAME' => 'C:/wamp64/www/tripplan-web/tripplan/frontend/web/index.php'
    'REMOTE_PORT' => '64698'
    'REDIRECT_URL' => '/tripplan-web/tripplan/frontend/web/atividade/create'
    'REDIRECT_QUERY_STRING' => 'destino_id=48'
    'GATEWAY_INTERFACE' => 'CGI/1.1'
    'SERVER_PROTOCOL' => 'HTTP/1.1'
    'REQUEST_METHOD' => 'GET'
    'QUERY_STRING' => 'destino_id=48'
    'REQUEST_URI' => '/tripplan-web/tripplan/frontend/web/atividade/create?destino_id=48'
    'SCRIPT_NAME' => '/tripplan-web/tripplan/frontend/web/index.php'
    'PHP_SELF' => '/tripplan-web/tripplan/frontend/web/index.php'
    'REQUEST_TIME_FLOAT' => 1767569873.6487
    'REQUEST_TIME' => 1767569873
]
